airport,date,bin,load
ATL,2025-07-01,20,1
ATL,2025-07-01,21,1
ATL,2025-07-01,22,1
ATL,2025-07-01,23,1
ATL,2025-07-01,24,9
ATL,2025-07-01,25,4
ATL,2025-07-01,26,4
ATL,2025-07-01,27,9
ATL,2025-07-01,28,12
ATL,2025-07-01,29,26
ATL,2025-07-01,30,26
ATL,2025-07-01,31,16
ATL,2025-07-01,32,39
ATL,2025-07-01,33,43
ATL,2025-07-01,34,42
ATL,2025-07-01,35,41
ATL,2025-07-01,36,34
ATL,2025-07-01,37,29
ATL,2025-07-01,38,36
ATL,2025-07-01,39,32
ATL,2025-07-01,40,33
ATL,2025-07-01,41,22
ATL,2025-07-01,42,22
ATL,2025-07-01,43,14
ATL,2025-07-01,44,43
ATL,2025-07-01,45,26
ATL,2025-07-01,46,20
ATL,2025-07-01,47,24
ATL,2025-07-01,48,13
ATL,2025-07-01,49,24
ATL,2025-07-01,50,30
ATL,2025-07-01,51,25
ATL,2025-07-01,52,24
ATL,2025-07-01,53,22
ATL,2025-07-01,54,21
ATL,2025-07-01,55,33
ATL,2025-07-01,56,30
ATL,2025-07-01,57,27
ATL,2025-07-01,58,27
ATL,2025-07-01,59,28
ATL,2025-07-01,60,22
ATL,2025-07-01,61,37
ATL,2025-07-01,62,34
ATL,2025-07-01,63,29
ATL,2025-07-01,64,24
ATL,2025-07-01,65,23
ATL,2025-07-01,66,20
ATL,2025-07-01,67,28
ATL,2025-07-01,68,22
ATL,2025-07-01,69,18
ATL,2025-07-01,70,20
ATL,2025-07-01,71,25
ATL,2025-07-01,72,23
ATL,2025-07-01,73,22
ATL,2025-07-01,74,22
ATL,2025-07-01,75,25
ATL,2025-07-01,76,21
ATL,2025-07-01,77,28
ATL,2025-07-01,78,31
ATL,2025-07-01,79,35
ATL,2025-07-01,80,13
ATL,2025-07-01,81,33
ATL,2025-07-01,82,28
ATL,2025-07-01,83,24
ATL,2025-07-01,84,15
ATL,2025-07-01,85,18
ATL,2025-07-01,86,26
ATL,2025-07-01,87,39
ATL,2025-07-01,88,6
ATL,2025-07-01,89,6
ATL,2025-07-01,90,13
ATL,2025-07-01,91,29
ATL,2025-07-01,92,19
ATL,2025-07-01,93,5
ATL,2025-07-01,94,3
ATL,2025-07-01,95,3
ATL,2025-07-02,1,4
ATL,2025-07-02,2,1
ATL,2025-07-02,3,1
ATL,2025-07-02,20,6
ATL,2025-07-02,21,3
ATL,2025-07-02,22,3
ATL,2025-07-02,23,3
ATL,2025-07-02,24,13
ATL,2025-07-02,25,8
ATL,2025-07-02,26,7
ATL,2025-07-02,27,11
ATL,2025-07-02,28,14
ATL,2025-07-02,29,26
ATL,2025-07-02,30,27
ATL,2025-07-02,31,17
ATL,2025-07-02,32,38
ATL,2025-07-02,33,40
ATL,2025-07-02,34,42
ATL,2025-07-02,35,41
ATL,2025-07-02,36,31
ATL,2025-07-02,37,27
ATL,2025-07-02,38,38
ATL,2025-07-02,39,31
ATL,2025-07-02,40,33
ATL,2025-07-02,41,22
ATL,2025-07-02,42,24
ATL,2025-07-02,43,13
ATL,2025-07-02,44,42
ATL,2025-07-02,45,25
ATL,2025-07-02,46,20
ATL,2025-07-02,47,24
ATL,2025-07-02,48,15
ATL,2025-07-02,49,23
ATL,2025-07-02,50,27
ATL,2025-07-02,51,25
ATL,2025-07-02,52,22
ATL,2025-07-02,53,20
ATL,2025-07-02,54,22
ATL,2025-07-02,55,31
ATL,2025-07-02,56,31
ATL,2025-07-02,57,27
ATL,2025-07-02,58,31
ATL,2025-07-02,59,30
ATL,2025-07-02,60,21
ATL,2025-07-02,61,40
ATL,2025-07-02,62,40
ATL,2025-07-02,63,32
ATL,2025-07-02,64,27
ATL,2025-07-02,65,22
ATL,2025-07-02,66,21
ATL,2025-07-02,67,36
ATL,2025-07-02,68,23
ATL,2025-07-02,69,21
ATL,2025-07-02,70,18
ATL,2025-07-02,71,28
ATL,2025-07-02,72,24
ATL,2025-07-02,73,25
ATL,2025-07-02,74,19
ATL,2025-07-02,75,26
ATL,2025-07-02,76,27
ATL,2025-07-02,77,31
ATL,2025-07-02,78,35
ATL,2025-07-02,79,38
ATL,2025-07-02,80,16
ATL,2025-07-02,81,33
ATL,2025-07-02,82,31
ATL,2025-07-02,83,26
ATL,2025-07-02,84,14
ATL,2025-07-02,85,19
ATL,2025-07-02,86,30
ATL,2025-07-02,87,44
ATL,2025-07-02,88,8
ATL,2025-07-02,89,6
ATL,2025-07-02,90,13
ATL,2025-07-02,91,28
ATL,2025-07-02,92,21
ATL,2025-07-02,93,7
ATL,2025-07-02,94,3
ATL,2025-07-02,95,5
ATL,2025-07-03,1,4
ATL,2025-07-03,2,1
ATL,2025-07-03,3,1
ATL,2025-07-03,20,7
ATL,2025-07-03,21,4
ATL,2025-07-03,22,4
ATL,2025-07-03,23,2
ATL,2025-07-03,24,15
ATL,2025-07-03,25,8
ATL,2025-07-03,26,6
ATL,2025-07-03,27,12
ATL,2025-07-03,28,16
ATL,2025-07-03,29,28
ATL,2025-07-03,30,25
ATL,2025-07-03,31,21
ATL,2025-07-03,32,40
ATL,2025-07-03,33,42
ATL,2025-07-03,34,46
ATL,2025-07-03,35,43
ATL,2025-07-03,36,35
ATL,2025-07-03,37,33
ATL,2025-07-03,38,40
ATL,2025-07-03,39,32
ATL,2025-07-03,40,36
ATL,2025-07-03,41,22
ATL,2025-07-03,42,22
ATL,2025-07-03,43,17
ATL,2025-07-03,44,36
ATL,2025-07-03,45,27
ATL,2025-07-03,46,22
ATL,2025-07-03,47,21
ATL,2025-07-03,48,14
ATL,2025-07-03,49,22
ATL,2025-07-03,50,27
ATL,2025-07-03,51,25
ATL,2025-07-03,52,24
ATL,2025-07-03,53,25
ATL,2025-07-03,54,22
ATL,2025-07-03,55,33
ATL,2025-07-03,56,30
ATL,2025-07-03,57,36
ATL,2025-07-03,58,30
ATL,2025-07-03,59,27
ATL,2025-07-03,60,18
ATL,2025-07-03,61,44
ATL,2025-07-03,62,41
ATL,2025-07-03,63,33
ATL,2025-07-03,64,27
ATL,2025-07-03,65,25
ATL,2025-07-03,66,23
ATL,2025-07-03,67,33
ATL,2025-07-03,68,21
ATL,2025-07-03,69,21
ATL,2025-07-03,70,21
ATL,2025-07-03,71,27
ATL,2025-07-03,72,28
ATL,2025-07-03,73,25
ATL,2025-07-03,74,24
ATL,2025-07-03,75,27
ATL,2025-07-03,76,22
ATL,2025-07-03,77,31
ATL,2025-07-03,78,36
ATL,2025-07-03,79,34
ATL,2025-07-03,80,18
ATL,2025-07-03,81,37
ATL,2025-07-03,82,33
ATL,2025-07-03,83,27
ATL,2025-07-03,84,18
ATL,2025-07-03,85,23
ATL,2025-07-03,86,32
ATL,2025-07-03,87,42
ATL,2025-07-03,88,9
ATL,2025-07-03,89,10
ATL,2025-07-03,90,13
ATL,2025-07-03,91,31
ATL,2025-07-03,92,17
ATL,2025-07-03,93,5
ATL,2025-07-03,94,6
ATL,2025-07-03,95,6
ATL,2025-07-04,1,4
ATL,2025-07-04,2,1
ATL,2025-07-04,3,1
ATL,2025-07-04,20,8
ATL,2025-07-04,21,4
ATL,2025-07-04,22,5
ATL,2025-07-04,23,2
ATL,2025-07-04,24,12
ATL,2025-07-04,25,6
ATL,2025-07-04,26,8
ATL,2025-07-04,27,9
ATL,2025-07-04,28,12
ATL,2025-07-04,29,28
ATL,2025-07-04,30,25
ATL,2025-07-04,31,16
ATL,2025-07-04,32,36
ATL,2025-07-04,33,37
ATL,2025-07-04,34,54
ATL,2025-07-04,35,43
ATL,2025-07-04,36,25
ATL,2025-07-04,37,28
ATL,2025-07-04,38,34
ATL,2025-07-04,39,20
ATL,2025-07-04,40,32
ATL,2025-07-04,41,20
ATL,2025-07-04,42,25
ATL,2025-07-04,43,12
ATL,2025-07-04,44,36
ATL,2025-07-04,45,23
ATL,2025-07-04,46,21
ATL,2025-07-04,47,19
ATL,2025-07-04,48,15
ATL,2025-07-04,49,21
ATL,2025-07-04,50,26
ATL,2025-07-04,51,24
ATL,2025-07-04,52,24
ATL,2025-07-04,53,20
ATL,2025-07-04,54,21
ATL,2025-07-04,55,29
ATL,2025-07-04,56,31
ATL,2025-07-04,57,27
ATL,2025-07-04,58,34
ATL,2025-07-04,59,23
ATL,2025-07-04,60,18
ATL,2025-07-04,61,44
ATL,2025-07-04,62,33
ATL,2025-07-04,63,31
ATL,2025-07-04,64,25
ATL,2025-07-04,65,21
ATL,2025-07-04,66,20
ATL,2025-07-04,67,29
ATL,2025-07-04,68,19
ATL,2025-07-04,69,13
ATL,2025-07-04,70,15
ATL,2025-07-04,71,17
ATL,2025-07-04,72,18
ATL,2025-07-04,73,19
ATL,2025-07-04,74,17
ATL,2025-07-04,75,18
ATL,2025-07-04,76,26
ATL,2025-07-04,77,34
ATL,2025-07-04,78,33
ATL,2025-07-04,79,32
ATL,2025-07-04,80,12
ATL,2025-07-04,81,23
ATL,2025-07-04,82,23
ATL,2025-07-04,83,9
ATL,2025-07-04,84,6
ATL,2025-07-04,85,19
ATL,2025-07-04,86,24
ATL,2025-07-04,87,24
ATL,2025-07-04,88,2
ATL,2025-07-04,89,11
ATL,2025-07-04,90,12
ATL,2025-07-04,91,21
ATL,2025-07-04,92,14
ATL,2025-07-04,93,6
ATL,2025-07-04,94,1
ATL,2025-07-04,95,1
ATL,2025-07-05,1,2
ATL,2025-07-05,2,1
ATL,2025-07-05,3,1
ATL,2025-07-05,20,7
ATL,2025-07-05,21,2
ATL,2025-07-05,22,2
ATL,2025-07-05,23,3
ATL,2025-07-05,24,10
ATL,2025-07-05,25,3
ATL,2025-07-05,26,6
ATL,2025-07-05,27,9
ATL,2025-07-05,28,13
ATL,2025-07-05,29,27
ATL,2025-07-05,30,21
ATL,2025-07-05,31,19
ATL,2025-07-05,32,32
ATL,2025-07-05,33,39
ATL,2025-07-05,34,43
ATL,2025-07-05,35,39
ATL,2025-07-05,36,29
ATL,2025-07-05,37,32
ATL,2025-07-05,38,29
ATL,2025-07-05,39,29
ATL,2025-07-05,40,38
ATL,2025-07-05,41,21
ATL,2025-07-05,42,20
ATL,2025-07-05,43,15
ATL,2025-07-05,44,42
ATL,2025-07-05,45,23
ATL,2025-07-05,46,17
ATL,2025-07-05,47,20
ATL,2025-07-05,48,12
ATL,2025-07-05,49,25
ATL,2025-07-05,50,20
ATL,2025-07-05,51,28
ATL,2025-07-05,52,24
ATL,2025-07-05,53,26
ATL,2025-07-05,54,22
ATL,2025-07-05,55,33
ATL,2025-07-05,56,32
ATL,2025-07-05,57,17
ATL,2025-07-05,58,26
ATL,2025-07-05,59,30
ATL,2025-07-05,60,19
ATL,2025-07-05,61,41
ATL,2025-07-05,62,28
ATL,2025-07-05,63,31
ATL,2025-07-05,64,27
ATL,2025-07-05,65,19
ATL,2025-07-05,66,22
ATL,2025-07-05,67,31
ATL,2025-07-05,68,22
ATL,2025-07-05,69,13
ATL,2025-07-05,70,18
ATL,2025-07-05,71,29
ATL,2025-07-05,72,24
ATL,2025-07-05,73,28
ATL,2025-07-05,74,29
ATL,2025-07-05,75,20
ATL,2025-07-05,76,23
ATL,2025-07-05,77,32
ATL,2025-07-05,78,33
ATL,2025-07-05,79,37
ATL,2025-07-05,80,18
ATL,2025-07-05,81,29
ATL,2025-07-05,82,27
ATL,2025-07-05,83,24
ATL,2025-07-05,84,15
ATL,2025-07-05,85,14
ATL,2025-07-05,86,33
ATL,2025-07-05,87,29
ATL,2025-07-05,88,12
ATL,2025-07-05,89,5
ATL,2025-07-05,90,14
ATL,2025-07-05,91,28
ATL,2025-07-05,92,21
ATL,2025-07-05,93,5
ATL,2025-07-05,94,3
ATL,2025-07-05,95,5
ATL,2025-07-06,0,1
ATL,2025-07-06,1,5
ATL,2025-07-06,2,1
ATL,2025-07-06,20,7
ATL,2025-07-06,21,3
ATL,2025-07-06,22,3
ATL,2025-07-06,23,3
ATL,2025-07-06,24,11
ATL,2025-07-06,25,9
ATL,2025-07-06,26,8
ATL,2025-07-06,27,11
ATL,2025-07-06,28,18
ATL,2025-07-06,29,38
ATL,2025-07-06,30,38
ATL,2025-07-06,31,21
ATL,2025-07-06,32,45
ATL,2025-07-06,33,44
ATL,2025-07-06,34,46
ATL,2025-07-06,35,46
ATL,2025-07-06,36,40
ATL,2025-07-06,37,32
ATL,2025-07-06,38,31
ATL,2025-07-06,39,35
ATL,2025-07-06,40,39
ATL,2025-07-06,41,22
ATL,2025-07-06,42,26
ATL,2025-07-06,43,14
ATL,2025-07-06,44,39
ATL,2025-07-06,45,27
ATL,2025-07-06,46,31
ATL,2025-07-06,47,25
ATL,2025-07-06,48,16
ATL,2025-07-06,49,27
ATL,2025-07-06,50,36
ATL,2025-07-06,51,31
ATL,2025-07-06,52,25
ATL,2025-07-06,53,24
ATL,2025-07-06,54,27
ATL,2025-07-06,55,38
ATL,2025-07-06,56,33
ATL,2025-07-06,57,29
ATL,2025-07-06,58,36
ATL,2025-07-06,59,34
ATL,2025-07-06,60,21
ATL,2025-07-06,61,42
ATL,2025-07-06,62,40
ATL,2025-07-06,63,37
ATL,2025-07-06,64,33
ATL,2025-07-06,65,27
ATL,2025-07-06,66,28
ATL,2025-07-06,67,40
ATL,2025-07-06,68,27
ATL,2025-07-06,69,32
ATL,2025-07-06,70,22
ATL,2025-07-06,71,28
ATL,2025-07-06,72,26
ATL,2025-07-06,73,25
ATL,2025-07-06,74,26
ATL,2025-07-06,75,30
ATL,2025-07-06,76,20
ATL,2025-07-06,77,33
ATL,2025-07-06,78,39
ATL,2025-07-06,79,41
ATL,2025-07-06,80,21
ATL,2025-07-06,81,43
ATL,2025-07-06,82,41
ATL,2025-07-06,83,37
ATL,2025-07-06,84,25
ATL,2025-07-06,85,27
ATL,2025-07-06,86,46
ATL,2025-07-06,87,72
ATL,2025-07-06,88,18
ATL,2025-07-06,89,10
ATL,2025-07-06,90,16
ATL,2025-07-06,91,38
ATL,2025-07-06,92,32
ATL,2025-07-06,93,9
ATL,2025-07-06,94,6
ATL,2025-07-06,95,10
ATL,2025-07-07,0,1
ATL,2025-07-07,1,4
ATL,2025-07-07,2,1
ATL,2025-07-07,3,1
ATL,2025-07-07,6,1
ATL,2025-07-07,17,1
ATL,2025-07-07,20,10
ATL,2025-07-07,21,4
ATL,2025-07-07,22,5
ATL,2025-07-07,23,4
ATL,2025-07-07,24,15
ATL,2025-07-07,25,15
ATL,2025-07-07,26,8
ATL,2025-07-07,27,9
ATL,2025-07-07,28,21
ATL,2025-07-07,29,34
ATL,2025-07-07,30,41
ATL,2025-07-07,31,22
ATL,2025-07-07,32,43
ATL,2025-07-07,33,43
ATL,2025-07-07,34,45
ATL,2025-07-07,35,52
ATL,2025-07-07,36,35
ATL,2025-07-07,37,34
ATL,2025-07-07,38,37
ATL,2025-07-07,39,32
ATL,2025-07-07,40,41
ATL,2025-07-07,41,25
ATL,2025-07-07,42,27
ATL,2025-07-07,43,19
ATL,2025-07-07,44,39
ATL,2025-07-07,45,28
ATL,2025-07-07,46,29
ATL,2025-07-07,47,24
ATL,2025-07-07,48,20
ATL,2025-07-07,49,24
ATL,2025-07-07,50,28
ATL,2025-07-07,51,41
ATL,2025-07-07,52,20
ATL,2025-07-07,53,26
ATL,2025-07-07,54,18
ATL,2025-07-07,55,40
ATL,2025-07-07,56,39
ATL,2025-07-07,57,29
ATL,2025-07-07,58,38
ATL,2025-07-07,59,30
ATL,2025-07-07,60,21
ATL,2025-07-07,61,43
ATL,2025-07-07,62,40
ATL,2025-07-07,63,38
ATL,2025-07-07,64,30
ATL,2025-07-07,65,27
ATL,2025-07-07,66,25
ATL,2025-07-07,67,41
ATL,2025-07-07,68,29
ATL,2025-07-07,69,36
ATL,2025-07-07,70,16
ATL,2025-07-07,71,29
ATL,2025-07-07,72,24
ATL,2025-07-07,73,28
ATL,2025-07-07,74,26
ATL,2025-07-07,75,32
ATL,2025-07-07,76,18
ATL,2025-07-07,77,28
ATL,2025-07-07,78,36
ATL,2025-07-07,79,40
ATL,2025-07-07,80,27
ATL,2025-07-07,81,36
ATL,2025-07-07,82,40
ATL,2025-07-07,83,46
ATL,2025-07-07,84,16
ATL,2025-07-07,85,36
ATL,2025-07-07,86,34
ATL,2025-07-07,87,77
ATL,2025-07-07,88,20
ATL,2025-07-07,89,10
ATL,2025-07-07,90,14
ATL,2025-07-07,91,35
ATL,2025-07-07,92,27
ATL,2025-07-07,93,13
ATL,2025-07-07,94,6
ATL,2025-07-07,95,10
ATL,2025-07-08,0,1
ATL,2025-07-08,1,3
ATL,2025-07-08,2,2
ATL,2025-07-08,3,1
ATL,2025-07-08,6,1
ATL,2025-07-08,18,1
ATL,2025-07-08,20,7
ATL,2025-07-08,21,4
ATL,2025-07-08,22,3
ATL,2025-07-08,23,5
ATL,2025-07-08,24,17
ATL,2025-07-08,25,14
ATL,2025-07-08,26,9
ATL,2025-07-08,27,9
ATL,2025-07-08,28,19
ATL,2025-07-08,29,35
ATL,2025-07-08,30,39
ATL,2025-07-08,31,21
ATL,2025-07-08,32,42
ATL,2025-07-08,33,43
ATL,2025-07-08,34,42
ATL,2025-07-08,35,49
ATL,2025-07-08,36,32
ATL,2025-07-08,37,33
ATL,2025-07-08,38,35
ATL,2025-07-08,39,30
ATL,2025-07-08,40,37
ATL,2025-07-08,41,23
ATL,2025-07-08,42,29
ATL,2025-07-08,43,16
ATL,2025-07-08,44,44
ATL,2025-07-08,45,29
ATL,2025-07-08,46,27
ATL,2025-07-08,47,28
ATL,2025-07-08,48,20
ATL,2025-07-08,49,23
ATL,2025-07-08,50,31
ATL,2025-07-08,51,42
ATL,2025-07-08,52,18
ATL,2025-07-08,53,23
ATL,2025-07-08,54,18
ATL,2025-07-08,55,39
ATL,2025-07-08,56,34
ATL,2025-07-08,57,25
ATL,2025-07-08,58,34
ATL,2025-07-08,59,31
ATL,2025-07-08,60,21
ATL,2025-07-08,61,42
ATL,2025-07-08,62,39
ATL,2025-07-08,63,37
ATL,2025-07-08,64,29
ATL,2025-07-08,65,27
ATL,2025-07-08,66,25
ATL,2025-07-08,67,37
ATL,2025-07-08,68,33
ATL,2025-07-08,69,31
ATL,2025-07-08,70,14
ATL,2025-07-08,71,26
ATL,2025-07-08,72,19
ATL,2025-07-08,73,26
ATL,2025-07-08,74,29
ATL,2025-07-08,75,27
ATL,2025-07-08,76,25
ATL,2025-07-08,77,27
ATL,2025-07-08,78,33
ATL,2025-07-08,79,33
ATL,2025-07-08,80,21
ATL,2025-07-08,81,33
ATL,2025-07-08,82,42
ATL,2025-07-08,83,33
ATL,2025-07-08,84,14
ATL,2025-07-08,85,25
ATL,2025-07-08,86,26
ATL,2025-07-08,87,44
ATL,2025-07-08,88,7
ATL,2025-07-08,89,7
ATL,2025-07-08,90,17
ATL,2025-07-08,91,30
ATL,2025-07-08,92,17
ATL,2025-07-08,93,6
ATL,2025-07-08,94,3
ATL,2025-07-08,95,4
ATL,2025-07-09,0,1
ATL,2025-07-09,1,3
ATL,2025-07-09,2,2
ATL,2025-07-09,3,1
ATL,2025-07-09,20,5
ATL,2025-07-09,21,3
ATL,2025-07-09,22,2
ATL,2025-07-09,23,3
ATL,2025-07-09,24,15
ATL,2025-07-09,25,12
ATL,2025-07-09,26,9
ATL,2025-07-09,27,9
ATL,2025-07-09,28,19
ATL,2025-07-09,29,33
ATL,2025-07-09,30,38
ATL,2025-07-09,31,19
ATL,2025-07-09,32,40
ATL,2025-07-09,33,42
ATL,2025-07-09,34,40
ATL,2025-07-09,35,47
ATL,2025-07-09,36,30
ATL,2025-07-09,37,32
ATL,2025-07-09,38,36
ATL,2025-07-09,39,30
ATL,2025-07-09,40,37
ATL,2025-07-09,41,21
ATL,2025-07-09,42,29
ATL,2025-07-09,43,16
ATL,2025-07-09,44,45
ATL,2025-07-09,45,29
ATL,2025-07-09,46,28
ATL,2025-07-09,47,27
ATL,2025-07-09,48,23
ATL,2025-07-09,49,23
ATL,2025-07-09,50,30
ATL,2025-07-09,51,40
ATL,2025-07-09,52,16
ATL,2025-07-09,53,23
ATL,2025-07-09,54,17
ATL,2025-07-09,55,39
ATL,2025-07-09,56,33
ATL,2025-07-09,57,24
ATL,2025-07-09,58,36
ATL,2025-07-09,59,31
ATL,2025-07-09,60,20
ATL,2025-07-09,61,40
ATL,2025-07-09,62,41
ATL,2025-07-09,63,34
ATL,2025-07-09,64,32
ATL,2025-07-09,65,27
ATL,2025-07-09,66,24
ATL,2025-07-09,67,38
ATL,2025-07-09,68,30
ATL,2025-07-09,69,30
ATL,2025-07-09,70,15
ATL,2025-07-09,71,28
ATL,2025-07-09,72,17
ATL,2025-07-09,73,25
ATL,2025-07-09,74,28
ATL,2025-07-09,75,27
ATL,2025-07-09,76,26
ATL,2025-07-09,77,27
ATL,2025-07-09,78,33
ATL,2025-07-09,79,33
ATL,2025-07-09,80,21
ATL,2025-07-09,81,36
ATL,2025-07-09,82,40
ATL,2025-07-09,83,34
ATL,2025-07-09,84,15
ATL,2025-07-09,85,26
ATL,2025-07-09,86,29
ATL,2025-07-09,87,42
ATL,2025-07-09,88,9
ATL,2025-07-09,89,5
ATL,2025-07-09,90,18
ATL,2025-07-09,91,31
ATL,2025-07-09,92,17
ATL,2025-07-09,93,8
ATL,2025-07-09,94,5
ATL,2025-07-09,95,6
ATL,2025-07-10,0,1
ATL,2025-07-10,2,2
ATL,2025-07-10,3,1
ATL,2025-07-10,20,6
ATL,2025-07-10,21,3
ATL,2025-07-10,22,2
ATL,2025-07-10,23,5
ATL,2025-07-10,24,15
ATL,2025-07-10,25,13
ATL,2025-07-10,26,8
ATL,2025-07-10,27,10
ATL,2025-07-10,28,18
ATL,2025-07-10,29,35
ATL,2025-07-10,30,39
ATL,2025-07-10,31,23
ATL,2025-07-10,32,42
ATL,2025-07-10,33,41
ATL,2025-07-10,34,45
ATL,2025-07-10,35,49
ATL,2025-07-10,36,31
ATL,2025-07-10,37,36
ATL,2025-07-10,38,37
ATL,2025-07-10,39,31
ATL,2025-07-10,40,42
ATL,2025-07-10,41,23
ATL,2025-07-10,42,27
ATL,2025-07-10,43,18
ATL,2025-07-10,44,41
ATL,2025-07-10,45,30
ATL,2025-07-10,46,29
ATL,2025-07-10,47,24
ATL,2025-07-10,48,21
ATL,2025-07-10,49,23
ATL,2025-07-10,50,28
ATL,2025-07-10,51,43
ATL,2025-07-10,52,18
ATL,2025-07-10,53,26
ATL,2025-07-10,54,19
ATL,2025-07-10,55,40
ATL,2025-07-10,56,37
ATL,2025-07-10,57,29
ATL,2025-07-10,58,34
ATL,2025-07-10,59,29
ATL,2025-07-10,60,17
ATL,2025-07-10,61,43
ATL,2025-07-10,62,42
ATL,2025-07-10,63,35
ATL,2025-07-10,64,31
ATL,2025-07-10,65,26
ATL,2025-07-10,66,27
ATL,2025-07-10,67,41
ATL,2025-07-10,68,28
ATL,2025-07-10,69,34
ATL,2025-07-10,70,19
ATL,2025-07-10,71,28
ATL,2025-07-10,72,26
ATL,2025-07-10,73,24
ATL,2025-07-10,74,26
ATL,2025-07-10,75,33
ATL,2025-07-10,76,19
ATL,2025-07-10,77,27
ATL,2025-07-10,78,36
ATL,2025-07-10,79,38
ATL,2025-07-10,80,30
ATL,2025-07-10,81,37
ATL,2025-07-10,82,39
ATL,2025-07-10,83,46
ATL,2025-07-10,84,22
ATL,2025-07-10,85,34
ATL,2025-07-10,86,35
ATL,2025-07-10,87,76
ATL,2025-07-10,88,20
ATL,2025-07-10,89,9
ATL,2025-07-10,90,15
ATL,2025-07-10,91,34
ATL,2025-07-10,92,27
ATL,2025-07-10,93,14
ATL,2025-07-10,94,6
ATL,2025-07-10,95,9
ATL,2025-07-11,0,1
ATL,2025-07-11,2,3
ATL,2025-07-11,3,1
ATL,2025-07-11,6,1
ATL,2025-07-11,18,1
ATL,2025-07-11,20,7
ATL,2025-07-11,21,4
ATL,2025-07-11,22,3
ATL,2025-07-11,23,6
ATL,2025-07-11,24,15
ATL,2025-07-11,25,13
ATL,2025-07-11,26,8
ATL,2025-07-11,27,10
ATL,2025-07-11,28,20
ATL,2025-07-11,29,35
ATL,2025-07-11,30,41
ATL,2025-07-11,31,22
ATL,2025-07-11,32,41
ATL,2025-07-11,33,40
ATL,2025-07-11,34,47
ATL,2025-07-11,35,49
ATL,2025-07-11,36,35
ATL,2025-07-11,37,31
ATL,2025-07-11,38,37
ATL,2025-07-11,39,30
ATL,2025-07-11,40,42
ATL,2025-07-11,41,23
ATL,2025-07-11,42,27
ATL,2025-07-11,43,17
ATL,2025-07-11,44,39
ATL,2025-07-11,45,30
ATL,2025-07-11,46,29
ATL,2025-07-11,47,24
ATL,2025-07-11,48,21
ATL,2025-07-11,49,25
ATL,2025-07-11,50,27
ATL,2025-07-11,51,43
ATL,2025-07-11,52,19
ATL,2025-07-11,53,25
ATL,2025-07-11,54,19
ATL,2025-07-11,55,40
ATL,2025-07-11,56,39
ATL,2025-07-11,57,28
ATL,2025-07-11,58,36
ATL,2025-07-11,59,29
ATL,2025-07-11,60,19
ATL,2025-07-11,61,43
ATL,2025-07-11,62,41
ATL,2025-07-11,63,34
ATL,2025-07-11,64,31
ATL,2025-07-11,65,27
ATL,2025-07-11,66,24
ATL,2025-07-11,67,41
ATL,2025-07-11,68,28
ATL,2025-07-11,69,33
ATL,2025-07-11,70,15
ATL,2025-07-11,71,28
ATL,2025-07-11,72,26
ATL,2025-07-11,73,25
ATL,2025-07-11,74,26
ATL,2025-07-11,75,31
ATL,2025-07-11,76,19
ATL,2025-07-11,77,26
ATL,2025-07-11,78,35
ATL,2025-07-11,79,35
ATL,2025-07-11,80,29
ATL,2025-07-11,81,33
ATL,2025-07-11,82,39
ATL,2025-07-11,83,46
ATL,2025-07-11,84,19
ATL,2025-07-11,85,35
ATL,2025-07-11,86,31
ATL,2025-07-11,87,74
ATL,2025-07-11,88,20
ATL,2025-07-11,89,7
ATL,2025-07-11,90,11
ATL,2025-07-11,91,31
ATL,2025-07-11,92,22
ATL,2025-07-11,93,12
ATL,2025-07-11,94,6
ATL,2025-07-11,95,10
ATL,2025-07-12,0,1
ATL,2025-07-12,2,3
ATL,2025-07-12,3,1
ATL,2025-07-12,6,1
ATL,2025-07-12,18,1
ATL,2025-07-12,20,8
ATL,2025-07-12,21,4
ATL,2025-07-12,22,3
ATL,2025-07-12,23,5
ATL,2025-07-12,24,14
ATL,2025-07-12,25,11
ATL,2025-07-12,26,8
ATL,2025-07-12,27,6
ATL,2025-07-12,28,14
ATL,2025-07-12,29,31
ATL,2025-07-12,30,22
ATL,2025-07-12,31,18
ATL,2025-07-12,32,36
ATL,2025-07-12,33,38
ATL,2025-07-12,34,33
ATL,2025-07-12,35,40
ATL,2025-07-12,36,27
ATL,2025-07-12,37,28
ATL,2025-07-12,38,26
ATL,2025-07-12,39,26
ATL,2025-07-12,40,48
ATL,2025-07-12,41,27
ATL,2025-07-12,42,20
ATL,2025-07-12,43,18
ATL,2025-07-12,44,36
ATL,2025-07-12,45,29
ATL,2025-07-12,46,23
ATL,2025-07-12,47,18
ATL,2025-07-12,48,17
ATL,2025-07-12,49,22
ATL,2025-07-12,50,21
ATL,2025-07-12,51,33
ATL,2025-07-12,52,23
ATL,2025-07-12,53,20
ATL,2025-07-12,54,15
ATL,2025-07-12,55,41
ATL,2025-07-12,56,28
ATL,2025-07-12,57,18
ATL,2025-07-12,58,35
ATL,2025-07-12,59,29
ATL,2025-07-12,60,15
ATL,2025-07-12,61,41
ATL,2025-07-12,62,26
ATL,2025-07-12,63,37
ATL,2025-07-12,64,28
ATL,2025-07-12,65,21
ATL,2025-07-12,66,21
ATL,2025-07-12,67,28
ATL,2025-07-12,68,20
ATL,2025-07-12,69,21
ATL,2025-07-12,70,13
ATL,2025-07-12,71,32
ATL,2025-07-12,72,23
ATL,2025-07-12,73,25
ATL,2025-07-12,74,30
ATL,2025-07-12,75,20
ATL,2025-07-12,76,23
ATL,2025-07-12,77,30
ATL,2025-07-12,78,29
ATL,2025-07-12,79,30
ATL,2025-07-12,80,19
ATL,2025-07-12,81,30
ATL,2025-07-12,82,27
ATL,2025-07-12,83,31
ATL,2025-07-12,84,13
ATL,2025-07-12,85,31
ATL,2025-07-12,86,24
ATL,2025-07-12,87,26
ATL,2025-07-12,88,10
ATL,2025-07-12,89,6
ATL,2025-07-12,90,18
ATL,2025-07-12,91,24
ATL,2025-07-12,92,17
ATL,2025-07-12,93,5
ATL,2025-07-12,94,2
ATL,2025-07-12,95,6
ATL,2025-07-13,1,1
ATL,2025-07-13,2,2
ATL,2025-07-13,20,5
ATL,2025-07-13,21,2
ATL,2025-07-13,22,1
ATL,2025-07-13,23,4
ATL,2025-07-13,24,10
ATL,2025-07-13,25,12
ATL,2025-07-13,26,8
ATL,2025-07-13,27,9
ATL,2025-07-13,28,17
ATL,2025-07-13,29,33
ATL,2025-07-13,30,39
ATL,2025-07-13,31,18
ATL,2025-07-13,32,45
ATL,2025-07-13,33,40
ATL,2025-07-13,34,39
ATL,2025-07-13,35,49
ATL,2025-07-13,36,33
ATL,2025-07-13,37,33
ATL,2025-07-13,38,33
ATL,2025-07-13,39,30
ATL,2025-07-13,40,41
ATL,2025-07-13,41,21
ATL,2025-07-13,42,27
ATL,2025-07-13,43,15
ATL,2025-07-13,44,38
ATL,2025-07-13,45,29
ATL,2025-07-13,46,30
ATL,2025-07-13,47,26
ATL,2025-07-13,48,19
ATL,2025-07-13,49,25
ATL,2025-07-13,50,30
ATL,2025-07-13,51,40
ATL,2025-07-13,52,20
ATL,2025-07-13,53,23
ATL,2025-07-13,54,21
ATL,2025-07-13,55,40
ATL,2025-07-13,56,37
ATL,2025-07-13,57,25
ATL,2025-07-13,58,36
ATL,2025-07-13,59,30
ATL,2025-07-13,60,16
ATL,2025-07-13,61,43
ATL,2025-07-13,62,40
ATL,2025-07-13,63,38
ATL,2025-07-13,64,31
ATL,2025-07-13,65,25
ATL,2025-07-13,66,26
ATL,2025-07-13,67,39
ATL,2025-07-13,68,30
ATL,2025-07-13,69,30
ATL,2025-07-13,70,18
ATL,2025-07-13,71,25
ATL,2025-07-13,72,27
ATL,2025-07-13,73,23
ATL,2025-07-13,74,25
ATL,2025-07-13,75,36
ATL,2025-07-13,76,20
ATL,2025-07-13,77,26
ATL,2025-07-13,78,37
ATL,2025-07-13,79,43
ATL,2025-07-13,80,29
ATL,2025-07-13,81,37
ATL,2025-07-13,82,41
ATL,2025-07-13,83,44
ATL,2025-07-13,84,20
ATL,2025-07-13,85,32
ATL,2025-07-13,86,35
ATL,2025-07-13,87,69
ATL,2025-07-13,88,19
ATL,2025-07-13,89,6
ATL,2025-07-13,90,15
ATL,2025-07-13,91,36
ATL,2025-07-13,92,25
ATL,2025-07-13,93,16
ATL,2025-07-13,94,4
ATL,2025-07-13,95,11
ATL,2025-07-14,0,1
ATL,2025-07-14,2,3
ATL,2025-07-14,3,1
ATL,2025-07-14,6,1
ATL,2025-07-14,18,1
ATL,2025-07-14,20,8
ATL,2025-07-14,21,4
ATL,2025-07-14,22,3
ATL,2025-07-14,23,6
ATL,2025-07-14,24,15
ATL,2025-07-14,25,13
ATL,2025-07-14,26,8
ATL,2025-07-14,27,9
ATL,2025-07-14,28,20
ATL,2025-07-14,29,33
ATL,2025-07-14,30,40
ATL,2025-07-14,31,21
ATL,2025-07-14,32,42
ATL,2025-07-14,33,41
ATL,2025-07-14,34,45
ATL,2025-07-14,35,48
ATL,2025-07-14,36,35
ATL,2025-07-14,37,33
ATL,2025-07-14,38,35
ATL,2025-07-14,39,31
ATL,2025-07-14,40,41
ATL,2025-07-14,41,23
ATL,2025-07-14,42,27
ATL,2025-07-14,43,18
ATL,2025-07-14,44,39
ATL,2025-07-14,45,30
ATL,2025-07-14,46,29
ATL,2025-07-14,47,24
ATL,2025-07-14,48,21
ATL,2025-07-14,49,24
ATL,2025-07-14,50,27
ATL,2025-07-14,51,42
ATL,2025-07-14,52,19
ATL,2025-07-14,53,26
ATL,2025-07-14,54,18
ATL,2025-07-14,55,40
ATL,2025-07-14,56,38
ATL,2025-07-14,57,29
ATL,2025-07-14,58,35
ATL,2025-07-14,59,29
ATL,2025-07-14,60,19
ATL,2025-07-14,61,39
ATL,2025-07-14,62,35
ATL,2025-07-14,63,36
ATL,2025-07-14,64,29
ATL,2025-07-14,65,26
ATL,2025-07-14,66,24
ATL,2025-07-14,67,41
ATL,2025-07-14,68,28
ATL,2025-07-14,69,33
ATL,2025-07-14,70,13
ATL,2025-07-14,71,27
ATL,2025-07-14,72,22
ATL,2025-07-14,73,27
ATL,2025-07-14,74,24
ATL,2025-07-14,75,30
ATL,2025-07-14,76,18
ATL,2025-07-14,77,24
ATL,2025-07-14,78,36
ATL,2025-07-14,79,38
ATL,2025-07-14,80,25
ATL,2025-07-14,81,34
ATL,2025-07-14,82,38
ATL,2025-07-14,83,42
ATL,2025-07-14,84,18
ATL,2025-07-14,85,33
ATL,2025-07-14,86,33
ATL,2025-07-14,87,71
ATL,2025-07-14,88,16
ATL,2025-07-14,89,8
ATL,2025-07-14,90,14
ATL,2025-07-14,91,31
ATL,2025-07-14,92,26
ATL,2025-07-14,93,13
ATL,2025-07-14,94,5
ATL,2025-07-14,95,11
ATL,2025-07-15,0,1
ATL,2025-07-15,2,2
ATL,2025-07-15,3,1
ATL,2025-07-15,6,1
ATL,2025-07-15,18,1
ATL,2025-07-15,20,7
ATL,2025-07-15,21,4
ATL,2025-07-15,22,3
ATL,2025-07-15,23,4
ATL,2025-07-15,24,13
ATL,2025-07-15,25,13
ATL,2025-07-15,26,9
ATL,2025-07-15,27,9
ATL,2025-07-15,28,17
ATL,2025-07-15,29,32
ATL,2025-07-15,30,36
ATL,2025-07-15,31,19
ATL,2025-07-15,32,42
ATL,2025-07-15,33,40
ATL,2025-07-15,34,41
ATL,2025-07-15,35,48
ATL,2025-07-15,36,29
ATL,2025-07-15,37,31
ATL,2025-07-15,38,34
ATL,2025-07-15,39,26
ATL,2025-07-15,40,36
ATL,2025-07-15,41,22
ATL,2025-07-15,42,29
ATL,2025-07-15,43,13
ATL,2025-07-15,44,46
ATL,2025-07-15,45,31
ATL,2025-07-15,46,27
ATL,2025-07-15,47,27
ATL,2025-07-15,48,20
ATL,2025-07-15,49,24
ATL,2025-07-15,50,30
ATL,2025-07-15,51,42
ATL,2025-07-15,52,17
ATL,2025-07-15,53,23
ATL,2025-07-15,54,17
ATL,2025-07-15,55,39
ATL,2025-07-15,56,32
ATL,2025-07-15,57,25
ATL,2025-07-15,58,33
ATL,2025-07-15,59,30
ATL,2025-07-15,60,20
ATL,2025-07-15,61,41
ATL,2025-07-15,62,40
ATL,2025-07-15,63,37
ATL,2025-07-15,64,30
ATL,2025-07-15,65,27
ATL,2025-07-15,66,25
ATL,2025-07-15,67,37
ATL,2025-07-15,68,32
ATL,2025-07-15,69,30
ATL,2025-07-15,70,14
ATL,2025-07-15,71,27
ATL,2025-07-15,72,19
ATL,2025-07-15,73,26
ATL,2025-07-15,74,29
ATL,2025-07-15,75,28
ATL,2025-07-15,76,26
ATL,2025-07-15,77,26
ATL,2025-07-15,78,33
ATL,2025-07-15,79,34
ATL,2025-07-15,80,23
ATL,2025-07-15,81,35
ATL,2025-07-15,82,40
ATL,2025-07-15,83,34
ATL,2025-07-15,84,17
ATL,2025-07-15,85,25
ATL,2025-07-15,86,28
ATL,2025-07-15,87,44
ATL,2025-07-15,88,10
ATL,2025-07-15,89,5
ATL,2025-07-15,90,18
ATL,2025-07-15,91,31
ATL,2025-07-15,92,17
ATL,2025-07-15,93,8
ATL,2025-07-15,94,4
ATL,2025-07-15,95,5
ATL,2025-07-16,0,1
ATL,2025-07-16,2,2
ATL,2025-07-16,3,1
ATL,2025-07-16,20,4
ATL,2025-07-16,21,3
ATL,2025-07-16,22,2
ATL,2025-07-16,23,4
ATL,2025-07-16,24,16
ATL,2025-07-16,25,12
ATL,2025-07-16,26,9
ATL,2025-07-16,27,9
ATL,2025-07-16,28,18
ATL,2025-07-16,29,33
ATL,2025-07-16,30,39
ATL,2025-07-16,31,20
ATL,2025-07-16,32,40
ATL,2025-07-16,33,42
ATL,2025-07-16,34,42
ATL,2025-07-16,35,48
ATL,2025-07-16,36,30
ATL,2025-07-16,37,32
ATL,2025-07-16,38,37
ATL,2025-07-16,39,30
ATL,2025-07-16,40,38
ATL,2025-07-16,41,22
ATL,2025-07-16,42,29
ATL,2025-07-16,43,16
ATL,2025-07-16,44,46
ATL,2025-07-16,45,30
ATL,2025-07-16,46,29
ATL,2025-07-16,47,26
ATL,2025-07-16,48,23
ATL,2025-07-16,49,23
ATL,2025-07-16,50,29
ATL,2025-07-16,51,41
ATL,2025-07-16,52,16
ATL,2025-07-16,53,23
ATL,2025-07-16,54,17
ATL,2025-07-16,55,39
ATL,2025-07-16,56,32
ATL,2025-07-16,57,24
ATL,2025-07-16,58,36
ATL,2025-07-16,59,31
ATL,2025-07-16,60,19
ATL,2025-07-16,61,40
ATL,2025-07-16,62,40
ATL,2025-07-16,63,35
ATL,2025-07-16,64,31
ATL,2025-07-16,65,26
ATL,2025-07-16,66,24
ATL,2025-07-16,67,39
ATL,2025-07-16,68,30
ATL,2025-07-16,69,30
ATL,2025-07-16,70,15
ATL,2025-07-16,71,29
ATL,2025-07-16,72,18
ATL,2025-07-16,73,26
ATL,2025-07-16,74,27
ATL,2025-07-16,75,26
ATL,2025-07-16,76,25
ATL,2025-07-16,77,27
ATL,2025-07-16,78,32
ATL,2025-07-16,79,33
ATL,2025-07-16,80,21
ATL,2025-07-16,81,35
ATL,2025-07-16,82,41
ATL,2025-07-16,83,33
ATL,2025-07-16,84,15
ATL,2025-07-16,85,25
ATL,2025-07-16,86,29
ATL,2025-07-16,87,42
ATL,2025-07-16,88,9
ATL,2025-07-16,89,3
ATL,2025-07-16,90,18
ATL,2025-07-16,91,30
ATL,2025-07-16,92,17
ATL,2025-07-16,93,6
ATL,2025-07-16,94,5
ATL,2025-07-16,95,5
ATL,2025-07-17,0,1
ATL,2025-07-17,2,2
ATL,2025-07-17,3,1
ATL,2025-07-17,20,5
ATL,2025-07-17,21,3
ATL,2025-07-17,22,2
ATL,2025-07-17,23,5
ATL,2025-07-17,24,13
ATL,2025-07-17,25,13
ATL,2025-07-17,26,8
ATL,2025-07-17,27,9
ATL,2025-07-17,28,19
ATL,2025-07-17,29,35
ATL,2025-07-17,30,38
ATL,2025-07-17,31,23
ATL,2025-07-17,32,40
ATL,2025-07-17,33,42
ATL,2025-07-17,34,45
ATL,2025-07-17,35,49
ATL,2025-07-17,36,30
ATL,2025-07-17,37,32
ATL,2025-07-17,38,36
ATL,2025-07-17,39,31
ATL,2025-07-17,40,42
ATL,2025-07-17,41,24
ATL,2025-07-17,42,26
ATL,2025-07-17,43,18
ATL,2025-07-17,44,41
ATL,2025-07-17,45,30
ATL,2025-07-17,46,28
ATL,2025-07-17,47,24
ATL,2025-07-17,48,21
ATL,2025-07-17,49,23
ATL,2025-07-17,50,28
ATL,2025-07-17,51,43
ATL,2025-07-17,52,18
ATL,2025-07-17,53,26
ATL,2025-07-17,54,19
ATL,2025-07-17,55,40
ATL,2025-07-17,56,38
ATL,2025-07-17,57,28
ATL,2025-07-17,58,34
ATL,2025-07-17,59,29
ATL,2025-07-17,60,17
ATL,2025-07-17,61,41
ATL,2025-07-17,62,43
ATL,2025-07-17,63,35
ATL,2025-07-17,64,30
ATL,2025-07-17,65,26
ATL,2025-07-17,66,28
ATL,2025-07-17,67,40
ATL,2025-07-17,68,28
ATL,2025-07-17,69,35
ATL,2025-07-17,70,18
ATL,2025-07-17,71,28
ATL,2025-07-17,72,26
ATL,2025-07-17,73,26
ATL,2025-07-17,74,25
ATL,2025-07-17,75,33
ATL,2025-07-17,76,19
ATL,2025-07-17,77,27
ATL,2025-07-17,78,36
ATL,2025-07-17,79,40
ATL,2025-07-17,80,29
ATL,2025-07-17,81,38
ATL,2025-07-17,82,38
ATL,2025-07-17,83,47
ATL,2025-07-17,84,22
ATL,2025-07-17,85,34
ATL,2025-07-17,86,35
ATL,2025-07-17,87,75
ATL,2025-07-17,88,20
ATL,2025-07-17,89,9
ATL,2025-07-17,90,15
ATL,2025-07-17,91,35
ATL,2025-07-17,92,27
ATL,2025-07-17,93,15
ATL,2025-07-17,94,6
ATL,2025-07-17,95,10
ATL,2025-07-18,0,1
ATL,2025-07-18,2,3
ATL,2025-07-18,3,1
ATL,2025-07-18,6,1
ATL,2025-07-18,18,1
ATL,2025-07-18,20,7
ATL,2025-07-18,21,4
ATL,2025-07-18,22,3
ATL,2025-07-18,23,6
ATL,2025-07-18,24,15
ATL,2025-07-18,25,11
ATL,2025-07-18,26,8
ATL,2025-07-18,27,10
ATL,2025-07-18,28,19
ATL,2025-07-18,29,34
ATL,2025-07-18,30,41
ATL,2025-07-18,31,22
ATL,2025-07-18,32,43
ATL,2025-07-18,33,41
ATL,2025-07-18,34,46
ATL,2025-07-18,35,49
ATL,2025-07-18,36,36
ATL,2025-07-18,37,32
ATL,2025-07-18,38,36
ATL,2025-07-18,39,29
ATL,2025-07-18,40,42
ATL,2025-07-18,41,25
ATL,2025-07-18,42,27
ATL,2025-07-18,43,19
ATL,2025-07-18,44,40
ATL,2025-07-18,45,30
ATL,2025-07-18,46,29
ATL,2025-07-18,47,24
ATL,2025-07-18,48,22
ATL,2025-07-18,49,24
ATL,2025-07-18,50,27
ATL,2025-07-18,51,43
ATL,2025-07-18,52,18
ATL,2025-07-18,53,25
ATL,2025-07-18,54,18
ATL,2025-07-18,55,40
ATL,2025-07-18,56,39
ATL,2025-07-18,57,28
ATL,2025-07-18,58,36
ATL,2025-07-18,59,29
ATL,2025-07-18,60,19
ATL,2025-07-18,61,40
ATL,2025-07-18,62,42
ATL,2025-07-18,63,35
ATL,2025-07-18,64,29
ATL,2025-07-18,65,27
ATL,2025-07-18,66,26
ATL,2025-07-18,67,41
ATL,2025-07-18,68,29
ATL,2025-07-18,69,34
ATL,2025-07-18,70,16
ATL,2025-07-18,71,29
ATL,2025-07-18,72,24
ATL,2025-07-18,73,24
ATL,2025-07-18,74,26
ATL,2025-07-18,75,32
ATL,2025-07-18,76,20
ATL,2025-07-18,77,25
ATL,2025-07-18,78,35
ATL,2025-07-18,79,39
ATL,2025-07-18,80,29
ATL,2025-07-18,81,38
ATL,2025-07-18,82,39
ATL,2025-07-18,83,46
ATL,2025-07-18,84,20
ATL,2025-07-18,85,36
ATL,2025-07-18,86,35
ATL,2025-07-18,87,76
ATL,2025-07-18,88,22
ATL,2025-07-18,89,9
ATL,2025-07-18,90,14
ATL,2025-07-18,91,36
ATL,2025-07-18,92,27
ATL,2025-07-18,93,15
ATL,2025-07-18,94,6
ATL,2025-07-18,95,10
ATL,2025-07-19,0,1
ATL,2025-07-19,2,3
ATL,2025-07-19,3,1
ATL,2025-07-19,6,1
ATL,2025-07-19,18,1
ATL,2025-07-19,20,7
ATL,2025-07-19,21,4
ATL,2025-07-19,22,3
ATL,2025-07-19,23,5
ATL,2025-07-19,24,14
ATL,2025-07-19,25,12
ATL,2025-07-19,26,9
ATL,2025-07-19,27,7
ATL,2025-07-19,28,16
ATL,2025-07-19,29,31
ATL,2025-07-19,30,23
ATL,2025-07-19,31,21
ATL,2025-07-19,32,42
ATL,2025-07-19,33,37
ATL,2025-07-19,34,37
ATL,2025-07-19,35,42
ATL,2025-07-19,36,31
ATL,2025-07-19,37,32
ATL,2025-07-19,38,26
ATL,2025-07-19,39,28
ATL,2025-07-19,40,49
ATL,2025-07-19,41,27
ATL,2025-07-19,42,21
ATL,2025-07-19,43,18
ATL,2025-07-19,44,37
ATL,2025-07-19,45,30
ATL,2025-07-19,46,23
ATL,2025-07-19,47,19
ATL,2025-07-19,48,17
ATL,2025-07-19,49,21
ATL,2025-07-19,50,21
ATL,2025-07-19,51,33
ATL,2025-07-19,52,24
ATL,2025-07-19,53,19
ATL,2025-07-19,54,15
ATL,2025-07-19,55,41
ATL,2025-07-19,56,28
ATL,2025-07-19,57,20
ATL,2025-07-19,58,36
ATL,2025-07-19,59,29
ATL,2025-07-19,60,17
ATL,2025-07-19,61,42
ATL,2025-07-19,62,26
ATL,2025-07-19,63,37
ATL,2025-07-19,64,28
ATL,2025-07-19,65,21
ATL,2025-07-19,66,22
ATL,2025-07-19,67,28
ATL,2025-07-19,68,20
ATL,2025-07-19,69,21
ATL,2025-07-19,70,14
ATL,2025-07-19,71,34
ATL,2025-07-19,72,25
ATL,2025-07-19,73,28
ATL,2025-07-19,74,31
ATL,2025-07-19,75,20
ATL,2025-07-19,76,23
ATL,2025-07-19,77,32
ATL,2025-07-19,78,29
ATL,2025-07-19,79,31
ATL,2025-07-19,80,19
ATL,2025-07-19,81,31
ATL,2025-07-19,82,27
ATL,2025-07-19,83,31
ATL,2025-07-19,84,13
ATL,2025-07-19,85,32
ATL,2025-07-19,86,27
ATL,2025-07-19,87,27
ATL,2025-07-19,88,13
ATL,2025-07-19,89,6
ATL,2025-07-19,90,18
ATL,2025-07-19,91,27
ATL,2025-07-19,92,19
ATL,2025-07-19,93,5
ATL,2025-07-19,94,3
ATL,2025-07-19,95,6
ATL,2025-07-20,0,1
ATL,2025-07-20,1,1
ATL,2025-07-20,2,2
ATL,2025-07-20,20,5
ATL,2025-07-20,21,2
ATL,2025-07-20,22,1
ATL,2025-07-20,23,4
ATL,2025-07-20,24,11
ATL,2025-07-20,25,12
ATL,2025-07-20,26,8
ATL,2025-07-20,27,9
ATL,2025-07-20,28,18
ATL,2025-07-20,29,33
ATL,2025-07-20,30,39
ATL,2025-07-20,31,21
ATL,2025-07-20,32,45
ATL,2025-07-20,33,44
ATL,2025-07-20,34,41
ATL,2025-07-20,35,49
ATL,2025-07-20,36,35
ATL,2025-07-20,37,33
ATL,2025-07-20,38,33
ATL,2025-07-20,39,32
ATL,2025-07-20,40,40
ATL,2025-07-20,41,24
ATL,2025-07-20,42,28
ATL,2025-07-20,43,15
ATL,2025-07-20,44,40
ATL,2025-07-20,45,30
ATL,2025-07-20,46,31
ATL,2025-07-20,47,25
ATL,2025-07-20,48,20
ATL,2025-07-20,49,25
ATL,2025-07-20,50,31
ATL,2025-07-20,51,39
ATL,2025-07-20,52,21
ATL,2025-07-20,53,24
ATL,2025-07-20,54,20
ATL,2025-07-20,55,42
ATL,2025-07-20,56,37
ATL,2025-07-20,57,25
ATL,2025-07-20,58,38
ATL,2025-07-20,59,30
ATL,2025-07-20,60,17
ATL,2025-07-20,61,42
ATL,2025-07-20,62,41
ATL,2025-07-20,63,39
ATL,2025-07-20,64,30
ATL,2025-07-20,65,26
ATL,2025-07-20,66,28
ATL,2025-07-20,67,39
ATL,2025-07-20,68,30
ATL,2025-07-20,69,33
ATL,2025-07-20,70,16
ATL,2025-07-20,71,25
ATL,2025-07-20,72,27
ATL,2025-07-20,73,23
ATL,2025-07-20,74,26
ATL,2025-07-20,75,36
ATL,2025-07-20,76,18
ATL,2025-07-20,77,30
ATL,2025-07-20,78,37
ATL,2025-07-20,79,39
ATL,2025-07-20,80,31
ATL,2025-07-20,81,37
ATL,2025-07-20,82,42
ATL,2025-07-20,83,45
ATL,2025-07-20,84,22
ATL,2025-07-20,85,35
ATL,2025-07-20,86,34
ATL,2025-07-20,87,69
ATL,2025-07-20,88,21
ATL,2025-07-20,89,9
ATL,2025-07-20,90,16
ATL,2025-07-20,91,36
ATL,2025-07-20,92,27
ATL,2025-07-20,93,17
ATL,2025-07-20,94,4
ATL,2025-07-20,95,11
ATL,2025-07-21,0,1
ATL,2025-07-21,2,3
ATL,2025-07-21,3,1
ATL,2025-07-21,6,1
ATL,2025-07-21,18,1
ATL,2025-07-21,20,8
ATL,2025-07-21,21,4
ATL,2025-07-21,22,3
ATL,2025-07-21,23,6
ATL,2025-07-21,24,15
ATL,2025-07-21,25,13
ATL,2025-07-21,26,8
ATL,2025-07-21,27,10
ATL,2025-07-21,28,20
ATL,2025-07-21,29,34
ATL,2025-07-21,30,41
ATL,2025-07-21,31,23
ATL,2025-07-21,32,42
ATL,2025-07-21,33,42
ATL,2025-07-21,34,46
ATL,2025-07-21,35,48
ATL,2025-07-21,36,34
ATL,2025-07-21,37,33
ATL,2025-07-21,38,36
ATL,2025-07-21,39,30
ATL,2025-07-21,40,41
ATL,2025-07-21,41,25
ATL,2025-07-21,42,27
ATL,2025-07-21,43,19
ATL,2025-07-21,44,39
ATL,2025-07-21,45,30
ATL,2025-07-21,46,30
ATL,2025-07-21,47,23
ATL,2025-07-21,48,22
ATL,2025-07-21,49,25
ATL,2025-07-21,50,28
ATL,2025-07-21,51,41
ATL,2025-07-21,52,19
ATL,2025-07-21,53,25
ATL,2025-07-21,54,19
ATL,2025-07-21,55,39
ATL,2025-07-21,56,37
ATL,2025-07-21,57,30
ATL,2025-07-21,58,36
ATL,2025-07-21,59,29
ATL,2025-07-21,60,20
ATL,2025-07-21,61,42
ATL,2025-07-21,62,40
ATL,2025-07-21,63,37
ATL,2025-07-21,64,28
ATL,2025-07-21,65,28
ATL,2025-07-21,66,25
ATL,2025-07-21,67,42
ATL,2025-07-21,68,29
ATL,2025-07-21,69,34
ATL,2025-07-21,70,15
ATL,2025-07-21,71,30
ATL,2025-07-21,72,25
ATL,2025-07-21,73,25
ATL,2025-07-21,74,26
ATL,2025-07-21,75,33
ATL,2025-07-21,76,19
ATL,2025-07-21,77,28
ATL,2025-07-21,78,35
ATL,2025-07-21,79,38
ATL,2025-07-21,80,29
ATL,2025-07-21,81,37
ATL,2025-07-21,82,40
ATL,2025-07-21,83,46
ATL,2025-07-21,84,21
ATL,2025-07-21,85,36
ATL,2025-07-21,86,35
ATL,2025-07-21,87,75
ATL,2025-07-21,88,21
ATL,2025-07-21,89,9
ATL,2025-07-21,90,15
ATL,2025-07-21,91,34
ATL,2025-07-21,92,27
ATL,2025-07-21,93,15
ATL,2025-07-21,94,6
ATL,2025-07-21,95,11
ATL,2025-07-22,0,1
ATL,2025-07-22,2,3
ATL,2025-07-22,3,1
ATL,2025-07-22,6,1
ATL,2025-07-22,18,1
ATL,2025-07-22,20,7
ATL,2025-07-22,21,4
ATL,2025-07-22,22,3
ATL,2025-07-22,23,5
ATL,2025-07-22,24,16
ATL,2025-07-22,25,13
ATL,2025-07-22,26,9
ATL,2025-07-22,27,9
ATL,2025-07-22,28,19
ATL,2025-07-22,29,33
ATL,2025-07-22,30,39
ATL,2025-07-22,31,21
ATL,2025-07-22,32,41
ATL,2025-07-22,33,42
ATL,2025-07-22,34,43
ATL,2025-07-22,35,47
ATL,2025-07-22,36,31
ATL,2025-07-22,37,32
ATL,2025-07-22,38,36
ATL,2025-07-22,39,29
ATL,2025-07-22,40,38
ATL,2025-07-22,41,24
ATL,2025-07-22,42,28
ATL,2025-07-22,43,16
ATL,2025-07-22,44,45
ATL,2025-07-22,45,31
ATL,2025-07-22,46,28
ATL,2025-07-22,47,28
ATL,2025-07-22,48,21
ATL,2025-07-22,49,25
ATL,2025-07-22,50,31
ATL,2025-07-22,51,40
ATL,2025-07-22,52,17
ATL,2025-07-22,53,23
ATL,2025-07-22,54,18
ATL,2025-07-22,55,39
ATL,2025-07-22,56,32
ATL,2025-07-22,57,26
ATL,2025-07-22,58,33
ATL,2025-07-22,59,31
ATL,2025-07-22,60,20
ATL,2025-07-22,61,41
ATL,2025-07-22,62,41
ATL,2025-07-22,63,36
ATL,2025-07-22,64,30
ATL,2025-07-22,65,28
ATL,2025-07-22,66,24
ATL,2025-07-22,67,39
ATL,2025-07-22,68,30
ATL,2025-07-22,69,31
ATL,2025-07-22,70,15
ATL,2025-07-22,71,27
ATL,2025-07-22,72,19
ATL,2025-07-22,73,27
ATL,2025-07-22,74,28
ATL,2025-07-22,75,29
ATL,2025-07-22,76,25
ATL,2025-07-22,77,29
ATL,2025-07-22,78,33
ATL,2025-07-22,79,33
ATL,2025-07-22,80,22
ATL,2025-07-22,81,37
ATL,2025-07-22,82,41
ATL,2025-07-22,83,34
ATL,2025-07-22,84,16
ATL,2025-07-22,85,25
ATL,2025-07-22,86,28
ATL,2025-07-22,87,44
ATL,2025-07-22,88,9
ATL,2025-07-22,89,5
ATL,2025-07-22,90,18
ATL,2025-07-22,91,31
ATL,2025-07-22,92,17
ATL,2025-07-22,93,8
ATL,2025-07-22,94,4
ATL,2025-07-22,95,6
ATL,2025-07-23,0,1
ATL,2025-07-23,2,2
ATL,2025-07-23,3,1
ATL,2025-07-23,20,5
ATL,2025-07-23,21,3
ATL,2025-07-23,22,2
ATL,2025-07-23,23,4
ATL,2025-07-23,24,16
ATL,2025-07-23,25,12
ATL,2025-07-23,26,9
ATL,2025-07-23,27,9
ATL,2025-07-23,28,18
ATL,2025-07-23,29,33
ATL,2025-07-23,30,39
ATL,2025-07-23,31,21
ATL,2025-07-23,32,39
ATL,2025-07-23,33,43
ATL,2025-07-23,34,42
ATL,2025-07-23,35,47
ATL,2025-07-23,36,30
ATL,2025-07-23,37,32
ATL,2025-07-23,38,37
ATL,2025-07-23,39,30
ATL,2025-07-23,40,38
ATL,2025-07-23,41,23
ATL,2025-07-23,42,28
ATL,2025-07-23,43,16
ATL,2025-07-23,44,46
ATL,2025-07-23,45,30
ATL,2025-07-23,46,29
ATL,2025-07-23,47,26
ATL,2025-07-23,48,23
ATL,2025-07-23,49,24
ATL,2025-07-23,50,30
ATL,2025-07-23,51,39
ATL,2025-07-23,52,16
ATL,2025-07-23,53,23
ATL,2025-07-23,54,18
ATL,2025-07-23,55,39
ATL,2025-07-23,56,32
ATL,2025-07-23,57,24
ATL,2025-07-23,58,36
ATL,2025-07-23,59,31
ATL,2025-07-23,60,20
ATL,2025-07-23,61,40
ATL,2025-07-23,62,41
ATL,2025-07-23,63,36
ATL,2025-07-23,64,30
ATL,2025-07-23,65,28
ATL,2025-07-23,66,24
ATL,2025-07-23,67,40
ATL,2025-07-23,68,29
ATL,2025-07-23,69,29
ATL,2025-07-23,70,16
ATL,2025-07-23,71,29
ATL,2025-07-23,72,18
ATL,2025-07-23,73,26
ATL,2025-07-23,74,27
ATL,2025-07-23,75,28
ATL,2025-07-23,76,26
ATL,2025-07-23,77,29
ATL,2025-07-23,78,34
ATL,2025-07-23,79,32
ATL,2025-07-23,80,21
ATL,2025-07-23,81,37
ATL,2025-07-23,82,41
ATL,2025-07-23,83,35
ATL,2025-07-23,84,15
ATL,2025-07-23,85,25
ATL,2025-07-23,86,29
ATL,2025-07-23,87,43
ATL,2025-07-23,88,10
ATL,2025-07-23,89,5
ATL,2025-07-23,90,18
ATL,2025-07-23,91,31
ATL,2025-07-23,92,17
ATL,2025-07-23,93,8
ATL,2025-07-23,94,5
ATL,2025-07-23,95,6
ATL,2025-07-24,0,1
ATL,2025-07-24,2,2
ATL,2025-07-24,3,1
ATL,2025-07-24,20,6
ATL,2025-07-24,21,3
ATL,2025-07-24,22,2
ATL,2025-07-24,23,5
ATL,2025-07-24,24,15
ATL,2025-07-24,25,13
ATL,2025-07-24,26,8
ATL,2025-07-24,27,10
ATL,2025-07-24,28,19
ATL,2025-07-24,29,35
ATL,2025-07-24,30,39
ATL,2025-07-24,31,24
ATL,2025-07-24,32,42
ATL,2025-07-24,33,44
ATL,2025-07-24,34,44
ATL,2025-07-24,35,49
ATL,2025-07-24,36,32
ATL,2025-07-24,37,36
ATL,2025-07-24,38,36
ATL,2025-07-24,39,31
ATL,2025-07-24,40,42
ATL,2025-07-24,41,25
ATL,2025-07-24,42,26
ATL,2025-07-24,43,19
ATL,2025-07-24,44,41
ATL,2025-07-24,45,30
ATL,2025-07-24,46,30
ATL,2025-07-24,47,23
ATL,2025-07-24,48,22
ATL,2025-07-24,49,24
ATL,2025-07-24,50,29
ATL,2025-07-24,51,41
ATL,2025-07-24,52,18
ATL,2025-07-24,53,26
ATL,2025-07-24,54,19
ATL,2025-07-24,55,40
ATL,2025-07-24,56,37
ATL,2025-07-24,57,28
ATL,2025-07-24,58,35
ATL,2025-07-24,59,29
ATL,2025-07-24,60,17
ATL,2025-07-24,61,43
ATL,2025-07-24,62,42
ATL,2025-07-24,63,36
ATL,2025-07-24,64,29
ATL,2025-07-24,65,27
ATL,2025-07-24,66,27
ATL,2025-07-24,67,42
ATL,2025-07-24,68,28
ATL,2025-07-24,69,35
ATL,2025-07-24,70,19
ATL,2025-07-24,71,27
ATL,2025-07-24,72,27
ATL,2025-07-24,73,23
ATL,2025-07-24,74,26
ATL,2025-07-24,75,33
ATL,2025-07-24,76,18
ATL,2025-07-24,77,28
ATL,2025-07-24,78,36
ATL,2025-07-24,79,38
ATL,2025-07-24,80,29
ATL,2025-07-24,81,39
ATL,2025-07-24,82,40
ATL,2025-07-24,83,45
ATL,2025-07-24,84,23
ATL,2025-07-24,85,34
ATL,2025-07-24,86,35
ATL,2025-07-24,87,75
ATL,2025-07-24,88,21
ATL,2025-07-24,89,9
ATL,2025-07-24,90,14
ATL,2025-07-24,91,36
ATL,2025-07-24,92,27
ATL,2025-07-24,93,15
ATL,2025-07-24,94,6
ATL,2025-07-24,95,11
ATL,2025-07-25,0,1
ATL,2025-07-25,2,3
ATL,2025-07-25,3,1
ATL,2025-07-25,6,1
ATL,2025-07-25,18,1
ATL,2025-07-25,20,8
ATL,2025-07-25,21,4
ATL,2025-07-25,22,3
ATL,2025-07-25,23,6
ATL,2025-07-25,24,15
ATL,2025-07-25,25,13
ATL,2025-07-25,26,8
ATL,2025-07-25,27,10
ATL,2025-07-25,28,20
ATL,2025-07-25,29,34
ATL,2025-07-25,30,41
ATL,2025-07-25,31,24
ATL,2025-07-25,32,42
ATL,2025-07-25,33,42
ATL,2025-07-25,34,46
ATL,2025-07-25,35,48
ATL,2025-07-25,36,36
ATL,2025-07-25,37,32
ATL,2025-07-25,38,37
ATL,2025-07-25,39,30
ATL,2025-07-25,40,42
ATL,2025-07-25,41,26
ATL,2025-07-25,42,26
ATL,2025-07-25,43,19
ATL,2025-07-25,44,40
ATL,2025-07-25,45,30
ATL,2025-07-25,46,30
ATL,2025-07-25,47,23
ATL,2025-07-25,48,22
ATL,2025-07-25,49,25
ATL,2025-07-25,50,27
ATL,2025-07-25,51,41
ATL,2025-07-25,52,19
ATL,2025-07-25,53,26
ATL,2025-07-25,54,19
ATL,2025-07-25,55,40
ATL,2025-07-25,56,38
ATL,2025-07-25,57,28
ATL,2025-07-25,58,36
ATL,2025-07-25,59,29
ATL,2025-07-25,60,19
ATL,2025-07-25,61,42
ATL,2025-07-25,62,41
ATL,2025-07-25,63,36
ATL,2025-07-25,64,28
ATL,2025-07-25,65,27
ATL,2025-07-25,66,25
ATL,2025-07-25,67,42
ATL,2025-07-25,68,28
ATL,2025-07-25,69,34
ATL,2025-07-25,70,16
ATL,2025-07-25,71,29
ATL,2025-07-25,72,26
ATL,2025-07-25,73,23
ATL,2025-07-25,74,26
ATL,2025-07-25,75,32
ATL,2025-07-25,76,19
ATL,2025-07-25,77,26
ATL,2025-07-25,78,35
ATL,2025-07-25,79,37
ATL,2025-07-25,80,29
ATL,2025-07-25,81,39
ATL,2025-07-25,82,40
ATL,2025-07-25,83,45
ATL,2025-07-25,84,20
ATL,2025-07-25,85,34
ATL,2025-07-25,86,34
ATL,2025-07-25,87,76
ATL,2025-07-25,88,22
ATL,2025-07-25,89,8
ATL,2025-07-25,90,13
ATL,2025-07-25,91,35
ATL,2025-07-25,92,27
ATL,2025-07-25,93,14
ATL,2025-07-25,94,6
ATL,2025-07-25,95,11
ATL,2025-07-26,0,1
ATL,2025-07-26,2,3
ATL,2025-07-26,3,1
ATL,2025-07-26,6,1
ATL,2025-07-26,18,1
ATL,2025-07-26,20,7
ATL,2025-07-26,21,4
ATL,2025-07-26,22,3
ATL,2025-07-26,23,5
ATL,2025-07-26,24,14
ATL,2025-07-26,25,12
ATL,2025-07-26,26,9
ATL,2025-07-26,27,7
ATL,2025-07-26,28,16
ATL,2025-07-26,29,31
ATL,2025-07-26,30,23
ATL,2025-07-26,31,22
ATL,2025-07-26,32,37
ATL,2025-07-26,33,39
ATL,2025-07-26,34,37
ATL,2025-07-26,35,41
ATL,2025-07-26,36,31
ATL,2025-07-26,37,32
ATL,2025-07-26,38,26
ATL,2025-07-26,39,27
ATL,2025-07-26,40,49
ATL,2025-07-26,41,29
ATL,2025-07-26,42,20
ATL,2025-07-26,43,18
ATL,2025-07-26,44,39
ATL,2025-07-26,45,29
ATL,2025-07-26,46,23
ATL,2025-07-26,47,18
ATL,2025-07-26,48,17
ATL,2025-07-26,49,23
ATL,2025-07-26,50,21
ATL,2025-07-26,51,34
ATL,2025-07-26,52,23
ATL,2025-07-26,53,21
ATL,2025-07-26,54,16
ATL,2025-07-26,55,41
ATL,2025-07-26,56,26
ATL,2025-07-26,57,20
ATL,2025-07-26,58,36
ATL,2025-07-26,59,29
ATL,2025-07-26,60,17
ATL,2025-07-26,61,42
ATL,2025-07-26,62,27
ATL,2025-07-26,63,37
ATL,2025-07-26,64,28
ATL,2025-07-26,65,22
ATL,2025-07-26,66,20
ATL,2025-07-26,67,29
ATL,2025-07-26,68,20
ATL,2025-07-26,69,21
ATL,2025-07-26,70,14
ATL,2025-07-26,71,34
ATL,2025-07-26,72,24
ATL,2025-07-26,73,28
ATL,2025-07-26,74,32
ATL,2025-07-26,75,19
ATL,2025-07-26,76,22
ATL,2025-07-26,77,33
ATL,2025-07-26,78,29
ATL,2025-07-26,79,29
ATL,2025-07-26,80,19
ATL,2025-07-26,81,32
ATL,2025-07-26,82,27
ATL,2025-07-26,83,31
ATL,2025-07-26,84,13
ATL,2025-07-26,85,32
ATL,2025-07-26,86,27
ATL,2025-07-26,87,26
ATL,2025-07-26,88,12
ATL,2025-07-26,89,7
ATL,2025-07-26,90,18
ATL,2025-07-26,91,27
ATL,2025-07-26,92,19
ATL,2025-07-26,93,5
ATL,2025-07-26,94,3
ATL,2025-07-26,95,6
ATL,2025-07-27,0,1
ATL,2025-07-27,1,1
ATL,2025-07-27,2,2
ATL,2025-07-27,20,5
ATL,2025-07-27,21,2
ATL,2025-07-27,22,1
ATL,2025-07-27,23,4
ATL,2025-07-27,24,11
ATL,2025-07-27,25,12
ATL,2025-07-27,26,8
ATL,2025-07-27,27,9
ATL,2025-07-27,28,18
ATL,2025-07-27,29,33
ATL,2025-07-27,30,38
ATL,2025-07-27,31,21
ATL,2025-07-27,32,45
ATL,2025-07-27,33,43
ATL,2025-07-27,34,42
ATL,2025-07-27,35,49
ATL,2025-07-27,36,35
ATL,2025-07-27,37,33
ATL,2025-07-27,38,33
ATL,2025-07-27,39,33
ATL,2025-07-27,40,40
ATL,2025-07-27,41,23
ATL,2025-07-27,42,27
ATL,2025-07-27,43,14
ATL,2025-07-27,44,40
ATL,2025-07-27,45,30
ATL,2025-07-27,46,30
ATL,2025-07-27,47,25
ATL,2025-07-27,48,20
ATL,2025-07-27,49,24
ATL,2025-07-27,50,31
ATL,2025-07-27,51,40
ATL,2025-07-27,52,20
ATL,2025-07-27,53,24
ATL,2025-07-27,54,20
ATL,2025-07-27,55,42
ATL,2025-07-27,56,37
ATL,2025-07-27,57,25
ATL,2025-07-27,58,36
ATL,2025-07-27,59,29
ATL,2025-07-27,60,16
ATL,2025-07-27,61,43
ATL,2025-07-27,62,36
ATL,2025-07-27,63,38
ATL,2025-07-27,64,29
ATL,2025-07-27,65,25
ATL,2025-07-27,66,27
ATL,2025-07-27,67,38
ATL,2025-07-27,68,30
ATL,2025-07-27,69,32
ATL,2025-07-27,70,17
ATL,2025-07-27,71,24
ATL,2025-07-27,72,26
ATL,2025-07-27,73,22
ATL,2025-07-27,74,25
ATL,2025-07-27,75,35
ATL,2025-07-27,76,18
ATL,2025-07-27,77,25
ATL,2025-07-27,78,37
ATL,2025-07-27,79,38
ATL,2025-07-27,80,29
ATL,2025-07-27,81,38
ATL,2025-07-27,82,40
ATL,2025-07-27,83,44
ATL,2025-07-27,84,21
ATL,2025-07-27,85,31
ATL,2025-07-27,86,34
ATL,2025-07-27,87,66
ATL,2025-07-27,88,18
ATL,2025-07-27,89,8
ATL,2025-07-27,90,15
ATL,2025-07-27,91,33
ATL,2025-07-27,92,27
ATL,2025-07-27,93,16
ATL,2025-07-27,94,4
ATL,2025-07-27,95,11
ATL,2025-07-28,0,1
ATL,2025-07-28,2,2
ATL,2025-07-28,3,1
ATL,2025-07-28,6,1
ATL,2025-07-28,20,8
ATL,2025-07-28,21,4
ATL,2025-07-28,22,3
ATL,2025-07-28,23,5
ATL,2025-07-28,24,15
ATL,2025-07-28,25,13
ATL,2025-07-28,26,8
ATL,2025-07-28,27,9
ATL,2025-07-28,28,18
ATL,2025-07-28,29,34
ATL,2025-07-28,30,41
ATL,2025-07-28,31,23
ATL,2025-07-28,32,40
ATL,2025-07-28,33,39
ATL,2025-07-28,34,46
ATL,2025-07-28,35,49
ATL,2025-07-28,36,32
ATL,2025-07-28,37,32
ATL,2025-07-28,38,37
ATL,2025-07-28,39,30
ATL,2025-07-28,40,40
ATL,2025-07-28,41,24
ATL,2025-07-28,42,26
ATL,2025-07-28,43,19
ATL,2025-07-28,44,39
ATL,2025-07-28,45,29
ATL,2025-07-28,46,29
ATL,2025-07-28,47,23
ATL,2025-07-28,48,21
ATL,2025-07-28,49,25
ATL,2025-07-28,50,28
ATL,2025-07-28,51,42
ATL,2025-07-28,52,19
ATL,2025-07-28,53,26
ATL,2025-07-28,54,19
ATL,2025-07-28,55,38
ATL,2025-07-28,56,37
ATL,2025-07-28,57,30
ATL,2025-07-28,58,35
ATL,2025-07-28,59,29
ATL,2025-07-28,60,20
ATL,2025-07-28,61,41
ATL,2025-07-28,62,40
ATL,2025-07-28,63,37
ATL,2025-07-28,64,28
ATL,2025-07-28,65,27
ATL,2025-07-28,66,25
ATL,2025-07-28,67,42
ATL,2025-07-28,68,28
ATL,2025-07-28,69,34
ATL,2025-07-28,70,16
ATL,2025-07-28,71,30
ATL,2025-07-28,72,25
ATL,2025-07-28,73,25
ATL,2025-07-28,74,26
ATL,2025-07-28,75,31
ATL,2025-07-28,76,18
ATL,2025-07-28,77,27
ATL,2025-07-28,78,36
ATL,2025-07-28,79,38
ATL,2025-07-28,80,28
ATL,2025-07-28,81,36
ATL,2025-07-28,82,40
ATL,2025-07-28,83,46
ATL,2025-07-28,84,20
ATL,2025-07-28,85,36
ATL,2025-07-28,86,35
ATL,2025-07-28,87,74
ATL,2025-07-28,88,20
ATL,2025-07-28,89,9
ATL,2025-07-28,90,15
ATL,2025-07-28,91,35
ATL,2025-07-28,92,27
ATL,2025-07-28,93,15
ATL,2025-07-28,94,6
ATL,2025-07-28,95,10
ATL,2025-07-29,0,1
ATL,2025-07-29,2,3
ATL,2025-07-29,3,1
ATL,2025-07-29,6,1
ATL,2025-07-29,18,1
ATL,2025-07-29,20,6
ATL,2025-07-29,21,4
ATL,2025-07-29,22,3
ATL,2025-07-29,23,5
ATL,2025-07-29,24,16
ATL,2025-07-29,25,13
ATL,2025-07-29,26,9
ATL,2025-07-29,27,9
ATL,2025-07-29,28,19
ATL,2025-07-29,29,34
ATL,2025-07-29,30,39
ATL,2025-07-29,31,21
ATL,2025-07-29,32,40
ATL,2025-07-29,33,42
ATL,2025-07-29,34,43
ATL,2025-07-29,35,47
ATL,2025-07-29,36,32
ATL,2025-07-29,37,32
ATL,2025-07-29,38,36
ATL,2025-07-29,39,29
ATL,2025-07-29,40,38
ATL,2025-07-29,41,24
ATL,2025-07-29,42,27
ATL,2025-07-29,43,16
ATL,2025-07-29,44,45
ATL,2025-07-29,45,30
ATL,2025-07-29,46,28
ATL,2025-07-29,47,28
ATL,2025-07-29,48,21
ATL,2025-07-29,49,25
ATL,2025-07-29,50,31
ATL,2025-07-29,51,40
ATL,2025-07-29,52,17
ATL,2025-07-29,53,23
ATL,2025-07-29,54,18
ATL,2025-07-29,55,39
ATL,2025-07-29,56,32
ATL,2025-07-29,57,26
ATL,2025-07-29,58,33
ATL,2025-07-29,59,31
ATL,2025-07-29,60,20
ATL,2025-07-29,61,40
ATL,2025-07-29,62,41
ATL,2025-07-29,63,35
ATL,2025-07-29,64,30
ATL,2025-07-29,65,28
ATL,2025-07-29,66,24
ATL,2025-07-29,67,39
ATL,2025-07-29,68,31
ATL,2025-07-29,69,30
ATL,2025-07-29,70,15
ATL,2025-07-29,71,27
ATL,2025-07-29,72,19
ATL,2025-07-29,73,25
ATL,2025-07-29,74,29
ATL,2025-07-29,75,29
ATL,2025-07-29,76,25
ATL,2025-07-29,77,27
ATL,2025-07-29,78,33
ATL,2025-07-29,79,32
ATL,2025-07-29,80,23
ATL,2025-07-29,81,35
ATL,2025-07-29,82,41
ATL,2025-07-29,83,34
ATL,2025-07-29,84,16
ATL,2025-07-29,85,26
ATL,2025-07-29,86,28
ATL,2025-07-29,87,44
ATL,2025-07-29,88,9
ATL,2025-07-29,89,6
ATL,2025-07-29,90,18
ATL,2025-07-29,91,31
ATL,2025-07-29,92,17
ATL,2025-07-29,93,8
ATL,2025-07-29,94,4
ATL,2025-07-29,95,5
ATL,2025-07-30,0,1
ATL,2025-07-30,2,2
ATL,2025-07-30,3,1
ATL,2025-07-30,20,4
ATL,2025-07-30,21,3
ATL,2025-07-30,22,2
ATL,2025-07-30,23,4
ATL,2025-07-30,24,16
ATL,2025-07-30,25,12
ATL,2025-07-30,26,9
ATL,2025-07-30,27,9
ATL,2025-07-30,28,18
ATL,2025-07-30,29,33
ATL,2025-07-30,30,39
ATL,2025-07-30,31,21
ATL,2025-07-30,32,39
ATL,2025-07-30,33,43
ATL,2025-07-30,34,42
ATL,2025-07-30,35,48
ATL,2025-07-30,36,30
ATL,2025-07-30,37,31
ATL,2025-07-30,38,37
ATL,2025-07-30,39,30
ATL,2025-07-30,40,39
ATL,2025-07-30,41,23
ATL,2025-07-30,42,27
ATL,2025-07-30,43,16
ATL,2025-07-30,44,46
ATL,2025-07-30,45,30
ATL,2025-07-30,46,29
ATL,2025-07-30,47,27
ATL,2025-07-30,48,22
ATL,2025-07-30,49,24
ATL,2025-07-30,50,30
ATL,2025-07-30,51,39
ATL,2025-07-30,52,16
ATL,2025-07-30,53,23
ATL,2025-07-30,54,18
ATL,2025-07-30,55,39
ATL,2025-07-30,56,32
ATL,2025-07-30,57,24
ATL,2025-07-30,58,36
ATL,2025-07-30,59,31
ATL,2025-07-30,60,20
ATL,2025-07-30,61,40
ATL,2025-07-30,62,41
ATL,2025-07-30,63,37
ATL,2025-07-30,64,30
ATL,2025-07-30,65,28
ATL,2025-07-30,66,25
ATL,2025-07-30,67,39
ATL,2025-07-30,68,28
ATL,2025-07-30,69,29
ATL,2025-07-30,70,16
ATL,2025-07-30,71,29
ATL,2025-07-30,72,18
ATL,2025-07-30,73,26
ATL,2025-07-30,74,28
ATL,2025-07-30,75,28
ATL,2025-07-30,76,25
ATL,2025-07-30,77,29
ATL,2025-07-30,78,34
ATL,2025-07-30,79,32
ATL,2025-07-30,80,21
ATL,2025-07-30,81,37
ATL,2025-07-30,82,41
ATL,2025-07-30,83,35
ATL,2025-07-30,84,15
ATL,2025-07-30,85,25
ATL,2025-07-30,86,29
ATL,2025-07-30,87,43
ATL,2025-07-30,88,9
ATL,2025-07-30,89,6
ATL,2025-07-30,90,18
ATL,2025-07-30,91,31
ATL,2025-07-30,92,17
ATL,2025-07-30,93,8
ATL,2025-07-30,94,5
ATL,2025-07-30,95,6
ATL,2025-07-31,0,1
ATL,2025-07-31,2,2
ATL,2025-07-31,3,1
ATL,2025-07-31,20,6
ATL,2025-07-31,21,3
ATL,2025-07-31,22,2
ATL,2025-07-31,23,5
ATL,2025-07-31,24,15
ATL,2025-07-31,25,13
ATL,2025-07-31,26,8
ATL,2025-07-31,27,10
ATL,2025-07-31,28,19
ATL,2025-07-31,29,35
ATL,2025-07-31,30,38
ATL,2025-07-31,31,24
ATL,2025-07-31,32,42
ATL,2025-07-31,33,44
ATL,2025-07-31,34,44
ATL,2025-07-31,35,49
ATL,2025-07-31,36,31
ATL,2025-07-31,37,34
ATL,2025-07-31,38,37
ATL,2025-07-31,39,31
ATL,2025-07-31,40,43
ATL,2025-07-31,41,25
ATL,2025-07-31,42,25
ATL,2025-07-31,43,19
ATL,2025-07-31,44,40
ATL,2025-07-31,45,29
ATL,2025-07-31,46,30
ATL,2025-07-31,47,22
ATL,2025-07-31,48,21
ATL,2025-07-31,49,24
ATL,2025-07-31,50,29
ATL,2025-07-31,51,40
ATL,2025-07-31,52,18
ATL,2025-07-31,53,25
ATL,2025-07-31,54,18
ATL,2025-07-31,55,39
ATL,2025-07-31,56,33
ATL,2025-07-31,57,27
ATL,2025-07-31,58,32
ATL,2025-07-31,59,26
ATL,2025-07-31,60,15
ATL,2025-07-31,61,38
ATL,2025-07-31,62,38
ATL,2025-07-31,63,36
ATL,2025-07-31,64,29
ATL,2025-07-31,65,26
ATL,2025-07-31,66,24
ATL,2025-07-31,67,40
ATL,2025-07-31,68,27
ATL,2025-07-31,69,35
ATL,2025-07-31,70,14
ATL,2025-07-31,71,28
ATL,2025-07-31,72,25
ATL,2025-07-31,73,21
ATL,2025-07-31,74,24
ATL,2025-07-31,75,26
ATL,2025-07-31,76,15
ATL,2025-07-31,77,21
ATL,2025-07-31,78,31
ATL,2025-07-31,79,27
ATL,2025-07-31,80,26
ATL,2025-07-31,81,32
ATL,2025-07-31,82,32
ATL,2025-07-31,83,29
ATL,2025-07-31,84,20
ATL,2025-07-31,85,28
ATL,2025-07-31,86,32
ATL,2025-07-31,87,55
ATL,2025-07-31,88,19
ATL,2025-07-31,89,6
ATL,2025-07-31,90,9
ATL,2025-07-31,91,26
ATL,2025-07-31,92,19
ATL,2025-07-31,93,11
ATL,2025-07-31,94,3
ATL,2025-07-31,95,9
ATL,2025-08-01,0,1
ATL,2025-08-01,2,3
ATL,2025-08-01,3,1
ATL,2025-08-01,6,1
ATL,2025-08-01,18,1
ATL,2025-08-01,20,5
ATL,2025-08-01,21,1
ATL,2025-08-01,22,2
ATL,2025-08-01,23,2
ATL,2025-08-01,24,4
ATL,2025-08-01,25,4
ATL,2025-08-01,26,1
ATL,2025-08-01,27,1
ATL,2025-08-01,28,1
ATL,2025-08-01,29,1
ATL,2025-08-01,31,1
CLT,2025-07-01,21,1
CLT,2025-07-01,22,2
CLT,2025-07-01,23,1
CLT,2025-07-01,24,8
CLT,2025-07-01,25,16
CLT,2025-07-01,26,11
CLT,2025-07-01,27,3
CLT,2025-07-01,28,20
CLT,2025-07-01,29,16
CLT,2025-07-01,30,13
CLT,2025-07-01,31,23
CLT,2025-07-01,32,29
CLT,2025-07-01,33,22
CLT,2025-07-01,34,6
CLT,2025-07-01,35,13
CLT,2025-07-01,36,26
CLT,2025-07-01,37,23
CLT,2025-07-01,38,17
CLT,2025-07-01,39,21
CLT,2025-07-01,40,27
CLT,2025-07-01,41,27
CLT,2025-07-01,42,12
CLT,2025-07-01,43,3
CLT,2025-07-01,44,32
CLT,2025-07-01,45,26
CLT,2025-07-01,46,21
CLT,2025-07-01,47,13
CLT,2025-07-01,48,19
CLT,2025-07-01,49,15
CLT,2025-07-01,50,14
CLT,2025-07-01,51,4
CLT,2025-07-01,52,31
CLT,2025-07-01,53,25
CLT,2025-07-01,54,18
CLT,2025-07-01,55,20
CLT,2025-07-01,56,14
CLT,2025-07-01,57,9
CLT,2025-07-01,58,26
CLT,2025-07-01,59,25
CLT,2025-07-01,60,13
CLT,2025-07-01,61,18
CLT,2025-07-01,62,29
CLT,2025-07-01,63,20
CLT,2025-07-01,64,16
CLT,2025-07-01,65,25
CLT,2025-07-01,66,17
CLT,2025-07-01,67,22
CLT,2025-07-01,68,23
CLT,2025-07-01,69,29
CLT,2025-07-01,70,13
CLT,2025-07-01,71,6
CLT,2025-07-01,72,27
CLT,2025-07-01,73,16
CLT,2025-07-01,74,15
CLT,2025-07-01,75,9
CLT,2025-07-01,76,20
CLT,2025-07-01,77,23
CLT,2025-07-01,78,22
CLT,2025-07-01,79,14
CLT,2025-07-01,80,3
CLT,2025-07-01,81,21
CLT,2025-07-01,82,20
CLT,2025-07-01,83,20
CLT,2025-07-01,84,15
CLT,2025-07-01,85,15
CLT,2025-07-01,86,20
CLT,2025-07-01,87,24
CLT,2025-07-01,89,11
CLT,2025-07-01,90,23
CLT,2025-07-01,91,21
CLT,2025-07-01,92,6
CLT,2025-07-01,95,3
CLT,2025-07-02,0,1
CLT,2025-07-02,1,1
CLT,2025-07-02,20,2
CLT,2025-07-02,21,2
CLT,2025-07-02,22,3
CLT,2025-07-02,23,4
CLT,2025-07-02,24,11
CLT,2025-07-02,25,16
CLT,2025-07-02,26,12
CLT,2025-07-02,27,5
CLT,2025-07-02,28,19
CLT,2025-07-02,29,18
CLT,2025-07-02,30,14
CLT,2025-07-02,31,21
CLT,2025-07-02,32,27
CLT,2025-07-02,33,23
CLT,2025-07-02,34,7
CLT,2025-07-02,35,13
CLT,2025-07-02,36,25
CLT,2025-07-02,37,23
CLT,2025-07-02,38,15
CLT,2025-07-02,39,19
CLT,2025-07-02,40,27
CLT,2025-07-02,41,24
CLT,2025-07-02,42,10
CLT,2025-07-02,43,3
CLT,2025-07-02,44,33
CLT,2025-07-02,45,26
CLT,2025-07-02,46,22
CLT,2025-07-02,47,14
CLT,2025-07-02,48,17
CLT,2025-07-02,49,19
CLT,2025-07-02,50,13
CLT,2025-07-02,51,4
CLT,2025-07-02,52,31
CLT,2025-07-02,53,25
CLT,2025-07-02,54,16
CLT,2025-07-02,55,20
CLT,2025-07-02,56,12
CLT,2025-07-02,57,10
CLT,2025-07-02,58,30
CLT,2025-07-02,59,22
CLT,2025-07-02,60,14
CLT,2025-07-02,61,18
CLT,2025-07-02,62,31
CLT,2025-07-02,63,20
CLT,2025-07-02,64,16
CLT,2025-07-02,65,26
CLT,2025-07-02,66,18
CLT,2025-07-02,67,23
CLT,2025-07-02,68,25
CLT,2025-07-02,69,29
CLT,2025-07-02,70,14
CLT,2025-07-02,71,6
CLT,2025-07-02,72,28
CLT,2025-07-02,73,23
CLT,2025-07-02,74,17
CLT,2025-07-02,75,9
CLT,2025-07-02,76,21
CLT,2025-07-02,77,28
CLT,2025-07-02,78,28
CLT,2025-07-02,79,15
CLT,2025-07-02,80,4
CLT,2025-07-02,81,24
CLT,2025-07-02,82,24
CLT,2025-07-02,83,25
CLT,2025-07-02,84,16
CLT,2025-07-02,85,23
CLT,2025-07-02,86,23
CLT,2025-07-02,87,29
CLT,2025-07-02,89,12
CLT,2025-07-02,90,29
CLT,2025-07-02,91,27
CLT,2025-07-02,92,6
CLT,2025-07-02,95,3
CLT,2025-07-03,0,1
CLT,2025-07-03,1,1
CLT,2025-07-03,20,2
CLT,2025-07-03,21,2
CLT,2025-07-03,22,4
CLT,2025-07-03,23,4
CLT,2025-07-03,24,11
CLT,2025-07-03,25,18
CLT,2025-07-03,26,11
CLT,2025-07-03,27,6
CLT,2025-07-03,28,18
CLT,2025-07-03,29,21
CLT,2025-07-03,30,15
CLT,2025-07-03,31,26
CLT,2025-07-03,32,34
CLT,2025-07-03,33,23
CLT,2025-07-03,34,7
CLT,2025-07-03,35,14
CLT,2025-07-03,36,30
CLT,2025-07-03,37,25
CLT,2025-07-03,38,17
CLT,2025-07-03,39,22
CLT,2025-07-03,40,29
CLT,2025-07-03,41,28
CLT,2025-07-03,42,14
CLT,2025-07-03,43,4
CLT,2025-07-03,44,32
CLT,2025-07-03,45,27
CLT,2025-07-03,46,24
CLT,2025-07-03,47,13
CLT,2025-07-03,48,20
CLT,2025-07-03,49,21
CLT,2025-07-03,50,10
CLT,2025-07-03,51,6
CLT,2025-07-03,52,27
CLT,2025-07-03,53,27
CLT,2025-07-03,54,23
CLT,2025-07-03,55,21
CLT,2025-07-03,56,13
CLT,2025-07-03,57,11
CLT,2025-07-03,58,29
CLT,2025-07-03,59,22
CLT,2025-07-03,60,16
CLT,2025-07-03,61,19
CLT,2025-07-03,62,31
CLT,2025-07-03,63,20
CLT,2025-07-03,64,17
CLT,2025-07-03,65,27
CLT,2025-07-03,66,22
CLT,2025-07-03,67,20
CLT,2025-07-03,68,27
CLT,2025-07-03,69,30
CLT,2025-07-03,70,15
CLT,2025-07-03,71,5
CLT,2025-07-03,72,29
CLT,2025-07-03,73,23
CLT,2025-07-03,74,14
CLT,2025-07-03,75,11
CLT,2025-07-03,76,21
CLT,2025-07-03,77,27
CLT,2025-07-03,78,29
CLT,2025-07-03,79,13
CLT,2025-07-03,80,5
CLT,2025-07-03,81,28
CLT,2025-07-03,82,28
CLT,2025-07-03,83,25
CLT,2025-07-03,84,18
CLT,2025-07-03,85,21
CLT,2025-07-03,86,27
CLT,2025-07-03,87,30
CLT,2025-07-03,88,1
CLT,2025-07-03,89,12
CLT,2025-07-03,90,29
CLT,2025-07-03,91,27
CLT,2025-07-03,92,9
CLT,2025-07-03,94,1
CLT,2025-07-03,95,3
CLT,2025-07-04,0,1
CLT,2025-07-04,1,1
CLT,2025-07-04,20,2
CLT,2025-07-04,21,2
CLT,2025-07-04,22,3
CLT,2025-07-04,23,4
CLT,2025-07-04,24,12
CLT,2025-07-04,25,19
CLT,2025-07-04,26,12
CLT,2025-07-04,27,5
CLT,2025-07-04,28,19
CLT,2025-07-04,29,20
CLT,2025-07-04,30,15
CLT,2025-07-04,31,26
CLT,2025-07-04,32,34
CLT,2025-07-04,33,22
CLT,2025-07-04,34,8
CLT,2025-07-04,35,13
CLT,2025-07-04,36,28
CLT,2025-07-04,37,24
CLT,2025-07-04,38,20
CLT,2025-07-04,39,20
CLT,2025-07-04,40,30
CLT,2025-07-04,41,30
CLT,2025-07-04,42,11
CLT,2025-07-04,43,6
CLT,2025-07-04,44,32
CLT,2025-07-04,45,26
CLT,2025-07-04,46,23
CLT,2025-07-04,47,12
CLT,2025-07-04,48,18
CLT,2025-07-04,49,20
CLT,2025-07-04,50,9
CLT,2025-07-04,51,4
CLT,2025-07-04,52,30
CLT,2025-07-04,53,28
CLT,2025-07-04,54,22
CLT,2025-07-04,55,21
CLT,2025-07-04,56,14
CLT,2025-07-04,57,9
CLT,2025-07-04,58,28
CLT,2025-07-04,59,23
CLT,2025-07-04,60,15
CLT,2025-07-04,61,18
CLT,2025-07-04,62,32
CLT,2025-07-04,63,18
CLT,2025-07-04,64,13
CLT,2025-07-04,65,25
CLT,2025-07-04,66,21
CLT,2025-07-04,67,24
CLT,2025-07-04,68,21
CLT,2025-07-04,69,31
CLT,2025-07-04,70,11
CLT,2025-07-04,71,6
CLT,2025-07-04,72,24
CLT,2025-07-04,73,17
CLT,2025-07-04,74,14
CLT,2025-07-04,75,3
CLT,2025-07-04,76,6
CLT,2025-07-04,77,6
CLT,2025-07-04,78,2
CLT,2025-07-04,79,2
CLT,2025-07-04,80,2
CLT,2025-07-04,81,3
CLT,2025-07-04,82,4
CLT,2025-07-04,84,2
CLT,2025-07-04,85,2
CLT,2025-07-04,87,2
CLT,2025-07-04,90,1
CLT,2025-07-04,91,2
CLT,2025-07-04,95,4
CLT,2025-07-05,20,3
CLT,2025-07-05,21,1
CLT,2025-07-05,22,2
CLT,2025-07-05,23,4
CLT,2025-07-05,24,11
CLT,2025-07-05,25,10
CLT,2025-07-05,26,7
CLT,2025-07-05,27,5
CLT,2025-07-05,28,13
CLT,2025-07-05,29,12
CLT,2025-07-05,30,7
CLT,2025-07-05,31,18
CLT,2025-07-05,32,31
CLT,2025-07-05,33,25
CLT,2025-07-05,34,6
CLT,2025-07-05,35,9
CLT,2025-07-05,36,25
CLT,2025-07-05,37,24
CLT,2025-07-05,38,15
CLT,2025-07-05,39,19
CLT,2025-07-05,40,24
CLT,2025-07-05,41,26
CLT,2025-07-05,42,11
CLT,2025-07-05,43,3
CLT,2025-07-05,44,30
CLT,2025-07-05,45,27
CLT,2025-07-05,46,18
CLT,2025-07-05,47,8
CLT,2025-07-05,48,15
CLT,2025-07-05,49,19
CLT,2025-07-05,50,9
CLT,2025-07-05,51,4
CLT,2025-07-05,52,24
CLT,2025-07-05,53,16
CLT,2025-07-05,54,17
CLT,2025-07-05,55,21
CLT,2025-07-05,56,16
CLT,2025-07-05,57,6
CLT,2025-07-05,58,32
CLT,2025-07-05,59,16
CLT,2025-07-05,60,21
CLT,2025-07-05,61,13
CLT,2025-07-05,62,25
CLT,2025-07-05,63,17
CLT,2025-07-05,64,14
CLT,2025-07-05,65,30
CLT,2025-07-05,66,16
CLT,2025-07-05,67,14
CLT,2025-07-05,68,20
CLT,2025-07-05,69,27
CLT,2025-07-05,70,12
CLT,2025-07-05,71,8
CLT,2025-07-05,72,25
CLT,2025-07-05,73,20
CLT,2025-07-05,74,16
CLT,2025-07-05,75,10
CLT,2025-07-05,76,23
CLT,2025-07-05,77,27
CLT,2025-07-05,78,29
CLT,2025-07-05,79,14
CLT,2025-07-05,80,3
CLT,2025-07-05,81,25
CLT,2025-07-05,82,27
CLT,2025-07-05,83,18
CLT,2025-07-05,84,13
CLT,2025-07-05,85,17
CLT,2025-07-05,86,31
CLT,2025-07-05,87,26
CLT,2025-07-05,89,12
CLT,2025-07-05,90,29
CLT,2025-07-05,91,27
CLT,2025-07-05,92,7
CLT,2025-07-05,93,1
CLT,2025-07-05,95,3
CLT,2025-07-06,1,1
CLT,2025-07-06,2,2
CLT,2025-07-06,20,1
CLT,2025-07-06,21,2
CLT,2025-07-06,22,5
CLT,2025-07-06,23,3
CLT,2025-07-06,24,11
CLT,2025-07-06,25,18
CLT,2025-07-06,26,11
CLT,2025-07-06,27,4
CLT,2025-07-06,28,19
CLT,2025-07-06,29,27
CLT,2025-07-06,30,8
CLT,2025-07-06,31,24
CLT,2025-07-06,32,34
CLT,2025-07-06,33,31
CLT,2025-07-06,34,3
CLT,2025-07-06,35,15
CLT,2025-07-06,36,30
CLT,2025-07-06,37,25
CLT,2025-07-06,38,17
CLT,2025-07-06,39,21
CLT,2025-07-06,40,30
CLT,2025-07-06,41,26
CLT,2025-07-06,42,14
CLT,2025-07-06,43,8
CLT,2025-07-06,44,34
CLT,2025-07-06,45,31
CLT,2025-07-06,46,19
CLT,2025-07-06,47,13
CLT,2025-07-06,48,16
CLT,2025-07-06,49,24
CLT,2025-07-06,50,7
CLT,2025-07-06,51,3
CLT,2025-07-06,52,30
CLT,2025-07-06,53,18
CLT,2025-07-06,54,25
CLT,2025-07-06,55,22
CLT,2025-07-06,56,18
CLT,2025-07-06,57,8
CLT,2025-07-06,58,35
CLT,2025-07-06,59,17
CLT,2025-07-06,60,22
CLT,2025-07-06,61,17
CLT,2025-07-06,62,28
CLT,2025-07-06,63,21
CLT,2025-07-06,64,17
CLT,2025-07-06,65,29
CLT,2025-07-06,66,22
CLT,2025-07-06,67,18
CLT,2025-07-06,68,25
CLT,2025-07-06,69,33
CLT,2025-07-06,70,14
CLT,2025-07-06,71,6
CLT,2025-07-06,72,23
CLT,2025-07-06,73,24
CLT,2025-07-06,74,15
CLT,2025-07-06,75,10
CLT,2025-07-06,76,22
CLT,2025-07-06,77,33
CLT,2025-07-06,78,33
CLT,2025-07-06,79,15
CLT,2025-07-06,80,4
CLT,2025-07-06,81,31
CLT,2025-07-06,82,25
CLT,2025-07-06,83,24
CLT,2025-07-06,84,15
CLT,2025-07-06,85,18
CLT,2025-07-06,86,32
CLT,2025-07-06,87,29
CLT,2025-07-06,89,15
CLT,2025-07-06,90,30
CLT,2025-07-06,91,28
CLT,2025-07-06,92,7
CLT,2025-07-06,94,1
CLT,2025-07-06,95,4
CLT,2025-07-07,0,1
CLT,2025-07-07,1,2
CLT,2025-07-07,20,2
CLT,2025-07-07,21,2
CLT,2025-07-07,22,4
CLT,2025-07-07,23,4
CLT,2025-07-07,24,12
CLT,2025-07-07,25,20
CLT,2025-07-07,26,11
CLT,2025-07-07,27,4
CLT,2025-07-07,28,19
CLT,2025-07-07,29,26
CLT,2025-07-07,30,9
CLT,2025-07-07,31,26
CLT,2025-07-07,32,34
CLT,2025-07-07,33,26
CLT,2025-07-07,34,3
CLT,2025-07-07,35,15
CLT,2025-07-07,36,29
CLT,2025-07-07,37,24
CLT,2025-07-07,38,20
CLT,2025-07-07,39,21
CLT,2025-07-07,40,31
CLT,2025-07-07,41,25
CLT,2025-07-07,42,15
CLT,2025-07-07,43,7
CLT,2025-07-07,44,30
CLT,2025-07-07,45,31
CLT,2025-07-07,46,19
CLT,2025-07-07,47,11
CLT,2025-07-07,48,16
CLT,2025-07-07,49,26
CLT,2025-07-07,50,8
CLT,2025-07-07,51,4
CLT,2025-07-07,52,28
CLT,2025-07-07,53,22
CLT,2025-07-07,54,23
CLT,2025-07-07,55,20
CLT,2025-07-07,56,19
CLT,2025-07-07,57,8
CLT,2025-07-07,58,32
CLT,2025-07-07,59,18
CLT,2025-07-07,60,23
CLT,2025-07-07,61,17
CLT,2025-07-07,62,28
CLT,2025-07-07,63,19
CLT,2025-07-07,64,16
CLT,2025-07-07,65,30
CLT,2025-07-07,66,22
CLT,2025-07-07,67,18
CLT,2025-07-07,68,28
CLT,2025-07-07,69,29
CLT,2025-07-07,70,15
CLT,2025-07-07,71,8
CLT,2025-07-07,72,24
CLT,2025-07-07,73,20
CLT,2025-07-07,74,14
CLT,2025-07-07,75,11
CLT,2025-07-07,76,22
CLT,2025-07-07,77,34
CLT,2025-07-07,78,30
CLT,2025-07-07,79,17
CLT,2025-07-07,80,6
CLT,2025-07-07,81,30
CLT,2025-07-07,82,25
CLT,2025-07-07,83,25
CLT,2025-07-07,84,16
CLT,2025-07-07,85,19
CLT,2025-07-07,86,29
CLT,2025-07-07,87,29
CLT,2025-07-07,88,2
CLT,2025-07-07,89,13
CLT,2025-07-07,90,29
CLT,2025-07-07,91,28
CLT,2025-07-07,92,8
CLT,2025-07-07,94,2
CLT,2025-07-07,95,2
CLT,2025-07-08,0,1
CLT,2025-07-08,1,2
CLT,2025-07-08,20,1
CLT,2025-07-08,21,2
CLT,2025-07-08,22,4
CLT,2025-07-08,23,4
CLT,2025-07-08,24,13
CLT,2025-07-08,25,20
CLT,2025-07-08,26,12
CLT,2025-07-08,27,5
CLT,2025-07-08,28,19
CLT,2025-07-08,29,27
CLT,2025-07-08,30,8
CLT,2025-07-08,31,26
CLT,2025-07-08,32,32
CLT,2025-07-08,33,24
CLT,2025-07-08,34,3
CLT,2025-07-08,35,14
CLT,2025-07-08,36,29
CLT,2025-07-08,37,22
CLT,2025-07-08,38,18
CLT,2025-07-08,39,21
CLT,2025-07-08,40,31
CLT,2025-07-08,41,23
CLT,2025-07-08,42,13
CLT,2025-07-08,43,7
CLT,2025-07-08,44,30
CLT,2025-07-08,45,29
CLT,2025-07-08,46,17
CLT,2025-07-08,47,12
CLT,2025-07-08,48,15
CLT,2025-07-08,49,23
CLT,2025-07-08,50,11
CLT,2025-07-08,51,1
CLT,2025-07-08,52,33
CLT,2025-07-08,53,20
CLT,2025-07-08,54,18
CLT,2025-07-08,55,23
CLT,2025-07-08,56,18
CLT,2025-07-08,57,7
CLT,2025-07-08,58,30
CLT,2025-07-08,59,20
CLT,2025-07-08,60,20
CLT,2025-07-08,61,15
CLT,2025-07-08,62,28
CLT,2025-07-08,63,20
CLT,2025-07-08,64,15
CLT,2025-07-08,65,26
CLT,2025-07-08,66,21
CLT,2025-07-08,67,17
CLT,2025-07-08,68,27
CLT,2025-07-08,69,25
CLT,2025-07-08,70,16
CLT,2025-07-08,71,6
CLT,2025-07-08,72,25
CLT,2025-07-08,73,19
CLT,2025-07-08,74,16
CLT,2025-07-08,75,11
CLT,2025-07-08,76,17
CLT,2025-07-08,77,28
CLT,2025-07-08,78,28
CLT,2025-07-08,79,14
CLT,2025-07-08,80,5
CLT,2025-07-08,81,23
CLT,2025-07-08,82,22
CLT,2025-07-08,83,24
CLT,2025-07-08,84,14
CLT,2025-07-08,85,18
CLT,2025-07-08,86,24
CLT,2025-07-08,87,25
CLT,2025-07-08,89,13
CLT,2025-07-08,90,29
CLT,2025-07-08,91,25
CLT,2025-07-08,92,7
CLT,2025-07-08,94,1
CLT,2025-07-08,95,1
CLT,2025-07-09,0,1
CLT,2025-07-09,1,1
CLT,2025-07-09,20,1
CLT,2025-07-09,21,2
CLT,2025-07-09,22,4
CLT,2025-07-09,23,3
CLT,2025-07-09,24,13
CLT,2025-07-09,25,19
CLT,2025-07-09,26,11
CLT,2025-07-09,27,4
CLT,2025-07-09,28,20
CLT,2025-07-09,29,23
CLT,2025-07-09,30,9
CLT,2025-07-09,31,25
CLT,2025-07-09,32,32
CLT,2025-07-09,33,26
CLT,2025-07-09,34,3
CLT,2025-07-09,35,14
CLT,2025-07-09,36,28
CLT,2025-07-09,37,24
CLT,2025-07-09,38,18
CLT,2025-07-09,39,20
CLT,2025-07-09,40,31
CLT,2025-07-09,41,25
CLT,2025-07-09,42,11
CLT,2025-07-09,43,8
CLT,2025-07-09,44,30
CLT,2025-07-09,45,29
CLT,2025-07-09,46,18
CLT,2025-07-09,47,14
CLT,2025-07-09,48,15
CLT,2025-07-09,49,26
CLT,2025-07-09,50,8
CLT,2025-07-09,51,1
CLT,2025-07-09,52,30
CLT,2025-07-09,53,23
CLT,2025-07-09,54,18
CLT,2025-07-09,55,21
CLT,2025-07-09,56,16
CLT,2025-07-09,57,6
CLT,2025-07-09,58,30
CLT,2025-07-09,59,19
CLT,2025-07-09,60,19
CLT,2025-07-09,61,16
CLT,2025-07-09,62,29
CLT,2025-07-09,63,18
CLT,2025-07-09,64,15
CLT,2025-07-09,65,26
CLT,2025-07-09,66,18
CLT,2025-07-09,67,17
CLT,2025-07-09,68,27
CLT,2025-07-09,69,27
CLT,2025-07-09,70,12
CLT,2025-07-09,71,6
CLT,2025-07-09,72,20
CLT,2025-07-09,73,19
CLT,2025-07-09,74,15
CLT,2025-07-09,75,11
CLT,2025-07-09,76,14
CLT,2025-07-09,77,18
CLT,2025-07-09,78,24
CLT,2025-07-09,79,11
CLT,2025-07-09,80,4
CLT,2025-07-09,81,22
CLT,2025-07-09,82,19
CLT,2025-07-09,83,18
CLT,2025-07-09,84,10
CLT,2025-07-09,85,14
CLT,2025-07-09,86,16
CLT,2025-07-09,87,19
CLT,2025-07-09,89,9
CLT,2025-07-09,90,18
CLT,2025-07-09,91,13
CLT,2025-07-09,92,3
CLT,2025-07-09,94,2
CLT,2025-07-09,95,1
CLT,2025-07-10,0,1
CLT,2025-07-10,1,1
CLT,2025-07-10,20,1
CLT,2025-07-10,21,1
CLT,2025-07-10,22,4
CLT,2025-07-10,23,3
CLT,2025-07-10,24,12
CLT,2025-07-10,25,15
CLT,2025-07-10,26,9
CLT,2025-07-10,27,4
CLT,2025-07-10,28,18
CLT,2025-07-10,29,25
CLT,2025-07-10,30,9
CLT,2025-07-10,31,26
CLT,2025-07-10,32,28
CLT,2025-07-10,33,21
CLT,2025-07-10,34,3
CLT,2025-07-10,35,15
CLT,2025-07-10,36,27
CLT,2025-07-10,37,23
CLT,2025-07-10,38,18
CLT,2025-07-10,39,22
CLT,2025-07-10,40,27
CLT,2025-07-10,41,23
CLT,2025-07-10,42,13
CLT,2025-07-10,43,7
CLT,2025-07-10,44,30
CLT,2025-07-10,45,30
CLT,2025-07-10,46,21
CLT,2025-07-10,47,11
CLT,2025-07-10,48,16
CLT,2025-07-10,49,25
CLT,2025-07-10,50,9
CLT,2025-07-10,51,3
CLT,2025-07-10,52,27
CLT,2025-07-10,53,23
CLT,2025-07-10,54,24
CLT,2025-07-10,55,18
CLT,2025-07-10,56,19
CLT,2025-07-10,57,4
CLT,2025-07-10,58,32
CLT,2025-07-10,59,20
CLT,2025-07-10,60,22
CLT,2025-07-10,61,18
CLT,2025-07-10,62,26
CLT,2025-07-10,63,18
CLT,2025-07-10,64,15
CLT,2025-07-10,65,28
CLT,2025-07-10,66,18
CLT,2025-07-10,67,15
CLT,2025-07-10,68,28
CLT,2025-07-10,69,29
CLT,2025-07-10,70,14
CLT,2025-07-10,71,8
CLT,2025-07-10,72,21
CLT,2025-07-10,73,22
CLT,2025-07-10,74,16
CLT,2025-07-10,75,12
CLT,2025-07-10,76,19
CLT,2025-07-10,77,35
CLT,2025-07-10,78,28
CLT,2025-07-10,79,14
CLT,2025-07-10,80,5
CLT,2025-07-10,81,29
CLT,2025-07-10,82,25
CLT,2025-07-10,83,24
CLT,2025-07-10,84,14
CLT,2025-07-10,85,15
CLT,2025-07-10,86,24
CLT,2025-07-10,87,24
CLT,2025-07-10,88,2
CLT,2025-07-10,89,15
CLT,2025-07-10,90,24
CLT,2025-07-10,91,24
CLT,2025-07-10,92,8
CLT,2025-07-10,94,3
CLT,2025-07-10,95,2
CLT,2025-07-11,0,1
CLT,2025-07-11,1,2
CLT,2025-07-11,20,1
CLT,2025-07-11,21,2
CLT,2025-07-11,22,5
CLT,2025-07-11,23,3
CLT,2025-07-11,24,15
CLT,2025-07-11,25,20
CLT,2025-07-11,26,11
CLT,2025-07-11,27,3
CLT,2025-07-11,28,18
CLT,2025-07-11,29,25
CLT,2025-07-11,30,8
CLT,2025-07-11,31,27
CLT,2025-07-11,32,31
CLT,2025-07-11,33,25
CLT,2025-07-11,34,3
CLT,2025-07-11,35,14
CLT,2025-07-11,36,27
CLT,2025-07-11,37,25
CLT,2025-07-11,38,18
CLT,2025-07-11,39,21
CLT,2025-07-11,40,31
CLT,2025-07-11,41,23
CLT,2025-07-11,42,14
CLT,2025-07-11,43,8
CLT,2025-07-11,44,31
CLT,2025-07-11,45,32
CLT,2025-07-11,46,20
CLT,2025-07-11,47,11
CLT,2025-07-11,48,16
CLT,2025-07-11,49,25
CLT,2025-07-11,50,8
CLT,2025-07-11,51,3
CLT,2025-07-11,52,27
CLT,2025-07-11,53,23
CLT,2025-07-11,54,22
CLT,2025-07-11,55,20
CLT,2025-07-11,56,20
CLT,2025-07-11,57,6
CLT,2025-07-11,58,34
CLT,2025-07-11,59,19
CLT,2025-07-11,60,23
CLT,2025-07-11,61,18
CLT,2025-07-11,62,29
CLT,2025-07-11,63,19
CLT,2025-07-11,64,15
CLT,2025-07-11,65,31
CLT,2025-07-11,66,22
CLT,2025-07-11,67,16
CLT,2025-07-11,68,27
CLT,2025-07-11,69,29
CLT,2025-07-11,70,16
CLT,2025-07-11,71,8
CLT,2025-07-11,72,24
CLT,2025-07-11,73,21
CLT,2025-07-11,74,14
CLT,2025-07-11,75,12
CLT,2025-07-11,76,23
CLT,2025-07-11,77,33
CLT,2025-07-11,78,31
CLT,2025-07-11,79,13
CLT,2025-07-11,80,6
CLT,2025-07-11,81,32
CLT,2025-07-11,82,25
CLT,2025-07-11,83,25
CLT,2025-07-11,84,16
CLT,2025-07-11,85,20
CLT,2025-07-11,86,28
CLT,2025-07-11,87,28
CLT,2025-07-11,88,2
CLT,2025-07-11,89,14
CLT,2025-07-11,90,28
CLT,2025-07-11,91,26
CLT,2025-07-11,92,8
CLT,2025-07-11,94,3
CLT,2025-07-11,95,2
CLT,2025-07-12,0,1
CLT,2025-07-12,1,2
CLT,2025-07-12,20,2
CLT,2025-07-12,21,2
CLT,2025-07-12,22,3
CLT,2025-07-12,23,3
CLT,2025-07-12,24,14
CLT,2025-07-12,25,20
CLT,2025-07-12,26,12
CLT,2025-07-12,27,3
CLT,2025-07-12,28,20
CLT,2025-07-12,29,21
CLT,2025-07-12,30,8
CLT,2025-07-12,31,26
CLT,2025-07-12,32,31
CLT,2025-07-12,33,26
CLT,2025-07-12,34,5
CLT,2025-07-12,35,13
CLT,2025-07-12,36,22
CLT,2025-07-12,37,26
CLT,2025-07-12,38,16
CLT,2025-07-12,39,21
CLT,2025-07-12,40,28
CLT,2025-07-12,41,28
CLT,2025-07-12,42,11
CLT,2025-07-12,43,5
CLT,2025-07-12,44,28
CLT,2025-07-12,45,30
CLT,2025-07-12,46,20
CLT,2025-07-12,47,9
CLT,2025-07-12,48,13
CLT,2025-07-12,49,19
CLT,2025-07-12,50,10
CLT,2025-07-12,51,3
CLT,2025-07-12,52,27
CLT,2025-07-12,53,16
CLT,2025-07-12,54,20
CLT,2025-07-12,55,22
CLT,2025-07-12,56,13
CLT,2025-07-12,57,7
CLT,2025-07-12,58,34
CLT,2025-07-12,59,17
CLT,2025-07-12,60,22
CLT,2025-07-12,61,13
CLT,2025-07-12,62,26
CLT,2025-07-12,63,15
CLT,2025-07-12,64,18
CLT,2025-07-12,65,29
CLT,2025-07-12,66,15
CLT,2025-07-12,67,12
CLT,2025-07-12,68,21
CLT,2025-07-12,69,27
CLT,2025-07-12,70,14
CLT,2025-07-12,71,6
CLT,2025-07-12,72,24
CLT,2025-07-12,73,20
CLT,2025-07-12,74,15
CLT,2025-07-12,75,9
CLT,2025-07-12,76,21
CLT,2025-07-12,77,27
CLT,2025-07-12,78,28
CLT,2025-07-12,79,14
CLT,2025-07-12,80,4
CLT,2025-07-12,81,24
CLT,2025-07-12,82,26
CLT,2025-07-12,83,19
CLT,2025-07-12,84,11
CLT,2025-07-12,85,19
CLT,2025-07-12,86,29
CLT,2025-07-12,87,24
CLT,2025-07-12,89,11
CLT,2025-07-12,90,25
CLT,2025-07-12,91,25
CLT,2025-07-12,92,7
CLT,2025-07-12,93,1
CLT,2025-07-12,94,2
CLT,2025-07-12,95,2
CLT,2025-07-13,2,2
CLT,2025-07-13,20,1
CLT,2025-07-13,21,2
CLT,2025-07-13,22,5
CLT,2025-07-13,23,2
CLT,2025-07-13,24,14
CLT,2025-07-13,25,20
CLT,2025-07-13,26,11
CLT,2025-07-13,27,4
CLT,2025-07-13,28,19
CLT,2025-07-13,29,26
CLT,2025-07-13,30,8
CLT,2025-07-13,31,23
CLT,2025-07-13,32,28
CLT,2025-07-13,33,31
CLT,2025-07-13,34,2
CLT,2025-07-13,35,16
CLT,2025-07-13,36,28
CLT,2025-07-13,37,24
CLT,2025-07-13,38,15
CLT,2025-07-13,39,20
CLT,2025-07-13,40,26
CLT,2025-07-13,41,21
CLT,2025-07-13,42,12
CLT,2025-07-13,43,10
CLT,2025-07-13,44,30
CLT,2025-07-13,45,30
CLT,2025-07-13,46,17
CLT,2025-07-13,47,12
CLT,2025-07-13,48,16
CLT,2025-07-13,49,23
CLT,2025-07-13,50,8
CLT,2025-07-13,51,4
CLT,2025-07-13,52,29
CLT,2025-07-13,53,18
CLT,2025-07-13,54,24
CLT,2025-07-13,55,21
CLT,2025-07-13,56,15
CLT,2025-07-13,57,6
CLT,2025-07-13,58,34
CLT,2025-07-13,59,17
CLT,2025-07-13,60,19
CLT,2025-07-13,61,16
CLT,2025-07-13,62,27
CLT,2025-07-13,63,19
CLT,2025-07-13,64,16
CLT,2025-07-13,65,27
CLT,2025-07-13,66,20
CLT,2025-07-13,67,18
CLT,2025-07-13,68,24
CLT,2025-07-13,69,30
CLT,2025-07-13,70,16
CLT,2025-07-13,71,6
CLT,2025-07-13,72,21
CLT,2025-07-13,73,24
CLT,2025-07-13,74,15
CLT,2025-07-13,75,12
CLT,2025-07-13,76,22
CLT,2025-07-13,77,33
CLT,2025-07-13,78,31
CLT,2025-07-13,79,14
CLT,2025-07-13,80,4
CLT,2025-07-13,81,29
CLT,2025-07-13,82,26
CLT,2025-07-13,83,26
CLT,2025-07-13,84,13
CLT,2025-07-13,85,17
CLT,2025-07-13,86,28
CLT,2025-07-13,87,26
CLT,2025-07-13,89,12
CLT,2025-07-13,90,29
CLT,2025-07-13,91,24
CLT,2025-07-13,92,6
CLT,2025-07-13,94,3
CLT,2025-07-13,95,3
CLT,2025-07-14,0,1
CLT,2025-07-14,1,2
CLT,2025-07-14,21,2
CLT,2025-07-14,22,5
CLT,2025-07-14,23,2
CLT,2025-07-14,24,14
CLT,2025-07-14,25,21
CLT,2025-07-14,26,11
CLT,2025-07-14,27,4
CLT,2025-07-14,28,18
CLT,2025-07-14,29,25
CLT,2025-07-14,30,9
CLT,2025-07-14,31,25
CLT,2025-07-14,32,29
CLT,2025-07-14,33,25
CLT,2025-07-14,34,3
CLT,2025-07-14,35,13
CLT,2025-07-14,36,28
CLT,2025-07-14,37,25
CLT,2025-07-14,38,19
CLT,2025-07-14,39,20
CLT,2025-07-14,40,32
CLT,2025-07-14,41,25
CLT,2025-07-14,42,14
CLT,2025-07-14,43,8
CLT,2025-07-14,44,30
CLT,2025-07-14,45,29
CLT,2025-07-14,46,20
CLT,2025-07-14,47,11
CLT,2025-07-14,48,15
CLT,2025-07-14,49,25
CLT,2025-07-14,50,8
CLT,2025-07-14,51,3
CLT,2025-07-14,52,26
CLT,2025-07-14,53,23
CLT,2025-07-14,54,22
CLT,2025-07-14,55,21
CLT,2025-07-14,56,19
CLT,2025-07-14,57,4
CLT,2025-07-14,58,32
CLT,2025-07-14,59,18
CLT,2025-07-14,60,22
CLT,2025-07-14,61,16
CLT,2025-07-14,62,27
CLT,2025-07-14,63,18
CLT,2025-07-14,64,12
CLT,2025-07-14,65,30
CLT,2025-07-14,66,19
CLT,2025-07-14,67,14
CLT,2025-07-14,68,25
CLT,2025-07-14,69,27
CLT,2025-07-14,70,13
CLT,2025-07-14,71,7
CLT,2025-07-14,72,22
CLT,2025-07-14,73,19
CLT,2025-07-14,74,13
CLT,2025-07-14,75,9
CLT,2025-07-14,76,22
CLT,2025-07-14,77,27
CLT,2025-07-14,78,29
CLT,2025-07-14,79,12
CLT,2025-07-14,80,5
CLT,2025-07-14,81,29
CLT,2025-07-14,82,25
CLT,2025-07-14,83,24
CLT,2025-07-14,84,14
CLT,2025-07-14,85,18
CLT,2025-07-14,86,22
CLT,2025-07-14,87,24
CLT,2025-07-14,88,1
CLT,2025-07-14,89,10
CLT,2025-07-14,90,28
CLT,2025-07-14,91,25
CLT,2025-07-14,92,7
CLT,2025-07-14,94,3
CLT,2025-07-14,95,2
CLT,2025-07-15,1,2
CLT,2025-07-15,20,1
CLT,2025-07-15,21,1
CLT,2025-07-15,22,4
CLT,2025-07-15,23,3
CLT,2025-07-15,24,15
CLT,2025-07-15,25,20
CLT,2025-07-15,26,12
CLT,2025-07-15,27,3
CLT,2025-07-15,28,17
CLT,2025-07-15,29,25
CLT,2025-07-15,30,8
CLT,2025-07-15,31,26
CLT,2025-07-15,32,29
CLT,2025-07-15,33,23
CLT,2025-07-15,34,3
CLT,2025-07-15,35,14
CLT,2025-07-15,36,27
CLT,2025-07-15,37,24
CLT,2025-07-15,38,18
CLT,2025-07-15,39,18
CLT,2025-07-15,40,30
CLT,2025-07-15,41,23
CLT,2025-07-15,42,11
CLT,2025-07-15,43,7
CLT,2025-07-15,44,29
CLT,2025-07-15,45,28
CLT,2025-07-15,46,17
CLT,2025-07-15,47,14
CLT,2025-07-15,48,15
CLT,2025-07-15,49,22
CLT,2025-07-15,50,9
CLT,2025-07-15,52,33
CLT,2025-07-15,53,22
CLT,2025-07-15,54,16
CLT,2025-07-15,55,21
CLT,2025-07-15,56,18
CLT,2025-07-15,57,6
CLT,2025-07-15,58,31
CLT,2025-07-15,59,21
CLT,2025-07-15,60,19
CLT,2025-07-15,61,15
CLT,2025-07-15,62,28
CLT,2025-07-15,63,18
CLT,2025-07-15,64,15
CLT,2025-07-15,65,26
CLT,2025-07-15,66,23
CLT,2025-07-15,67,16
CLT,2025-07-15,68,28
CLT,2025-07-15,69,24
CLT,2025-07-15,70,15
CLT,2025-07-15,71,8
CLT,2025-07-15,72,23
CLT,2025-07-15,73,20
CLT,2025-07-15,74,13
CLT,2025-07-15,75,9
CLT,2025-07-15,76,18
CLT,2025-07-15,77,30
CLT,2025-07-15,78,26
CLT,2025-07-15,79,13
CLT,2025-07-15,80,5
CLT,2025-07-15,81,22
CLT,2025-07-15,82,22
CLT,2025-07-15,83,20
CLT,2025-07-15,84,12
CLT,2025-07-15,85,17
CLT,2025-07-15,86,24
CLT,2025-07-15,87,23
CLT,2025-07-15,88,1
CLT,2025-07-15,89,13
CLT,2025-07-15,90,26
CLT,2025-07-15,91,24
CLT,2025-07-15,92,7
CLT,2025-07-15,94,2
CLT,2025-07-15,95,2
CLT,2025-07-16,0,1
CLT,2025-07-16,1,1
CLT,2025-07-16,20,1
CLT,2025-07-16,21,2
CLT,2025-07-16,22,3
CLT,2025-07-16,23,3
CLT,2025-07-16,24,14
CLT,2025-07-16,25,18
CLT,2025-07-16,26,9
CLT,2025-07-16,27,3
CLT,2025-07-16,28,19
CLT,2025-07-16,29,21
CLT,2025-07-16,30,9
CLT,2025-07-16,31,25
CLT,2025-07-16,32,30
CLT,2025-07-16,33,25
CLT,2025-07-16,34,3
CLT,2025-07-16,35,14
CLT,2025-07-16,36,28
CLT,2025-07-16,37,24
CLT,2025-07-16,38,17
CLT,2025-07-16,39,19
CLT,2025-07-16,40,30
CLT,2025-07-16,41,25
CLT,2025-07-16,42,11
CLT,2025-07-16,43,8
CLT,2025-07-16,44,31
CLT,2025-07-16,45,30
CLT,2025-07-16,46,18
CLT,2025-07-16,47,14
CLT,2025-07-16,48,15
CLT,2025-07-16,49,26
CLT,2025-07-16,50,9
CLT,2025-07-16,51,1
CLT,2025-07-16,52,30
CLT,2025-07-16,53,24
CLT,2025-07-16,54,17
CLT,2025-07-16,55,20
CLT,2025-07-16,56,15
CLT,2025-07-16,57,7
CLT,2025-07-16,58,32
CLT,2025-07-16,59,19
CLT,2025-07-16,60,19
CLT,2025-07-16,61,17
CLT,2025-07-16,62,30
CLT,2025-07-16,63,20
CLT,2025-07-16,64,15
CLT,2025-07-16,65,29
CLT,2025-07-16,66,21
CLT,2025-07-16,67,17
CLT,2025-07-16,68,27
CLT,2025-07-16,69,26
CLT,2025-07-16,70,15
CLT,2025-07-16,71,6
CLT,2025-07-16,72,22
CLT,2025-07-16,73,22
CLT,2025-07-16,74,16
CLT,2025-07-16,75,12
CLT,2025-07-16,76,18
CLT,2025-07-16,77,30
CLT,2025-07-16,78,31
CLT,2025-07-16,79,12
CLT,2025-07-16,80,4
CLT,2025-07-16,81,25
CLT,2025-07-16,82,22
CLT,2025-07-16,83,23
CLT,2025-07-16,84,12
CLT,2025-07-16,85,19
CLT,2025-07-16,86,26
CLT,2025-07-16,87,28
CLT,2025-07-16,88,1
CLT,2025-07-16,89,14
CLT,2025-07-16,90,28
CLT,2025-07-16,91,24
CLT,2025-07-16,92,7
CLT,2025-07-16,94,2
CLT,2025-07-16,95,1
CLT,2025-07-17,1,2
CLT,2025-07-17,20,1
CLT,2025-07-17,21,2
CLT,2025-07-17,22,5
CLT,2025-07-17,23,3
CLT,2025-07-17,24,14
CLT,2025-07-17,25,19
CLT,2025-07-17,26,10
CLT,2025-07-17,27,4
CLT,2025-07-17,28,19
CLT,2025-07-17,29,25
CLT,2025-07-17,30,8
CLT,2025-07-17,31,27
CLT,2025-07-17,32,28
CLT,2025-07-17,33,27
CLT,2025-07-17,34,3
CLT,2025-07-17,35,15
CLT,2025-07-17,36,28
CLT,2025-07-17,37,24
CLT,2025-07-17,38,18
CLT,2025-07-17,39,24
CLT,2025-07-17,40,32
CLT,2025-07-17,41,25
CLT,2025-07-17,42,14
CLT,2025-07-17,43,8
CLT,2025-07-17,44,31
CLT,2025-07-17,45,30
CLT,2025-07-17,46,20
CLT,2025-07-17,47,11
CLT,2025-07-17,48,16
CLT,2025-07-17,49,26
CLT,2025-07-17,50,9
CLT,2025-07-17,51,3
CLT,2025-07-17,52,27
CLT,2025-07-17,53,23
CLT,2025-07-17,54,22
CLT,2025-07-17,55,19
CLT,2025-07-17,56,18
CLT,2025-07-17,57,5
CLT,2025-07-17,58,31
CLT,2025-07-17,59,20
CLT,2025-07-17,60,22
CLT,2025-07-17,61,19
CLT,2025-07-17,62,28
CLT,2025-07-17,63,19
CLT,2025-07-17,64,15
CLT,2025-07-17,65,30
CLT,2025-07-17,66,21
CLT,2025-07-17,67,16
CLT,2025-07-17,68,27
CLT,2025-07-17,69,30
CLT,2025-07-17,70,14
CLT,2025-07-17,71,8
CLT,2025-07-17,72,24
CLT,2025-07-17,73,23
CLT,2025-07-17,74,16
CLT,2025-07-17,75,12
CLT,2025-07-17,76,21
CLT,2025-07-17,77,37
CLT,2025-07-17,78,30
CLT,2025-07-17,79,13
CLT,2025-07-17,80,5
CLT,2025-07-17,81,31
CLT,2025-07-17,82,26
CLT,2025-07-17,83,26
CLT,2025-07-17,84,16
CLT,2025-07-17,85,18
CLT,2025-07-17,86,28
CLT,2025-07-17,87,29
CLT,2025-07-17,88,2
CLT,2025-07-17,89,15
CLT,2025-07-17,90,27
CLT,2025-07-17,91,28
CLT,2025-07-17,92,8
CLT,2025-07-17,94,3
CLT,2025-07-17,95,2
CLT,2025-07-18,0,1
CLT,2025-07-18,1,2
CLT,2025-07-18,20,1
CLT,2025-07-18,21,2
CLT,2025-07-18,22,5
CLT,2025-07-18,23,3
CLT,2025-07-18,24,15
CLT,2025-07-18,25,19
CLT,2025-07-18,26,11
CLT,2025-07-18,27,4
CLT,2025-07-18,28,18
CLT,2025-07-18,29,25
CLT,2025-07-18,30,9
CLT,2025-07-18,31,28
CLT,2025-07-18,32,30
CLT,2025-07-18,33,27
CLT,2025-07-18,34,3
CLT,2025-07-18,35,14
CLT,2025-07-18,36,27
CLT,2025-07-18,37,25
CLT,2025-07-18,38,19
CLT,2025-07-18,39,23
CLT,2025-07-18,40,32
CLT,2025-07-18,41,26
CLT,2025-07-18,42,14
CLT,2025-07-18,43,7
CLT,2025-07-18,44,30
CLT,2025-07-18,45,32
CLT,2025-07-18,46,20
CLT,2025-07-18,47,11
CLT,2025-07-18,48,15
CLT,2025-07-18,49,26
CLT,2025-07-18,50,8
CLT,2025-07-18,51,3
CLT,2025-07-18,52,27
CLT,2025-07-18,53,25
CLT,2025-07-18,54,22
CLT,2025-07-18,55,21
CLT,2025-07-18,56,19
CLT,2025-07-18,57,5
CLT,2025-07-18,58,34
CLT,2025-07-18,59,18
CLT,2025-07-18,60,23
CLT,2025-07-18,61,17
CLT,2025-07-18,62,29
CLT,2025-07-18,63,19
CLT,2025-07-18,64,15
CLT,2025-07-18,65,31
CLT,2025-07-18,66,22
CLT,2025-07-18,67,16
CLT,2025-07-18,68,27
CLT,2025-07-18,69,30
CLT,2025-07-18,70,16
CLT,2025-07-18,71,7
CLT,2025-07-18,72,24
CLT,2025-07-18,73,21
CLT,2025-07-18,74,14
CLT,2025-07-18,75,12
CLT,2025-07-18,76,23
CLT,2025-07-18,77,33
CLT,2025-07-18,78,31
CLT,2025-07-18,79,14
CLT,2025-07-18,80,6
CLT,2025-07-18,81,32
CLT,2025-07-18,82,25
CLT,2025-07-18,83,24
CLT,2025-07-18,84,16
CLT,2025-07-18,85,20
CLT,2025-07-18,86,28
CLT,2025-07-18,87,28
CLT,2025-07-18,88,2
CLT,2025-07-18,89,14
CLT,2025-07-18,90,27
CLT,2025-07-18,91,29
CLT,2025-07-18,92,8
CLT,2025-07-18,94,3
CLT,2025-07-18,95,2
CLT,2025-07-19,0,1
CLT,2025-07-19,1,2
CLT,2025-07-19,20,2
CLT,2025-07-19,21,2
CLT,2025-07-19,22,4
CLT,2025-07-19,23,3
CLT,2025-07-19,24,14
CLT,2025-07-19,25,19
CLT,2025-07-19,26,11
CLT,2025-07-19,27,3
CLT,2025-07-19,28,20
CLT,2025-07-19,29,20
CLT,2025-07-19,30,8
CLT,2025-07-19,31,25
CLT,2025-07-19,32,32
CLT,2025-07-19,33,27
CLT,2025-07-19,34,5
CLT,2025-07-19,35,13
CLT,2025-07-19,36,24
CLT,2025-07-19,37,26
CLT,2025-07-19,38,15
CLT,2025-07-19,39,21
CLT,2025-07-19,40,27
CLT,2025-07-19,41,28
CLT,2025-07-19,42,11
CLT,2025-07-19,43,6
CLT,2025-07-19,44,28
CLT,2025-07-19,45,29
CLT,2025-07-19,46,20
CLT,2025-07-19,47,9
CLT,2025-07-19,48,12
CLT,2025-07-19,49,20
CLT,2025-07-19,50,10
CLT,2025-07-19,51,4
CLT,2025-07-19,52,28
CLT,2025-07-19,53,16
CLT,2025-07-19,54,19
CLT,2025-07-19,55,22
CLT,2025-07-19,56,13
CLT,2025-07-19,57,7
CLT,2025-07-19,58,34
CLT,2025-07-19,59,17
CLT,2025-07-19,60,22
CLT,2025-07-19,61,12
CLT,2025-07-19,62,25
CLT,2025-07-19,63,17
CLT,2025-07-19,64,18
CLT,2025-07-19,65,30
CLT,2025-07-19,66,16
CLT,2025-07-19,67,12
CLT,2025-07-19,68,21
CLT,2025-07-19,69,28
CLT,2025-07-19,70,15
CLT,2025-07-19,71,7
CLT,2025-07-19,72,26
CLT,2025-07-19,73,21
CLT,2025-07-19,74,16
CLT,2025-07-19,75,9
CLT,2025-07-19,76,22
CLT,2025-07-19,77,27
CLT,2025-07-19,78,30
CLT,2025-07-19,79,14
CLT,2025-07-19,80,4
CLT,2025-07-19,81,26
CLT,2025-07-19,82,28
CLT,2025-07-19,83,19
CLT,2025-07-19,84,12
CLT,2025-07-19,85,19
CLT,2025-07-19,86,33
CLT,2025-07-19,87,26
CLT,2025-07-19,89,13
CLT,2025-07-19,90,27
CLT,2025-07-19,91,28
CLT,2025-07-19,92,7
CLT,2025-07-19,93,1
CLT,2025-07-19,94,2
CLT,2025-07-19,95,2
CLT,2025-07-20,1,1
CLT,2025-07-20,2,2
CLT,2025-07-20,20,1
CLT,2025-07-20,21,2
CLT,2025-07-20,22,5
CLT,2025-07-20,23,2
CLT,2025-07-20,24,14
CLT,2025-07-20,25,20
CLT,2025-07-20,26,11
CLT,2025-07-20,27,4
CLT,2025-07-20,28,19
CLT,2025-07-20,29,27
CLT,2025-07-20,30,8
CLT,2025-07-20,31,26
CLT,2025-07-20,32,31
CLT,2025-07-20,33,33
CLT,2025-07-20,34,3
CLT,2025-07-20,35,16
CLT,2025-07-20,36,29
CLT,2025-07-20,37,25
CLT,2025-07-20,38,17
CLT,2025-07-20,39,20
CLT,2025-07-20,40,30
CLT,2025-07-20,41,25
CLT,2025-07-20,42,11
CLT,2025-07-20,43,10
CLT,2025-07-20,44,32
CLT,2025-07-20,45,30
CLT,2025-07-20,46,19
CLT,2025-07-20,47,12
CLT,2025-07-20,48,16
CLT,2025-07-20,49,25
CLT,2025-07-20,50,8
CLT,2025-07-20,51,4
CLT,2025-07-20,52,29
CLT,2025-07-20,53,18
CLT,2025-07-20,54,26
CLT,2025-07-20,55,21
CLT,2025-07-20,56,17
CLT,2025-07-20,57,6
CLT,2025-07-20,58,36
CLT,2025-07-20,59,18
CLT,2025-07-20,60,20
CLT,2025-07-20,61,17
CLT,2025-07-20,62,28
CLT,2025-07-20,63,21
CLT,2025-07-20,64,16
CLT,2025-07-20,65,28
CLT,2025-07-20,66,22
CLT,2025-07-20,67,18
CLT,2025-07-20,68,24
CLT,2025-07-20,69,31
CLT,2025-07-20,70,16
CLT,2025-07-20,71,6
CLT,2025-07-20,72,23
CLT,2025-07-20,73,25
CLT,2025-07-20,74,15
CLT,2025-07-20,75,11
CLT,2025-07-20,76,23
CLT,2025-07-20,77,33
CLT,2025-07-20,78,33
CLT,2025-07-20,79,14
CLT,2025-07-20,80,4
CLT,2025-07-20,81,32
CLT,2025-07-20,82,26
CLT,2025-07-20,83,27
CLT,2025-07-20,84,14
CLT,2025-07-20,85,19
CLT,2025-07-20,86,30
CLT,2025-07-20,87,27
CLT,2025-07-20,88,1
CLT,2025-07-20,89,16
CLT,2025-07-20,90,29
CLT,2025-07-20,91,26
CLT,2025-07-20,92,7
CLT,2025-07-20,94,2
CLT,2025-07-20,95,4
CLT,2025-07-21,0,1
CLT,2025-07-21,1,2
CLT,2025-07-21,20,1
CLT,2025-07-21,21,2
CLT,2025-07-21,22,5
CLT,2025-07-21,23,3
CLT,2025-07-21,24,15
CLT,2025-07-21,25,20
CLT,2025-07-21,26,11
CLT,2025-07-21,27,4
CLT,2025-07-21,28,19
CLT,2025-07-21,29,25
CLT,2025-07-21,30,9
CLT,2025-07-21,31,28
CLT,2025-07-21,32,31
CLT,2025-07-21,33,27
CLT,2025-07-21,34,3
CLT,2025-07-21,35,13
CLT,2025-07-21,36,27
CLT,2025-07-21,37,25
CLT,2025-07-21,38,17
CLT,2025-07-21,39,22
CLT,2025-07-21,40,32
CLT,2025-07-21,41,25
CLT,2025-07-21,42,14
CLT,2025-07-21,43,8
CLT,2025-07-21,44,30
CLT,2025-07-21,45,32
CLT,2025-07-21,46,19
CLT,2025-07-21,47,11
CLT,2025-07-21,48,16
CLT,2025-07-21,49,25
CLT,2025-07-21,50,8
CLT,2025-07-21,51,3
CLT,2025-07-21,52,27
CLT,2025-07-21,53,25
CLT,2025-07-21,54,22
CLT,2025-07-21,55,21
CLT,2025-07-21,56,20
CLT,2025-07-21,57,6
CLT,2025-07-21,58,33
CLT,2025-07-21,59,18
CLT,2025-07-21,60,23
CLT,2025-07-21,61,17
CLT,2025-07-21,62,28
CLT,2025-07-21,63,19
CLT,2025-07-21,64,15
CLT,2025-07-21,65,30
CLT,2025-07-21,66,22
CLT,2025-07-21,67,16
CLT,2025-07-21,68,28
CLT,2025-07-21,69,29
CLT,2025-07-21,70,14
CLT,2025-07-21,71,9
CLT,2025-07-21,72,24
CLT,2025-07-21,73,21
CLT,2025-07-21,74,14
CLT,2025-07-21,75,12
CLT,2025-07-21,76,22
CLT,2025-07-21,77,33
CLT,2025-07-21,78,31
CLT,2025-07-21,79,14
CLT,2025-07-21,80,6
CLT,2025-07-21,81,32
CLT,2025-07-21,82,26
CLT,2025-07-21,83,25
CLT,2025-07-21,84,15
CLT,2025-07-21,85,20
CLT,2025-07-21,86,27
CLT,2025-07-21,87,27
CLT,2025-07-21,88,2
CLT,2025-07-21,89,14
CLT,2025-07-21,90,28
CLT,2025-07-21,91,29
CLT,2025-07-21,92,8
CLT,2025-07-21,94,3
CLT,2025-07-21,95,2
CLT,2025-07-22,0,1
CLT,2025-07-22,1,2
CLT,2025-07-22,20,1
CLT,2025-07-22,21,2
CLT,2025-07-22,22,4
CLT,2025-07-22,23,3
CLT,2025-07-22,24,15
CLT,2025-07-22,25,21
CLT,2025-07-22,26,12
CLT,2025-07-22,27,4
CLT,2025-07-22,28,19
CLT,2025-07-22,29,27
CLT,2025-07-22,30,8
CLT,2025-07-22,31,27
CLT,2025-07-22,32,29
CLT,2025-07-22,33,25
CLT,2025-07-22,34,3
CLT,2025-07-22,35,14
CLT,2025-07-22,36,28
CLT,2025-07-22,37,24
CLT,2025-07-22,38,18
CLT,2025-07-22,39,20
CLT,2025-07-22,40,31
CLT,2025-07-22,41,23
CLT,2025-07-22,42,12
CLT,2025-07-22,43,8
CLT,2025-07-22,44,30
CLT,2025-07-22,45,28
CLT,2025-07-22,46,17
CLT,2025-07-22,47,14
CLT,2025-07-22,48,15
CLT,2025-07-22,49,24
CLT,2025-07-22,50,10
CLT,2025-07-22,51,1
CLT,2025-07-22,52,32
CLT,2025-07-22,53,23
CLT,2025-07-22,54,17
CLT,2025-07-22,55,21
CLT,2025-07-22,56,18
CLT,2025-07-22,57,6
CLT,2025-07-22,58,31
CLT,2025-07-22,59,21
CLT,2025-07-22,60,20
CLT,2025-07-22,61,15
CLT,2025-07-22,62,28
CLT,2025-07-22,63,19
CLT,2025-07-22,64,15
CLT,2025-07-22,65,26
CLT,2025-07-22,66,22
CLT,2025-07-22,67,17
CLT,2025-07-22,68,28
CLT,2025-07-22,69,26
CLT,2025-07-22,70,15
CLT,2025-07-22,71,8
CLT,2025-07-22,72,24
CLT,2025-07-22,73,21
CLT,2025-07-22,74,17
CLT,2025-07-22,75,13
CLT,2025-07-22,76,19
CLT,2025-07-22,77,31
CLT,2025-07-22,78,28
CLT,2025-07-22,79,13
CLT,2025-07-22,80,5
CLT,2025-07-22,81,24
CLT,2025-07-22,82,25
CLT,2025-07-22,83,23
CLT,2025-07-22,84,12
CLT,2025-07-22,85,19
CLT,2025-07-22,86,27
CLT,2025-07-22,87,27
CLT,2025-07-22,88,1
CLT,2025-07-22,89,14
CLT,2025-07-22,90,28
CLT,2025-07-22,91,26
CLT,2025-07-22,92,7
CLT,2025-07-22,94,2
CLT,2025-07-22,95,2
CLT,2025-07-23,0,1
CLT,2025-07-23,1,2
CLT,2025-07-23,20,1
CLT,2025-07-23,21,2
CLT,2025-07-23,22,4
CLT,2025-07-23,23,3
CLT,2025-07-23,24,15
CLT,2025-07-23,25,20
CLT,2025-07-23,26,11
CLT,2025-07-23,27,4
CLT,2025-07-23,28,20
CLT,2025-07-23,29,23
CLT,2025-07-23,30,9
CLT,2025-07-23,31,27
CLT,2025-07-23,32,30
CLT,2025-07-23,33,26
CLT,2025-07-23,34,3
CLT,2025-07-23,35,14
CLT,2025-07-23,36,29
CLT,2025-07-23,37,24
CLT,2025-07-23,38,17
CLT,2025-07-23,39,19
CLT,2025-07-23,40,31
CLT,2025-07-23,41,26
CLT,2025-07-23,42,11
CLT,2025-07-23,43,8
CLT,2025-07-23,44,30
CLT,2025-07-23,45,30
CLT,2025-07-23,46,17
CLT,2025-07-23,47,14
CLT,2025-07-23,48,15
CLT,2025-07-23,49,26
CLT,2025-07-23,50,9
CLT,2025-07-23,51,1
CLT,2025-07-23,52,31
CLT,2025-07-23,53,24
CLT,2025-07-23,54,18
CLT,2025-07-23,55,21
CLT,2025-07-23,56,17
CLT,2025-07-23,57,7
CLT,2025-07-23,58,32
CLT,2025-07-23,59,19
CLT,2025-07-23,60,19
CLT,2025-07-23,61,17
CLT,2025-07-23,62,30
CLT,2025-07-23,63,19
CLT,2025-07-23,64,15
CLT,2025-07-23,65,29
CLT,2025-07-23,66,20
CLT,2025-07-23,67,15
CLT,2025-07-23,68,28
CLT,2025-07-23,69,27
CLT,2025-07-23,70,15
CLT,2025-07-23,71,7
CLT,2025-07-23,72,24
CLT,2025-07-23,73,21
CLT,2025-07-23,74,16
CLT,2025-07-23,75,13
CLT,2025-07-23,76,18
CLT,2025-07-23,77,31
CLT,2025-07-23,78,32
CLT,2025-07-23,79,13
CLT,2025-07-23,80,4
CLT,2025-07-23,81,25
CLT,2025-07-23,82,24
CLT,2025-07-23,83,23
CLT,2025-07-23,84,14
CLT,2025-07-23,85,21
CLT,2025-07-23,86,26
CLT,2025-07-23,87,26
CLT,2025-07-23,88,1
CLT,2025-07-23,89,14
CLT,2025-07-23,90,29
CLT,2025-07-23,91,26
CLT,2025-07-23,92,7
CLT,2025-07-23,94,2
CLT,2025-07-23,95,2
CLT,2025-07-24,0,1
CLT,2025-07-24,1,2
CLT,2025-07-24,20,1
CLT,2025-07-24,21,2
CLT,2025-07-24,22,5
CLT,2025-07-24,23,3
CLT,2025-07-24,24,15
CLT,2025-07-24,25,20
CLT,2025-07-24,26,10
CLT,2025-07-24,27,4
CLT,2025-07-24,28,19
CLT,2025-07-24,29,25
CLT,2025-07-24,30,9
CLT,2025-07-24,31,29
CLT,2025-07-24,32,30
CLT,2025-07-24,33,27
CLT,2025-07-24,34,3
CLT,2025-07-24,35,15
CLT,2025-07-24,36,29
CLT,2025-07-24,37,24
CLT,2025-07-24,38,18
CLT,2025-07-24,39,23
CLT,2025-07-24,40,32
CLT,2025-07-24,41,25
CLT,2025-07-24,42,14
CLT,2025-07-24,43,8
CLT,2025-07-24,44,31
CLT,2025-07-24,45,30
CLT,2025-07-24,46,20
CLT,2025-07-24,47,11
CLT,2025-07-24,48,16
CLT,2025-07-24,49,26
CLT,2025-07-24,50,9
CLT,2025-07-24,51,3
CLT,2025-07-24,52,27
CLT,2025-07-24,53,24
CLT,2025-07-24,54,23
CLT,2025-07-24,55,18
CLT,2025-07-24,56,19
CLT,2025-07-24,57,5
CLT,2025-07-24,58,32
CLT,2025-07-24,59,20
CLT,2025-07-24,60,22
CLT,2025-07-24,61,19
CLT,2025-07-24,62,28
CLT,2025-07-24,63,19
CLT,2025-07-24,64,15
CLT,2025-07-24,65,28
CLT,2025-07-24,66,22
CLT,2025-07-24,67,15
CLT,2025-07-24,68,28
CLT,2025-07-24,69,31
CLT,2025-07-24,70,15
CLT,2025-07-24,71,8
CLT,2025-07-24,72,23
CLT,2025-07-24,73,22
CLT,2025-07-24,74,16
CLT,2025-07-24,75,12
CLT,2025-07-24,76,20
CLT,2025-07-24,77,37
CLT,2025-07-24,78,29
CLT,2025-07-24,79,14
CLT,2025-07-24,80,5
CLT,2025-07-24,81,30
CLT,2025-07-24,82,26
CLT,2025-07-24,83,26
CLT,2025-07-24,84,16
CLT,2025-07-24,85,19
CLT,2025-07-24,86,29
CLT,2025-07-24,87,29
CLT,2025-07-24,88,2
CLT,2025-07-24,89,15
CLT,2025-07-24,90,30
CLT,2025-07-24,91,27
CLT,2025-07-24,92,8
CLT,2025-07-24,94,3
CLT,2025-07-24,95,2
CLT,2025-07-25,0,1
CLT,2025-07-25,1,2
CLT,2025-07-25,20,1
CLT,2025-07-25,21,2
CLT,2025-07-25,22,4
CLT,2025-07-25,23,3
CLT,2025-07-25,24,15
CLT,2025-07-25,25,20
CLT,2025-07-25,26,11
CLT,2025-07-25,27,4
CLT,2025-07-25,28,19
CLT,2025-07-25,29,25
CLT,2025-07-25,30,9
CLT,2025-07-25,31,28
CLT,2025-07-25,32,30
CLT,2025-07-25,33,28
CLT,2025-07-25,34,3
CLT,2025-07-25,35,14
CLT,2025-07-25,36,28
CLT,2025-07-25,37,25
CLT,2025-07-25,38,19
CLT,2025-07-25,39,22
CLT,2025-07-25,40,32
CLT,2025-07-25,41,24
CLT,2025-07-25,42,14
CLT,2025-07-25,43,8
CLT,2025-07-25,44,30
CLT,2025-07-25,45,31
CLT,2025-07-25,46,20
CLT,2025-07-25,47,11
CLT,2025-07-25,48,16
CLT,2025-07-25,49,26
CLT,2025-07-25,50,8
CLT,2025-07-25,51,3
CLT,2025-07-25,52,28
CLT,2025-07-25,53,25
CLT,2025-07-25,54,21
CLT,2025-07-25,55,21
CLT,2025-07-25,56,20
CLT,2025-07-25,57,6
CLT,2025-07-25,58,33
CLT,2025-07-25,59,19
CLT,2025-07-25,60,23
CLT,2025-07-25,61,16
CLT,2025-07-25,62,29
CLT,2025-07-25,63,18
CLT,2025-07-25,64,15
CLT,2025-07-25,65,31
CLT,2025-07-25,66,21
CLT,2025-07-25,67,16
CLT,2025-07-25,68,27
CLT,2025-07-25,69,32
CLT,2025-07-25,70,15
CLT,2025-07-25,71,6
CLT,2025-07-25,72,24
CLT,2025-07-25,73,22
CLT,2025-07-25,74,13
CLT,2025-07-25,75,12
CLT,2025-07-25,76,22
CLT,2025-07-25,77,33
CLT,2025-07-25,78,30
CLT,2025-07-25,79,12
CLT,2025-07-25,80,6
CLT,2025-07-25,81,31
CLT,2025-07-25,82,25
CLT,2025-07-25,83,25
CLT,2025-07-25,84,15
CLT,2025-07-25,85,19
CLT,2025-07-25,86,28
CLT,2025-07-25,87,28
CLT,2025-07-25,89,14
CLT,2025-07-25,90,28
CLT,2025-07-25,91,26
CLT,2025-07-25,92,8
CLT,2025-07-25,94,3
CLT,2025-07-25,95,2
CLT,2025-07-26,0,1
CLT,2025-07-26,1,2
CLT,2025-07-26,20,2
CLT,2025-07-26,21,2
CLT,2025-07-26,22,4
CLT,2025-07-26,23,3
CLT,2025-07-26,24,14
CLT,2025-07-26,25,20
CLT,2025-07-26,26,12
CLT,2025-07-26,27,3
CLT,2025-07-26,28,19
CLT,2025-07-26,29,21
CLT,2025-07-26,30,8
CLT,2025-07-26,31,25
CLT,2025-07-26,32,31
CLT,2025-07-26,33,25
CLT,2025-07-26,34,5
CLT,2025-07-26,35,13
CLT,2025-07-26,36,24
CLT,2025-07-26,37,25
CLT,2025-07-26,38,15
CLT,2025-07-26,39,21
CLT,2025-07-26,40,28
CLT,2025-07-26,41,28
CLT,2025-07-26,42,11
CLT,2025-07-26,43,6
CLT,2025-07-26,44,28
CLT,2025-07-26,45,30
CLT,2025-07-26,46,20
CLT,2025-07-26,47,9
CLT,2025-07-26,48,12
CLT,2025-07-26,49,20
CLT,2025-07-26,50,10
CLT,2025-07-26,51,4
CLT,2025-07-26,52,28
CLT,2025-07-26,53,15
CLT,2025-07-26,54,20
CLT,2025-07-26,55,21
CLT,2025-07-26,56,13
CLT,2025-07-26,57,7
CLT,2025-07-26,58,35
CLT,2025-07-26,59,17
CLT,2025-07-26,60,22
CLT,2025-07-26,61,12
CLT,2025-07-26,62,26
CLT,2025-07-26,63,17
CLT,2025-07-26,64,18
CLT,2025-07-26,65,30
CLT,2025-07-26,66,15
CLT,2025-07-26,67,13
CLT,2025-07-26,68,21
CLT,2025-07-26,69,27
CLT,2025-07-26,70,15
CLT,2025-07-26,71,7
CLT,2025-07-26,72,25
CLT,2025-07-26,73,21
CLT,2025-07-26,74,16
CLT,2025-07-26,75,9
CLT,2025-07-26,76,22
CLT,2025-07-26,77,27
CLT,2025-07-26,78,31
CLT,2025-07-26,79,14
CLT,2025-07-26,80,4
CLT,2025-07-26,81,26
CLT,2025-07-26,82,28
CLT,2025-07-26,83,19
CLT,2025-07-26,84,13
CLT,2025-07-26,85,19
CLT,2025-07-26,86,34
CLT,2025-07-26,87,25
CLT,2025-07-26,89,13
CLT,2025-07-26,90,26
CLT,2025-07-26,91,27
CLT,2025-07-26,92,7
CLT,2025-07-26,93,1
CLT,2025-07-26,94,2
CLT,2025-07-26,95,2
CLT,2025-07-27,1,1
CLT,2025-07-27,2,2
CLT,2025-07-27,20,1
CLT,2025-07-27,21,2
CLT,2025-07-27,22,5
CLT,2025-07-27,23,2
CLT,2025-07-27,24,14
CLT,2025-07-27,25,20
CLT,2025-07-27,26,11
CLT,2025-07-27,27,4
CLT,2025-07-27,28,19
CLT,2025-07-27,29,28
CLT,2025-07-27,30,8
CLT,2025-07-27,31,26
CLT,2025-07-27,32,30
CLT,2025-07-27,33,31
CLT,2025-07-27,34,3
CLT,2025-07-27,35,15
CLT,2025-07-27,36,27
CLT,2025-07-27,37,25
CLT,2025-07-27,38,17
CLT,2025-07-27,39,21
CLT,2025-07-27,40,30
CLT,2025-07-27,41,25
CLT,2025-07-27,42,12
CLT,2025-07-27,43,9
CLT,2025-07-27,44,34
CLT,2025-07-27,45,30
CLT,2025-07-27,46,18
CLT,2025-07-27,47,14
CLT,2025-07-27,48,15
CLT,2025-07-27,49,23
CLT,2025-07-27,50,8
CLT,2025-07-27,51,4
CLT,2025-07-27,52,28
CLT,2025-07-27,53,17
CLT,2025-07-27,54,25
CLT,2025-07-27,55,21
CLT,2025-07-27,56,16
CLT,2025-07-27,57,6
CLT,2025-07-27,58,34
CLT,2025-07-27,59,17
CLT,2025-07-27,60,18
CLT,2025-07-27,61,18
CLT,2025-07-27,62,26
CLT,2025-07-27,63,20
CLT,2025-07-27,64,15
CLT,2025-07-27,65,26
CLT,2025-07-27,66,20
CLT,2025-07-27,67,18
CLT,2025-07-27,68,23
CLT,2025-07-27,69,31
CLT,2025-07-27,70,16
CLT,2025-07-27,71,5
CLT,2025-07-27,72,17
CLT,2025-07-27,73,21
CLT,2025-07-27,74,15
CLT,2025-07-27,75,9
CLT,2025-07-27,76,19
CLT,2025-07-27,77,30
CLT,2025-07-27,78,31
CLT,2025-07-27,79,11
CLT,2025-07-27,80,4
CLT,2025-07-27,81,29
CLT,2025-07-27,82,23
CLT,2025-07-27,83,23
CLT,2025-07-27,84,12
CLT,2025-07-27,85,18
CLT,2025-07-27,86,25
CLT,2025-07-27,87,26
CLT,2025-07-27,89,14
CLT,2025-07-27,90,27
CLT,2025-07-27,91,23
CLT,2025-07-27,92,6
CLT,2025-07-27,94,3
CLT,2025-07-27,95,3
CLT,2025-07-28,0,1
CLT,2025-07-28,1,2
CLT,2025-07-28,20,1
CLT,2025-07-28,21,2
CLT,2025-07-28,22,5
CLT,2025-07-28,23,3
CLT,2025-07-28,24,15
CLT,2025-07-28,25,19
CLT,2025-07-28,26,10
CLT,2025-07-28,27,4
CLT,2025-07-28,28,19
CLT,2025-07-28,29,23
CLT,2025-07-28,30,8
CLT,2025-07-28,31,23
CLT,2025-07-28,32,25
CLT,2025-07-28,33,27
CLT,2025-07-28,34,3
CLT,2025-07-28,35,13
CLT,2025-07-28,36,24
CLT,2025-07-28,37,25
CLT,2025-07-28,38,19
CLT,2025-07-28,39,20
CLT,2025-07-28,40,29
CLT,2025-07-28,41,23
CLT,2025-07-28,42,14
CLT,2025-07-28,43,8
CLT,2025-07-28,44,32
CLT,2025-07-28,45,31
CLT,2025-07-28,46,19
CLT,2025-07-28,47,11
CLT,2025-07-28,48,15
CLT,2025-07-28,49,26
CLT,2025-07-28,50,8
CLT,2025-07-28,51,2
CLT,2025-07-28,52,27
CLT,2025-07-28,53,22
CLT,2025-07-28,54,22
CLT,2025-07-28,55,21
CLT,2025-07-28,56,20
CLT,2025-07-28,57,6
CLT,2025-07-28,58,32
CLT,2025-07-28,59,19
CLT,2025-07-28,60,23
CLT,2025-07-28,61,17
CLT,2025-07-28,62,28
CLT,2025-07-28,63,19
CLT,2025-07-28,64,15
CLT,2025-07-28,65,28
CLT,2025-07-28,66,23
CLT,2025-07-28,67,17
CLT,2025-07-28,68,24
CLT,2025-07-28,69,30
CLT,2025-07-28,70,15
CLT,2025-07-28,71,9
CLT,2025-07-28,72,23
CLT,2025-07-28,73,21
CLT,2025-07-28,74,14
CLT,2025-07-28,75,12
CLT,2025-07-28,76,22
CLT,2025-07-28,77,32
CLT,2025-07-28,78,31
CLT,2025-07-28,79,15
CLT,2025-07-28,80,6
CLT,2025-07-28,81,32
CLT,2025-07-28,82,25
CLT,2025-07-28,83,26
CLT,2025-07-28,84,15
CLT,2025-07-28,85,19
CLT,2025-07-28,86,27
CLT,2025-07-28,87,28
CLT,2025-07-28,88,2
CLT,2025-07-28,89,14
CLT,2025-07-28,90,28
CLT,2025-07-28,91,29
CLT,2025-07-28,92,8
CLT,2025-07-28,94,3
CLT,2025-07-28,95,2
CLT,2025-07-29,0,1
CLT,2025-07-29,1,2
CLT,2025-07-29,20,1
CLT,2025-07-29,21,2
CLT,2025-07-29,22,4
CLT,2025-07-29,23,3
CLT,2025-07-29,24,15
CLT,2025-07-29,25,20
CLT,2025-07-29,26,12
CLT,2025-07-29,27,4
CLT,2025-07-29,28,19
CLT,2025-07-29,29,26
CLT,2025-07-29,30,8
CLT,2025-07-29,31,27
CLT,2025-07-29,32,30
CLT,2025-07-29,33,25
CLT,2025-07-29,34,3
CLT,2025-07-29,35,14
CLT,2025-07-29,36,27
CLT,2025-07-29,37,24
CLT,2025-07-29,38,18
CLT,2025-07-29,39,21
CLT,2025-07-29,40,29
CLT,2025-07-29,41,24
CLT,2025-07-29,42,12
CLT,2025-07-29,43,8
CLT,2025-07-29,44,30
CLT,2025-07-29,45,28
CLT,2025-07-29,46,17
CLT,2025-07-29,47,14
CLT,2025-07-29,48,15
CLT,2025-07-29,49,23
CLT,2025-07-29,50,10
CLT,2025-07-29,51,1
CLT,2025-07-29,52,33
CLT,2025-07-29,53,20
CLT,2025-07-29,54,18
CLT,2025-07-29,55,23
CLT,2025-07-29,56,17
CLT,2025-07-29,57,6
CLT,2025-07-29,58,30
CLT,2025-07-29,59,20
CLT,2025-07-29,60,20
CLT,2025-07-29,61,15
CLT,2025-07-29,62,28
CLT,2025-07-29,63,21
CLT,2025-07-29,64,15
CLT,2025-07-29,65,26
CLT,2025-07-29,66,22
CLT,2025-07-29,67,16
CLT,2025-07-29,68,28
CLT,2025-07-29,69,24
CLT,2025-07-29,70,15
CLT,2025-07-29,71,8
CLT,2025-07-29,72,24
CLT,2025-07-29,73,19
CLT,2025-07-29,74,17
CLT,2025-07-29,75,13
CLT,2025-07-29,76,18
CLT,2025-07-29,77,30
CLT,2025-07-29,78,28
CLT,2025-07-29,79,13
CLT,2025-07-29,80,5
CLT,2025-07-29,81,24
CLT,2025-07-29,82,24
CLT,2025-07-29,83,23
CLT,2025-07-29,84,13
CLT,2025-07-29,85,18
CLT,2025-07-29,86,25
CLT,2025-07-29,87,23
CLT,2025-07-29,88,1
CLT,2025-07-29,89,14
CLT,2025-07-29,90,27
CLT,2025-07-29,91,23
CLT,2025-07-29,92,7
CLT,2025-07-29,94,2
CLT,2025-07-29,95,2
CLT,2025-07-30,0,1
CLT,2025-07-30,1,2
CLT,2025-07-30,20,1
CLT,2025-07-30,21,2
CLT,2025-07-30,22,4
CLT,2025-07-30,23,3
CLT,2025-07-30,24,15
CLT,2025-07-30,25,19
CLT,2025-07-30,26,11
CLT,2025-07-30,27,4
CLT,2025-07-30,28,20
CLT,2025-07-30,29,22
CLT,2025-07-30,30,9
CLT,2025-07-30,31,27
CLT,2025-07-30,32,31
CLT,2025-07-30,33,26
CLT,2025-07-30,34,3
CLT,2025-07-30,35,14
CLT,2025-07-30,36,28
CLT,2025-07-30,37,24
CLT,2025-07-30,38,18
CLT,2025-07-30,39,20
CLT,2025-07-30,40,30
CLT,2025-07-30,41,27
CLT,2025-07-30,42,11
CLT,2025-07-30,43,8
CLT,2025-07-30,44,31
CLT,2025-07-30,45,29
CLT,2025-07-30,46,18
CLT,2025-07-30,47,14
CLT,2025-07-30,48,14
CLT,2025-07-30,49,26
CLT,2025-07-30,50,9
CLT,2025-07-30,51,1
CLT,2025-07-30,52,31
CLT,2025-07-30,53,23
CLT,2025-07-30,54,18
CLT,2025-07-30,55,22
CLT,2025-07-30,56,16
CLT,2025-07-30,57,7
CLT,2025-07-30,58,32
CLT,2025-07-30,59,19
CLT,2025-07-30,60,19
CLT,2025-07-30,61,17
CLT,2025-07-30,62,30
CLT,2025-07-30,63,20
CLT,2025-07-30,64,15
CLT,2025-07-30,65,29
CLT,2025-07-30,66,20
CLT,2025-07-30,67,17
CLT,2025-07-30,68,27
CLT,2025-07-30,69,26
CLT,2025-07-30,70,15
CLT,2025-07-30,71,6
CLT,2025-07-30,72,24
CLT,2025-07-30,73,22
CLT,2025-07-30,74,16
CLT,2025-07-30,75,13
CLT,2025-07-30,76,18
CLT,2025-07-30,77,30
CLT,2025-07-30,78,32
CLT,2025-07-30,79,12
CLT,2025-07-30,80,4
CLT,2025-07-30,81,25
CLT,2025-07-30,82,24
CLT,2025-07-30,83,23
CLT,2025-07-30,84,14
CLT,2025-07-30,85,20
CLT,2025-07-30,86,26
CLT,2025-07-30,87,27
CLT,2025-07-30,89,14
CLT,2025-07-30,90,29
CLT,2025-07-30,91,26
CLT,2025-07-30,92,7
CLT,2025-07-30,94,2
CLT,2025-07-30,95,2
CLT,2025-07-31,0,1
CLT,2025-07-31,1,2
CLT,2025-07-31,20,1
CLT,2025-07-31,21,2
CLT,2025-07-31,22,5
CLT,2025-07-31,23,3
CLT,2025-07-31,24,15
CLT,2025-07-31,25,20
CLT,2025-07-31,26,10
CLT,2025-07-31,27,4
CLT,2025-07-31,28,18
CLT,2025-07-31,29,25
CLT,2025-07-31,30,8
CLT,2025-07-31,31,29
CLT,2025-07-31,32,30
CLT,2025-07-31,33,27
CLT,2025-07-31,34,3
CLT,2025-07-31,35,15
CLT,2025-07-31,36,30
CLT,2025-07-31,37,24
CLT,2025-07-31,38,18
CLT,2025-07-31,39,23
CLT,2025-07-31,40,31
CLT,2025-07-31,41,26
CLT,2025-07-31,42,14
CLT,2025-07-31,43,7
CLT,2025-07-31,44,30
CLT,2025-07-31,45,30
CLT,2025-07-31,46,19
CLT,2025-07-31,47,10
CLT,2025-07-31,48,16
CLT,2025-07-31,49,25
CLT,2025-07-31,50,9
CLT,2025-07-31,51,3
CLT,2025-07-31,52,27
CLT,2025-07-31,53,22
CLT,2025-07-31,54,22
CLT,2025-07-31,55,20
CLT,2025-07-31,56,18
CLT,2025-07-31,57,5
CLT,2025-07-31,58,31
CLT,2025-07-31,59,20
CLT,2025-07-31,60,20
CLT,2025-07-31,61,19
CLT,2025-07-31,62,26
CLT,2025-07-31,63,17
CLT,2025-07-31,64,14
CLT,2025-07-31,65,29
CLT,2025-07-31,66,22
CLT,2025-07-31,67,14
CLT,2025-07-31,68,27
CLT,2025-07-31,69,29
CLT,2025-07-31,70,14
CLT,2025-07-31,71,7
CLT,2025-07-31,72,22
CLT,2025-07-31,73,19
CLT,2025-07-31,74,15
CLT,2025-07-31,75,10
CLT,2025-07-31,76,19
CLT,2025-07-31,77,31
CLT,2025-07-31,78,27
CLT,2025-07-31,79,12
CLT,2025-07-31,80,5
CLT,2025-07-31,81,30
CLT,2025-07-31,82,25
CLT,2025-07-31,83,25
CLT,2025-07-31,84,15
CLT,2025-07-31,85,18
CLT,2025-07-31,86,26
CLT,2025-07-31,87,27
CLT,2025-07-31,88,1
CLT,2025-07-31,89,15
CLT,2025-07-31,90,27
CLT,2025-07-31,91,25
CLT,2025-07-31,92,8
CLT,2025-07-31,94,2
CLT,2025-07-31,95,1
CLT,2025-08-01,0,1
CLT,2025-08-01,1,2
CLT,2025-08-01,20,1
CLT,2025-08-01,21,1
CLT,2025-08-01,22,2
CLT,2025-08-01,23,3
CLT,2025-08-01,24,2
CLT,2025-08-01,25,1
CLT,2025-08-01,26,2
CLT,2025-08-01,28,1
CLT,2025-08-01,29,2
CLT,2025-08-01,30,1
CLT,2025-08-01,32,1
DEN,2025-07-01,0,1
DEN,2025-07-01,2,1
DEN,2025-07-01,3,2
DEN,2025-07-01,16,1
DEN,2025-07-01,17,1
DEN,2025-07-01,20,5
DEN,2025-07-01,21,1
DEN,2025-07-01,22,2
DEN,2025-07-01,23,2
DEN,2025-07-01,24,13
DEN,2025-07-01,25,4
DEN,2025-07-01,26,21
DEN,2025-07-01,27,36
DEN,2025-07-01,28,17
DEN,2025-07-01,29,6
DEN,2025-07-01,30,13
DEN,2025-07-01,31,41
DEN,2025-07-01,32,30
DEN,2025-07-01,33,30
DEN,2025-07-01,34,28
DEN,2025-07-01,35,29
DEN,2025-07-01,36,29
DEN,2025-07-01,37,12
DEN,2025-07-01,38,25
DEN,2025-07-01,39,53
DEN,2025-07-01,40,66
DEN,2025-07-01,41,44
DEN,2025-07-01,42,24
DEN,2025-07-01,43,9
DEN,2025-07-01,44,14
DEN,2025-07-01,45,46
DEN,2025-07-01,46,38
DEN,2025-07-01,47,16
DEN,2025-07-01,48,32
DEN,2025-07-01,49,39
DEN,2025-07-01,50,28
DEN,2025-07-01,51,20
DEN,2025-07-01,52,24
DEN,2025-07-01,53,23
DEN,2025-07-01,54,32
DEN,2025-07-01,55,43
DEN,2025-07-01,56,15
DEN,2025-07-01,57,18
DEN,2025-07-01,58,25
DEN,2025-07-01,59,29
DEN,2025-07-01,60,26
DEN,2025-07-01,61,11
DEN,2025-07-01,62,26
DEN,2025-07-01,63,26
DEN,2025-07-01,64,21
DEN,2025-07-01,65,46
DEN,2025-07-01,66,58
DEN,2025-07-01,67,11
DEN,2025-07-01,68,9
DEN,2025-07-01,69,36
DEN,2025-07-01,70,37
DEN,2025-07-01,71,46
DEN,2025-07-01,72,40
DEN,2025-07-01,73,26
DEN,2025-07-01,74,20
DEN,2025-07-01,75,15
DEN,2025-07-01,76,23
DEN,2025-07-01,77,40
DEN,2025-07-01,78,55
DEN,2025-07-01,79,25
DEN,2025-07-01,80,13
DEN,2025-07-01,81,10
DEN,2025-07-01,82,31
DEN,2025-07-01,83,24
DEN,2025-07-01,84,30
DEN,2025-07-01,85,4
DEN,2025-07-01,86,15
DEN,2025-07-01,87,28
DEN,2025-07-01,88,2
DEN,2025-07-01,89,10
DEN,2025-07-01,90,7
DEN,2025-07-01,91,8
DEN,2025-07-01,92,5
DEN,2025-07-01,93,4
DEN,2025-07-01,94,4
DEN,2025-07-01,95,16
DEN,2025-07-02,2,2
DEN,2025-07-02,3,1
DEN,2025-07-02,5,1
DEN,2025-07-02,16,1
DEN,2025-07-02,17,1
DEN,2025-07-02,20,4
DEN,2025-07-02,21,1
DEN,2025-07-02,22,3
DEN,2025-07-02,23,2
DEN,2025-07-02,24,15
DEN,2025-07-02,25,5
DEN,2025-07-02,26,23
DEN,2025-07-02,27,38
DEN,2025-07-02,28,19
DEN,2025-07-02,29,7
DEN,2025-07-02,30,13
DEN,2025-07-02,31,41
DEN,2025-07-02,32,35
DEN,2025-07-02,33,30
DEN,2025-07-02,34,27
DEN,2025-07-02,35,29
DEN,2025-07-02,36,29
DEN,2025-07-02,37,12
DEN,2025-07-02,38,24
DEN,2025-07-02,39,53
DEN,2025-07-02,40,66
DEN,2025-07-02,41,42
DEN,2025-07-02,42,26
DEN,2025-07-02,43,11
DEN,2025-07-02,44,13
DEN,2025-07-02,45,47
DEN,2025-07-02,46,40
DEN,2025-07-02,47,16
DEN,2025-07-02,48,33
DEN,2025-07-02,49,38
DEN,2025-07-02,50,29
DEN,2025-07-02,51,22
DEN,2025-07-02,52,24
DEN,2025-07-02,53,24
DEN,2025-07-02,54,31
DEN,2025-07-02,55,43
DEN,2025-07-02,56,16
DEN,2025-07-02,57,18
DEN,2025-07-02,58,25
DEN,2025-07-02,59,28
DEN,2025-07-02,60,25
DEN,2025-07-02,61,11
DEN,2025-07-02,62,32
DEN,2025-07-02,63,27
DEN,2025-07-02,64,24
DEN,2025-07-02,65,47
DEN,2025-07-02,66,60
DEN,2025-07-02,67,11
DEN,2025-07-02,68,10
DEN,2025-07-02,69,36
DEN,2025-07-02,70,34
DEN,2025-07-02,71,45
DEN,2025-07-02,72,42
DEN,2025-07-02,73,27
DEN,2025-07-02,74,22
DEN,2025-07-02,75,18
DEN,2025-07-02,76,25
DEN,2025-07-02,77,40
DEN,2025-07-02,78,57
DEN,2025-07-02,79,26
DEN,2025-07-02,80,17
DEN,2025-07-02,81,13
DEN,2025-07-02,82,31
DEN,2025-07-02,83,27
DEN,2025-07-02,84,28
DEN,2025-07-02,85,7
DEN,2025-07-02,86,16
DEN,2025-07-02,87,30
DEN,2025-07-02,88,2
DEN,2025-07-02,89,10
DEN,2025-07-02,90,7
DEN,2025-07-02,91,9
DEN,2025-07-02,92,6
DEN,2025-07-02,93,5
DEN,2025-07-02,94,6
DEN,2025-07-02,95,18
DEN,2025-07-03,0,1
DEN,2025-07-03,1,1
DEN,2025-07-03,2,2
DEN,2025-07-03,3,3
DEN,2025-07-03,5,1
DEN,2025-07-03,16,1
DEN,2025-07-03,17,1
DEN,2025-07-03,20,8
DEN,2025-07-03,21,3
DEN,2025-07-03,22,3
DEN,2025-07-03,23,2
DEN,2025-07-03,24,26
DEN,2025-07-03,25,5
DEN,2025-07-03,26,25
DEN,2025-07-03,27,43
DEN,2025-07-03,28,26
DEN,2025-07-03,29,6
DEN,2025-07-03,30,16
DEN,2025-07-03,31,46
DEN,2025-07-03,32,34
DEN,2025-07-03,33,32
DEN,2025-07-03,34,27
DEN,2025-07-03,35,27
DEN,2025-07-03,36,31
DEN,2025-07-03,37,13
DEN,2025-07-03,38,22
DEN,2025-07-03,39,51
DEN,2025-07-03,40,71
DEN,2025-07-03,41,36
DEN,2025-07-03,42,24
DEN,2025-07-03,43,10
DEN,2025-07-03,44,17
DEN,2025-07-03,45,45
DEN,2025-07-03,46,42
DEN,2025-07-03,47,27
DEN,2025-07-03,48,27
DEN,2025-07-03,49,31
DEN,2025-07-03,50,36
DEN,2025-07-03,51,29
DEN,2025-07-03,52,14
DEN,2025-07-03,53,24
DEN,2025-07-03,54,34
DEN,2025-07-03,55,43
DEN,2025-07-03,56,25
DEN,2025-07-03,57,16
DEN,2025-07-03,58,22
DEN,2025-07-03,59,42
DEN,2025-07-03,60,29
DEN,2025-07-03,61,12
DEN,2025-07-03,62,35
DEN,2025-07-03,63,28
DEN,2025-07-03,64,24
DEN,2025-07-03,65,50
DEN,2025-07-03,66,42
DEN,2025-07-03,67,18
DEN,2025-07-03,68,15
DEN,2025-07-03,69,33
DEN,2025-07-03,70,32
DEN,2025-07-03,71,49
DEN,2025-07-03,72,49
DEN,2025-07-03,73,30
DEN,2025-07-03,74,11
DEN,2025-07-03,75,13
DEN,2025-07-03,76,27
DEN,2025-07-03,77,50
DEN,2025-07-03,78,60
DEN,2025-07-03,79,21
DEN,2025-07-03,80,15
DEN,2025-07-03,81,28
DEN,2025-07-03,82,32
DEN,2025-07-03,83,19
DEN,2025-07-03,84,20
DEN,2025-07-03,85,18
DEN,2025-07-03,86,18
DEN,2025-07-03,87,25
DEN,2025-07-03,88,1
DEN,2025-07-03,89,14
DEN,2025-07-03,90,16
DEN,2025-07-03,91,13
DEN,2025-07-03,92,5
DEN,2025-07-03,93,7
DEN,2025-07-03,94,10
DEN,2025-07-03,95,20
DEN,2025-07-04,0,1
DEN,2025-07-04,1,1
DEN,2025-07-04,2,4
DEN,2025-07-04,3,3
DEN,2025-07-04,5,1
DEN,2025-07-04,16,1
DEN,2025-07-04,17,1
DEN,2025-07-04,20,2
DEN,2025-07-04,21,1
DEN,2025-07-04,22,2
DEN,2025-07-04,23,1
DEN,2025-07-04,24,21
DEN,2025-07-04,25,6
DEN,2025-07-04,26,19
DEN,2025-07-04,27,33
DEN,2025-07-04,28,32
DEN,2025-07-04,29,6
DEN,2025-07-04,30,11
DEN,2025-07-04,31,47
DEN,2025-07-04,32,36
DEN,2025-07-04,33,34
DEN,2025-07-04,34,23
DEN,2025-07-04,35,39
DEN,2025-07-04,36,25
DEN,2025-07-04,37,7
DEN,2025-07-04,38,28
DEN,2025-07-04,39,61
DEN,2025-07-04,40,62
DEN,2025-07-04,41,38
DEN,2025-07-04,42,26
DEN,2025-07-04,43,12
DEN,2025-07-04,44,12
DEN,2025-07-04,45,47
DEN,2025-07-04,46,44
DEN,2025-07-04,47,17
DEN,2025-07-04,48,25
DEN,2025-07-04,49,34
DEN,2025-07-04,50,31
DEN,2025-07-04,51,25
DEN,2025-07-04,52,13
DEN,2025-07-04,53,26
DEN,2025-07-04,54,38
DEN,2025-07-04,55,32
DEN,2025-07-04,56,18
DEN,2025-07-04,57,29
DEN,2025-07-04,58,24
DEN,2025-07-04,59,30
DEN,2025-07-04,60,31
DEN,2025-07-04,61,10
DEN,2025-07-04,62,28
DEN,2025-07-04,63,37
DEN,2025-07-04,64,23
DEN,2025-07-04,65,42
DEN,2025-07-04,66,48
DEN,2025-07-04,67,27
DEN,2025-07-04,68,9
DEN,2025-07-04,69,20
DEN,2025-07-04,70,40
DEN,2025-07-04,71,49
DEN,2025-07-04,72,52
DEN,2025-07-04,73,32
DEN,2025-07-04,74,8
DEN,2025-07-04,75,15
DEN,2025-07-04,76,30
DEN,2025-07-04,77,37
DEN,2025-07-04,78,39
DEN,2025-07-04,79,14
DEN,2025-07-04,80,6
DEN,2025-07-04,81,9
DEN,2025-07-04,82,15
DEN,2025-07-04,83,6
DEN,2025-07-04,84,12
DEN,2025-07-04,85,9
DEN,2025-07-04,86,6
DEN,2025-07-04,87,3
DEN,2025-07-04,89,11
DEN,2025-07-04,90,2
DEN,2025-07-04,91,3
DEN,2025-07-04,92,1
DEN,2025-07-04,93,2
DEN,2025-07-04,94,2
DEN,2025-07-04,95,8
DEN,2025-07-05,1,2
DEN,2025-07-05,2,2
DEN,2025-07-05,3,1
DEN,2025-07-05,5,1
DEN,2025-07-05,16,1
DEN,2025-07-05,17,1
DEN,2025-07-05,20,5
DEN,2025-07-05,21,3
DEN,2025-07-05,22,5
DEN,2025-07-05,23,1
DEN,2025-07-05,24,18
DEN,2025-07-05,25,3
DEN,2025-07-05,26,21
DEN,2025-07-05,27,36
DEN,2025-07-05,28,14
DEN,2025-07-05,29,5
DEN,2025-07-05,30,15
DEN,2025-07-05,31,29
DEN,2025-07-05,32,23
DEN,2025-07-05,33,36
DEN,2025-07-05,34,36
DEN,2025-07-05,35,28
DEN,2025-07-05,36,14
DEN,2025-07-05,37,14
DEN,2025-07-05,38,29
DEN,2025-07-05,39,45
DEN,2025-07-05,40,60
DEN,2025-07-05,41,37
DEN,2025-07-05,42,20
DEN,2025-07-05,43,10
DEN,2025-07-05,44,15
DEN,2025-07-05,45,45
DEN,2025-07-05,46,37
DEN,2025-07-05,47,18
DEN,2025-07-05,48,21
DEN,2025-07-05,49,29
DEN,2025-07-05,50,28
DEN,2025-07-05,51,19
DEN,2025-07-05,52,11
DEN,2025-07-05,53,17
DEN,2025-07-05,54,28
DEN,2025-07-05,55,32
DEN,2025-07-05,56,11
DEN,2025-07-05,57,18
DEN,2025-07-05,58,20
DEN,2025-07-05,59,27
DEN,2025-07-05,60,24
DEN,2025-07-05,61,13
DEN,2025-07-05,62,21
DEN,2025-07-05,63,24
DEN,2025-07-05,64,20
DEN,2025-07-05,65,38
DEN,2025-07-05,66,44
DEN,2025-07-05,67,20
DEN,2025-07-05,68,15
DEN,2025-07-05,69,23
DEN,2025-07-05,70,40
DEN,2025-07-05,71,64
DEN,2025-07-05,72,35
DEN,2025-07-05,73,30
DEN,2025-07-05,74,8
DEN,2025-07-05,75,16
DEN,2025-07-05,76,30
DEN,2025-07-05,77,33
DEN,2025-07-05,78,33
DEN,2025-07-05,79,31
DEN,2025-07-05,80,11
DEN,2025-07-05,81,10
DEN,2025-07-05,82,22
DEN,2025-07-05,83,27
DEN,2025-07-05,84,13
DEN,2025-07-05,85,5
DEN,2025-07-05,86,21
DEN,2025-07-05,87,16
DEN,2025-07-05,88,2
DEN,2025-07-05,89,8
DEN,2025-07-05,90,7
DEN,2025-07-05,91,7
DEN,2025-07-05,92,5
DEN,2025-07-05,93,5
DEN,2025-07-05,94,7
DEN,2025-07-05,95,20
DEN,2025-07-06,0,1
DEN,2025-07-06,1,2
DEN,2025-07-06,2,1
DEN,2025-07-06,3,1
DEN,2025-07-06,5,1
DEN,2025-07-06,16,1
DEN,2025-07-06,17,1
DEN,2025-07-06,20,5
DEN,2025-07-06,21,3
DEN,2025-07-06,22,3
DEN,2025-07-06,23,1
DEN,2025-07-06,24,25
DEN,2025-07-06,25,3
DEN,2025-07-06,26,20
DEN,2025-07-06,27,32
DEN,2025-07-06,28,32
DEN,2025-07-06,29,8
DEN,2025-07-06,30,17
DEN,2025-07-06,31,38
DEN,2025-07-06,32,29
DEN,2025-07-06,33,41
DEN,2025-07-06,34,37
DEN,2025-07-06,35,35
DEN,2025-07-06,36,18
DEN,2025-07-06,37,17
DEN,2025-07-06,38,31
DEN,2025-07-06,39,41
DEN,2025-07-06,40,59
DEN,2025-07-06,41,47
DEN,2025-07-06,42,26
DEN,2025-07-06,43,13
DEN,2025-07-06,44,14
DEN,2025-07-06,45,45
DEN,2025-07-06,46,45
DEN,2025-07-06,47,19
DEN,2025-07-06,48,25
DEN,2025-07-06,49,32
DEN,2025-07-06,50,30
DEN,2025-07-06,51,24
DEN,2025-07-06,52,13
DEN,2025-07-06,53,29
DEN,2025-07-06,54,30
DEN,2025-07-06,55,38
DEN,2025-07-06,56,22
DEN,2025-07-06,57,25
DEN,2025-07-06,58,26
DEN,2025-07-06,59,31
DEN,2025-07-06,60,24
DEN,2025-07-06,61,17
DEN,2025-07-06,62,29
DEN,2025-07-06,63,28
DEN,2025-07-06,64,21
DEN,2025-07-06,65,45
DEN,2025-07-06,66,45
DEN,2025-07-06,67,18
DEN,2025-07-06,68,7
DEN,2025-07-06,69,20
DEN,2025-07-06,70,35
DEN,2025-07-06,71,56
DEN,2025-07-06,72,38
DEN,2025-07-06,73,31
DEN,2025-07-06,74,22
DEN,2025-07-06,75,17
DEN,2025-07-06,76,27
DEN,2025-07-06,77,38
DEN,2025-07-06,78,45
DEN,2025-07-06,79,29
DEN,2025-07-06,80,9
DEN,2025-07-06,81,13
DEN,2025-07-06,82,36
DEN,2025-07-06,83,24
DEN,2025-07-06,84,22
DEN,2025-07-06,85,17
DEN,2025-07-06,86,10
DEN,2025-07-06,87,24
DEN,2025-07-06,88,10
DEN,2025-07-06,89,13
DEN,2025-07-06,90,9
DEN,2025-07-06,91,20
DEN,2025-07-06,92,6
DEN,2025-07-06,93,6
DEN,2025-07-06,94,7
DEN,2025-07-06,95,25
DEN,2025-07-07,0,4
DEN,2025-07-07,1,2
DEN,2025-07-07,2,4
DEN,2025-07-07,3,5
DEN,2025-07-07,4,2
DEN,2025-07-07,5,1
DEN,2025-07-07,10,1
DEN,2025-07-07,16,1
DEN,2025-07-07,17,1
DEN,2025-07-07,20,8
DEN,2025-07-07,21,2
DEN,2025-07-07,22,5
DEN,2025-07-07,23,2
DEN,2025-07-07,24,24
DEN,2025-07-07,25,5
DEN,2025-07-07,26,25
DEN,2025-07-07,27,44
DEN,2025-07-07,28,27
DEN,2025-07-07,29,6
DEN,2025-07-07,30,15
DEN,2025-07-07,31,47
DEN,2025-07-07,32,37
DEN,2025-07-07,33,29
DEN,2025-07-07,34,26
DEN,2025-07-07,35,27
DEN,2025-07-07,36,25
DEN,2025-07-07,37,13
DEN,2025-07-07,38,22
DEN,2025-07-07,39,48
DEN,2025-07-07,40,71
DEN,2025-07-07,41,38
DEN,2025-07-07,42,24
DEN,2025-07-07,43,10
DEN,2025-07-07,44,16
DEN,2025-07-07,45,41
DEN,2025-07-07,46,44
DEN,2025-07-07,47,26
DEN,2025-07-07,48,28
DEN,2025-07-07,49,30
DEN,2025-07-07,50,38
DEN,2025-07-07,51,27
DEN,2025-07-07,52,15
DEN,2025-07-07,53,23
DEN,2025-07-07,54,36
DEN,2025-07-07,55,43
DEN,2025-07-07,56,25
DEN,2025-07-07,57,15
DEN,2025-07-07,58,18
DEN,2025-07-07,59,44
DEN,2025-07-07,60,28
DEN,2025-07-07,61,12
DEN,2025-07-07,62,34
DEN,2025-07-07,63,31
DEN,2025-07-07,64,23
DEN,2025-07-07,65,50
DEN,2025-07-07,66,40
DEN,2025-07-07,67,17
DEN,2025-07-07,68,16
DEN,2025-07-07,69,31
DEN,2025-07-07,70,31
DEN,2025-07-07,71,48
DEN,2025-07-07,72,53
DEN,2025-07-07,73,29
DEN,2025-07-07,74,10
DEN,2025-07-07,75,14
DEN,2025-07-07,76,28
DEN,2025-07-07,77,45
DEN,2025-07-07,78,62
DEN,2025-07-07,79,22
DEN,2025-07-07,80,13
DEN,2025-07-07,81,26
DEN,2025-07-07,82,30
DEN,2025-07-07,83,20
DEN,2025-07-07,84,23
DEN,2025-07-07,85,16
DEN,2025-07-07,86,20
DEN,2025-07-07,87,23
DEN,2025-07-07,88,2
DEN,2025-07-07,89,11
DEN,2025-07-07,90,20
DEN,2025-07-07,91,13
DEN,2025-07-07,92,8
DEN,2025-07-07,93,8
DEN,2025-07-07,94,9
DEN,2025-07-07,95,21
DEN,2025-07-08,1,4
DEN,2025-07-08,2,4
DEN,2025-07-08,3,4
DEN,2025-07-08,5,1
DEN,2025-07-08,16,1
DEN,2025-07-08,17,1
DEN,2025-07-08,20,5
DEN,2025-07-08,21,1
DEN,2025-07-08,22,3
DEN,2025-07-08,23,2
DEN,2025-07-08,24,14
DEN,2025-07-08,25,5
DEN,2025-07-08,26,22
DEN,2025-07-08,27,39
DEN,2025-07-08,28,18
DEN,2025-07-08,29,7
DEN,2025-07-08,30,12
DEN,2025-07-08,31,43
DEN,2025-07-08,32,30
DEN,2025-07-08,33,33
DEN,2025-07-08,34,26
DEN,2025-07-08,35,31
DEN,2025-07-08,36,26
DEN,2025-07-08,37,13
DEN,2025-07-08,38,24
DEN,2025-07-08,39,52
DEN,2025-07-08,40,66
DEN,2025-07-08,41,46
DEN,2025-07-08,42,24
DEN,2025-07-08,43,8
DEN,2025-07-08,44,14
DEN,2025-07-08,45,45
DEN,2025-07-08,46,40
DEN,2025-07-08,47,17
DEN,2025-07-08,48,32
DEN,2025-07-08,49,39
DEN,2025-07-08,50,30
DEN,2025-07-08,51,19
DEN,2025-07-08,52,24
DEN,2025-07-08,53,23
DEN,2025-07-08,54,32
DEN,2025-07-08,55,42
DEN,2025-07-08,56,15
DEN,2025-07-08,57,17
DEN,2025-07-08,58,23
DEN,2025-07-08,59,30
DEN,2025-07-08,60,21
DEN,2025-07-08,61,13
DEN,2025-07-08,62,23
DEN,2025-07-08,63,27
DEN,2025-07-08,64,21
DEN,2025-07-08,65,43
DEN,2025-07-08,66,57
DEN,2025-07-08,67,11
DEN,2025-07-08,68,10
DEN,2025-07-08,69,35
DEN,2025-07-08,70,37
DEN,2025-07-08,71,45
DEN,2025-07-08,72,42
DEN,2025-07-08,73,25
DEN,2025-07-08,74,18
DEN,2025-07-08,75,15
DEN,2025-07-08,76,25
DEN,2025-07-08,77,36
DEN,2025-07-08,78,48
DEN,2025-07-08,79,26
DEN,2025-07-08,80,15
DEN,2025-07-08,81,11
DEN,2025-07-08,82,27
DEN,2025-07-08,83,26
DEN,2025-07-08,84,27
DEN,2025-07-08,85,9
DEN,2025-07-08,86,13
DEN,2025-07-08,87,27
DEN,2025-07-08,88,3
DEN,2025-07-08,89,9
DEN,2025-07-08,90,7
DEN,2025-07-08,91,8
DEN,2025-07-08,92,8
DEN,2025-07-08,93,5
DEN,2025-07-08,94,3
DEN,2025-07-08,95,17
DEN,2025-07-09,2,2
DEN,2025-07-09,3,2
DEN,2025-07-09,5,1
DEN,2025-07-09,16,1
DEN,2025-07-09,17,1
DEN,2025-07-09,20,4
DEN,2025-07-09,21,1
DEN,2025-07-09,22,4
DEN,2025-07-09,23,2
DEN,2025-07-09,24,13
DEN,2025-07-09,25,5
DEN,2025-07-09,26,21
DEN,2025-07-09,27,39
DEN,2025-07-09,28,18
DEN,2025-07-09,29,7
DEN,2025-07-09,30,12
DEN,2025-07-09,31,43
DEN,2025-07-09,32,34
DEN,2025-07-09,33,33
DEN,2025-07-09,34,26
DEN,2025-07-09,35,31
DEN,2025-07-09,36,26
DEN,2025-07-09,37,13
DEN,2025-07-09,38,24
DEN,2025-07-09,39,53
DEN,2025-07-09,40,64
DEN,2025-07-09,41,45
DEN,2025-07-09,42,25
DEN,2025-07-09,43,11
DEN,2025-07-09,44,14
DEN,2025-07-09,45,46
DEN,2025-07-09,46,42
DEN,2025-07-09,47,16
DEN,2025-07-09,48,31
DEN,2025-07-09,49,38
DEN,2025-07-09,50,31
DEN,2025-07-09,51,21
DEN,2025-07-09,52,25
DEN,2025-07-09,53,24
DEN,2025-07-09,54,32
DEN,2025-07-09,55,42
DEN,2025-07-09,56,16
DEN,2025-07-09,57,18
DEN,2025-07-09,58,25
DEN,2025-07-09,59,28
DEN,2025-07-09,60,22
DEN,2025-07-09,61,12
DEN,2025-07-09,62,32
DEN,2025-07-09,63,29
DEN,2025-07-09,64,25
DEN,2025-07-09,65,45
DEN,2025-07-09,66,60
DEN,2025-07-09,67,11
DEN,2025-07-09,68,10
DEN,2025-07-09,69,35
DEN,2025-07-09,70,34
DEN,2025-07-09,71,45
DEN,2025-07-09,72,44
DEN,2025-07-09,73,26
DEN,2025-07-09,74,20
DEN,2025-07-09,75,19
DEN,2025-07-09,76,27
DEN,2025-07-09,77,39
DEN,2025-07-09,78,56
DEN,2025-07-09,79,27
DEN,2025-07-09,80,18
DEN,2025-07-09,81,13
DEN,2025-07-09,82,31
DEN,2025-07-09,83,27
DEN,2025-07-09,84,28
DEN,2025-07-09,85,8
DEN,2025-07-09,86,13
DEN,2025-07-09,87,29
DEN,2025-07-09,88,3
DEN,2025-07-09,89,9
DEN,2025-07-09,90,8
DEN,2025-07-09,91,8
DEN,2025-07-09,92,9
DEN,2025-07-09,93,5
DEN,2025-07-09,94,6
DEN,2025-07-09,95,17
DEN,2025-07-10,1,2
DEN,2025-07-10,2,2
DEN,2025-07-10,3,4
DEN,2025-07-10,5,1
DEN,2025-07-10,16,1
DEN,2025-07-10,17,1
DEN,2025-07-10,20,8
DEN,2025-07-10,21,3
DEN,2025-07-10,22,4
DEN,2025-07-10,23,2
DEN,2025-07-10,24,25
DEN,2025-07-10,25,5
DEN,2025-07-10,26,24
DEN,2025-07-10,27,44
DEN,2025-07-10,28,27
DEN,2025-07-10,29,7
DEN,2025-07-10,30,15
DEN,2025-07-10,31,47
DEN,2025-07-10,32,35
DEN,2025-07-10,33,31
DEN,2025-07-10,34,26
DEN,2025-07-10,35,29
DEN,2025-07-10,36,28
DEN,2025-07-10,37,14
DEN,2025-07-10,38,23
DEN,2025-07-10,39,48
DEN,2025-07-10,40,72
DEN,2025-07-10,41,38
DEN,2025-07-10,42,23
DEN,2025-07-10,43,10
DEN,2025-07-10,44,17
DEN,2025-07-10,45,42
DEN,2025-07-10,46,43
DEN,2025-07-10,47,27
DEN,2025-07-10,48,27
DEN,2025-07-10,49,31
DEN,2025-07-10,50,38
DEN,2025-07-10,51,28
DEN,2025-07-10,52,15
DEN,2025-07-10,53,23
DEN,2025-07-10,54,35
DEN,2025-07-10,55,40
DEN,2025-07-10,56,21
DEN,2025-07-10,57,14
DEN,2025-07-10,58,20
DEN,2025-07-10,59,39
DEN,2025-07-10,60,26
DEN,2025-07-10,61,11
DEN,2025-07-10,62,28
DEN,2025-07-10,63,27
DEN,2025-07-10,64,18
DEN,2025-07-10,65,41
DEN,2025-07-10,66,39
DEN,2025-07-10,67,18
DEN,2025-07-10,68,12
DEN,2025-07-10,69,27
DEN,2025-07-10,70,27
DEN,2025-07-10,71,46
DEN,2025-07-10,72,41
DEN,2025-07-10,73,25
DEN,2025-07-10,74,10
DEN,2025-07-10,75,12
DEN,2025-07-10,76,23
DEN,2025-07-10,77,41
DEN,2025-07-10,78,50
DEN,2025-07-10,79,20
DEN,2025-07-10,80,13
DEN,2025-07-10,81,20
DEN,2025-07-10,82,29
DEN,2025-07-10,83,19
DEN,2025-07-10,84,14
DEN,2025-07-10,85,17
DEN,2025-07-10,86,17
DEN,2025-07-10,87,24
DEN,2025-07-10,88,1
DEN,2025-07-10,89,10
DEN,2025-07-10,90,17
DEN,2025-07-10,91,11
DEN,2025-07-10,92,8
DEN,2025-07-10,93,6
DEN,2025-07-10,94,10
DEN,2025-07-10,95,22
DEN,2025-07-11,1,4
DEN,2025-07-11,2,3
DEN,2025-07-11,3,5
DEN,2025-07-11,5,1
DEN,2025-07-11,16,1
DEN,2025-07-11,17,1
DEN,2025-07-11,20,8
DEN,2025-07-11,21,3
DEN,2025-07-11,22,4
DEN,2025-07-11,23,2
DEN,2025-07-11,24,23
DEN,2025-07-11,25,5
DEN,2025-07-11,26,23
DEN,2025-07-11,27,45
DEN,2025-07-11,28,27
DEN,2025-07-11,29,7
DEN,2025-07-11,30,13
DEN,2025-07-11,31,46
DEN,2025-07-11,32,37
DEN,2025-07-11,33,31
DEN,2025-07-11,34,24
DEN,2025-07-11,35,27
DEN,2025-07-11,36,26
DEN,2025-07-11,37,13
DEN,2025-07-11,38,21
DEN,2025-07-11,39,46
DEN,2025-07-11,40,70
DEN,2025-07-11,41,34
DEN,2025-07-11,42,23
DEN,2025-07-11,43,10
DEN,2025-07-11,44,16
DEN,2025-07-11,45,42
DEN,2025-07-11,46,43
DEN,2025-07-11,47,26
DEN,2025-07-11,48,28
DEN,2025-07-11,49,29
DEN,2025-07-11,50,36
DEN,2025-07-11,51,27
DEN,2025-07-11,52,15
DEN,2025-07-11,53,22
DEN,2025-07-11,54,35
DEN,2025-07-11,55,43
DEN,2025-07-11,56,24
DEN,2025-07-11,57,15
DEN,2025-07-11,58,18
DEN,2025-07-11,59,43
DEN,2025-07-11,60,28
DEN,2025-07-11,61,12
DEN,2025-07-11,62,35
DEN,2025-07-11,63,28
DEN,2025-07-11,64,24
DEN,2025-07-11,65,50
DEN,2025-07-11,66,38
DEN,2025-07-11,67,16
DEN,2025-07-11,68,16
DEN,2025-07-11,69,28
DEN,2025-07-11,70,30
DEN,2025-07-11,71,45
DEN,2025-07-11,72,48
DEN,2025-07-11,73,25
DEN,2025-07-11,74,10
DEN,2025-07-11,75,13
DEN,2025-07-11,76,22
DEN,2025-07-11,77,39
DEN,2025-07-11,78,52
DEN,2025-07-11,79,18
DEN,2025-07-11,80,11
DEN,2025-07-11,81,22
DEN,2025-07-11,82,24
DEN,2025-07-11,83,15
DEN,2025-07-11,84,13
DEN,2025-07-11,85,15
DEN,2025-07-11,86,17
DEN,2025-07-11,87,23
DEN,2025-07-11,88,2
DEN,2025-07-11,89,10
DEN,2025-07-11,90,15
DEN,2025-07-11,91,10
DEN,2025-07-11,92,7
DEN,2025-07-11,93,8
DEN,2025-07-11,94,9
DEN,2025-07-11,95,24
DEN,2025-07-12,1,3
DEN,2025-07-12,2,4
DEN,2025-07-12,3,5
DEN,2025-07-12,5,1
DEN,2025-07-12,16,1
DEN,2025-07-12,17,1
DEN,2025-07-12,20,6
DEN,2025-07-12,21,4
DEN,2025-07-12,22,6
DEN,2025-07-12,23,1
DEN,2025-07-12,24,19
DEN,2025-07-12,25,3
DEN,2025-07-12,26,26
DEN,2025-07-12,27,43
DEN,2025-07-12,28,18
DEN,2025-07-12,29,5
DEN,2025-07-12,30,15
DEN,2025-07-12,31,40
DEN,2025-07-12,32,30
DEN,2025-07-12,33,34
DEN,2025-07-12,34,38
DEN,2025-07-12,35,27
DEN,2025-07-12,36,14
DEN,2025-07-12,37,15
DEN,2025-07-12,38,28
DEN,2025-07-12,39,45
DEN,2025-07-12,40,57
DEN,2025-07-12,41,35
DEN,2025-07-12,42,21
DEN,2025-07-12,43,9
DEN,2025-07-12,44,14
DEN,2025-07-12,45,46
DEN,2025-07-12,46,37
DEN,2025-07-12,47,20
DEN,2025-07-12,48,22
DEN,2025-07-12,49,27
DEN,2025-07-12,50,28
DEN,2025-07-12,51,20
DEN,2025-07-12,52,10
DEN,2025-07-12,53,19
DEN,2025-07-12,54,28
DEN,2025-07-12,55,32
DEN,2025-07-12,56,12
DEN,2025-07-12,57,19
DEN,2025-07-12,58,19
DEN,2025-07-12,59,27
DEN,2025-07-12,60,26
DEN,2025-07-12,61,13
DEN,2025-07-12,62,24
DEN,2025-07-12,63,27
DEN,2025-07-12,64,21
DEN,2025-07-12,65,40
DEN,2025-07-12,66,43
DEN,2025-07-12,67,22
DEN,2025-07-12,68,16
DEN,2025-07-12,69,22
DEN,2025-07-12,70,35
DEN,2025-07-12,71,62
DEN,2025-07-12,72,39
DEN,2025-07-12,73,29
DEN,2025-07-12,74,7
DEN,2025-07-12,75,18
DEN,2025-07-12,76,30
DEN,2025-07-12,77,39
DEN,2025-07-12,78,40
DEN,2025-07-12,79,34
DEN,2025-07-12,80,10
DEN,2025-07-12,81,11
DEN,2025-07-12,82,27
DEN,2025-07-12,83,33
DEN,2025-07-12,84,24
DEN,2025-07-12,85,6
DEN,2025-07-12,86,21
DEN,2025-07-12,87,22
DEN,2025-07-12,88,2
DEN,2025-07-12,89,10
DEN,2025-07-12,90,6
DEN,2025-07-12,91,8
DEN,2025-07-12,92,6
DEN,2025-07-12,93,6
DEN,2025-07-12,94,8
DEN,2025-07-12,95,18
DEN,2025-07-13,0,1
DEN,2025-07-13,1,1
DEN,2025-07-13,2,2
DEN,2025-07-13,5,1
DEN,2025-07-13,16,1
DEN,2025-07-13,17,1
DEN,2025-07-13,20,5
DEN,2025-07-13,21,3
DEN,2025-07-13,22,3
DEN,2025-07-13,23,1
DEN,2025-07-13,24,24
DEN,2025-07-13,25,3
DEN,2025-07-13,26,20
DEN,2025-07-13,27,32
DEN,2025-07-13,28,31
DEN,2025-07-13,29,8
DEN,2025-07-13,30,16
DEN,2025-07-13,31,38
DEN,2025-07-13,32,29
DEN,2025-07-13,33,40
DEN,2025-07-13,34,37
DEN,2025-07-13,35,34
DEN,2025-07-13,36,15
DEN,2025-07-13,37,17
DEN,2025-07-13,38,30
DEN,2025-07-13,39,41
DEN,2025-07-13,40,59
DEN,2025-07-13,41,44
DEN,2025-07-13,42,27
DEN,2025-07-13,43,12
DEN,2025-07-13,44,14
DEN,2025-07-13,45,45
DEN,2025-07-13,46,47
DEN,2025-07-13,47,17
DEN,2025-07-13,48,26
DEN,2025-07-13,49,32
DEN,2025-07-13,50,31
DEN,2025-07-13,51,23
DEN,2025-07-13,52,13
DEN,2025-07-13,53,29
DEN,2025-07-13,54,30
DEN,2025-07-13,55,37
DEN,2025-07-13,56,21
DEN,2025-07-13,57,25
DEN,2025-07-13,58,24
DEN,2025-07-13,59,31
DEN,2025-07-13,60,23
DEN,2025-07-13,61,17
DEN,2025-07-13,62,30
DEN,2025-07-13,63,28
DEN,2025-07-13,64,22
DEN,2025-07-13,65,46
DEN,2025-07-13,66,45
DEN,2025-07-13,67,18
DEN,2025-07-13,68,9
DEN,2025-07-13,69,19
DEN,2025-07-13,70,36
DEN,2025-07-13,71,58
DEN,2025-07-13,72,40
DEN,2025-07-13,73,31
DEN,2025-07-13,74,21
DEN,2025-07-13,75,17
DEN,2025-07-13,76,30
DEN,2025-07-13,77,46
DEN,2025-07-13,78,54
DEN,2025-07-13,79,33
DEN,2025-07-13,80,10
DEN,2025-07-13,81,13
DEN,2025-07-13,82,41
DEN,2025-07-13,83,24
DEN,2025-07-13,84,25
DEN,2025-07-13,85,21
DEN,2025-07-13,86,9
DEN,2025-07-13,87,30
DEN,2025-07-13,88,12
DEN,2025-07-13,89,13
DEN,2025-07-13,90,9
DEN,2025-07-13,91,25
DEN,2025-07-13,92,9
DEN,2025-07-13,93,6
DEN,2025-07-13,94,9
DEN,2025-07-13,95,22
DEN,2025-07-14,0,2
DEN,2025-07-14,1,4
DEN,2025-07-14,2,4
DEN,2025-07-14,3,5
DEN,2025-07-14,4,3
DEN,2025-07-14,5,1
DEN,2025-07-14,16,1
DEN,2025-07-14,17,1
DEN,2025-07-14,20,8
DEN,2025-07-14,21,2
DEN,2025-07-14,22,5
DEN,2025-07-14,23,2
DEN,2025-07-14,24,24
DEN,2025-07-14,25,5
DEN,2025-07-14,26,25
DEN,2025-07-14,27,42
DEN,2025-07-14,28,27
DEN,2025-07-14,29,7
DEN,2025-07-14,30,15
DEN,2025-07-14,31,46
DEN,2025-07-14,32,37
DEN,2025-07-14,33,32
DEN,2025-07-14,34,27
DEN,2025-07-14,35,31
DEN,2025-07-14,36,25
DEN,2025-07-14,37,14
DEN,2025-07-14,38,22
DEN,2025-07-14,39,48
DEN,2025-07-14,40,70
DEN,2025-07-14,41,37
DEN,2025-07-14,42,23
DEN,2025-07-14,43,10
DEN,2025-07-14,44,16
DEN,2025-07-14,45,40
DEN,2025-07-14,46,43
DEN,2025-07-14,47,27
DEN,2025-07-14,48,27
DEN,2025-07-14,49,30
DEN,2025-07-14,50,37
DEN,2025-07-14,51,28
DEN,2025-07-14,52,15
DEN,2025-07-14,53,22
DEN,2025-07-14,54,35
DEN,2025-07-14,55,43
DEN,2025-07-14,56,24
DEN,2025-07-14,57,14
DEN,2025-07-14,58,18
DEN,2025-07-14,59,44
DEN,2025-07-14,60,27
DEN,2025-07-14,61,12
DEN,2025-07-14,62,35
DEN,2025-07-14,63,31
DEN,2025-07-14,64,22
DEN,2025-07-14,65,52
DEN,2025-07-14,66,40
DEN,2025-07-14,67,18
DEN,2025-07-14,68,16
DEN,2025-07-14,69,31
DEN,2025-07-14,70,31
DEN,2025-07-14,71,46
DEN,2025-07-14,72,51
DEN,2025-07-14,73,28
DEN,2025-07-14,74,10
DEN,2025-07-14,75,12
DEN,2025-07-14,76,27
DEN,2025-07-14,77,46
DEN,2025-07-14,78,62
DEN,2025-07-14,79,22
DEN,2025-07-14,80,13
DEN,2025-07-14,81,25
DEN,2025-07-14,82,29
DEN,2025-07-14,83,19
DEN,2025-07-14,84,22
DEN,2025-07-14,85,14
DEN,2025-07-14,86,20
DEN,2025-07-14,87,23
DEN,2025-07-14,88,2
DEN,2025-07-14,89,11
DEN,2025-07-14,90,20
DEN,2025-07-14,91,11
DEN,2025-07-14,92,6
DEN,2025-07-14,93,7
DEN,2025-07-14,94,9
DEN,2025-07-14,95,20
DEN,2025-07-15,1,3
DEN,2025-07-15,2,4
DEN,2025-07-15,3,2
DEN,2025-07-15,5,1
DEN,2025-07-15,16,1
DEN,2025-07-15,17,1
DEN,2025-07-15,20,5
DEN,2025-07-15,21,1
DEN,2025-07-15,22,3
DEN,2025-07-15,23,2
DEN,2025-07-15,24,12
DEN,2025-07-15,25,5
DEN,2025-07-15,26,22
DEN,2025-07-15,27,38
DEN,2025-07-15,28,18
DEN,2025-07-15,29,7
DEN,2025-07-15,30,12
DEN,2025-07-15,31,42
DEN,2025-07-15,32,30
DEN,2025-07-15,33,31
DEN,2025-07-15,34,26
DEN,2025-07-15,35,30
DEN,2025-07-15,36,26
DEN,2025-07-15,37,12
DEN,2025-07-15,38,25
DEN,2025-07-15,39,52
DEN,2025-07-15,40,65
DEN,2025-07-15,41,45
DEN,2025-07-15,42,24
DEN,2025-07-15,43,8
DEN,2025-07-15,44,13
DEN,2025-07-15,45,45
DEN,2025-07-15,46,41
DEN,2025-07-15,47,17
DEN,2025-07-15,48,32
DEN,2025-07-15,49,39
DEN,2025-07-15,50,29
DEN,2025-07-15,51,19
DEN,2025-07-15,52,25
DEN,2025-07-15,53,23
DEN,2025-07-15,54,33
DEN,2025-07-15,55,42
DEN,2025-07-15,56,16
DEN,2025-07-15,57,18
DEN,2025-07-15,58,25
DEN,2025-07-15,59,30
DEN,2025-07-15,60,21
DEN,2025-07-15,61,13
DEN,2025-07-15,62,26
DEN,2025-07-15,63,28
DEN,2025-07-15,64,21
DEN,2025-07-15,65,45
DEN,2025-07-15,66,59
DEN,2025-07-15,67,11
DEN,2025-07-15,68,10
DEN,2025-07-15,69,35
DEN,2025-07-15,70,37
DEN,2025-07-15,71,46
DEN,2025-07-15,72,43
DEN,2025-07-15,73,26
DEN,2025-07-15,74,19
DEN,2025-07-15,75,16
DEN,2025-07-15,76,26
DEN,2025-07-15,77,41
DEN,2025-07-15,78,55
DEN,2025-07-15,79,27
DEN,2025-07-15,80,15
DEN,2025-07-15,81,11
DEN,2025-07-15,82,30
DEN,2025-07-15,83,26
DEN,2025-07-15,84,30
DEN,2025-07-15,85,9
DEN,2025-07-15,86,13
DEN,2025-07-15,87,27
DEN,2025-07-15,88,3
DEN,2025-07-15,89,9
DEN,2025-07-15,90,9
DEN,2025-07-15,91,8
DEN,2025-07-15,92,8
DEN,2025-07-15,93,5
DEN,2025-07-15,94,4
DEN,2025-07-15,95,17
DEN,2025-07-16,1,1
DEN,2025-07-16,2,2
DEN,2025-07-16,3,2
DEN,2025-07-16,5,1
DEN,2025-07-16,16,1
DEN,2025-07-16,17,1
DEN,2025-07-16,20,4
DEN,2025-07-16,21,1
DEN,2025-07-16,22,4
DEN,2025-07-16,23,2
DEN,2025-07-16,24,14
DEN,2025-07-16,25,4
DEN,2025-07-16,26,22
DEN,2025-07-16,27,39
DEN,2025-07-16,28,18
DEN,2025-07-16,29,7
DEN,2025-07-16,30,12
DEN,2025-07-16,31,43
DEN,2025-07-16,32,34
DEN,2025-07-16,33,33
DEN,2025-07-16,34,26
DEN,2025-07-16,35,30
DEN,2025-07-16,36,26
DEN,2025-07-16,37,13
DEN,2025-07-16,38,26
DEN,2025-07-16,39,53
DEN,2025-07-16,40,65
DEN,2025-07-16,41,45
DEN,2025-07-16,42,25
DEN,2025-07-16,43,11
DEN,2025-07-16,44,14
DEN,2025-07-16,45,46
DEN,2025-07-16,46,42
DEN,2025-07-16,47,16
DEN,2025-07-16,48,32
DEN,2025-07-16,49,38
DEN,2025-07-16,50,29
DEN,2025-07-16,51,21
DEN,2025-07-16,52,25
DEN,2025-07-16,53,24
DEN,2025-07-16,54,32
DEN,2025-07-16,55,41
DEN,2025-07-16,56,16
DEN,2025-07-16,57,18
DEN,2025-07-16,58,25
DEN,2025-07-16,59,28
DEN,2025-07-16,60,22
DEN,2025-07-16,61,12
DEN,2025-07-16,62,31
DEN,2025-07-16,63,29
DEN,2025-07-16,64,23
DEN,2025-07-16,65,42
DEN,2025-07-16,66,60
DEN,2025-07-16,67,11
DEN,2025-07-16,68,9
DEN,2025-07-16,69,34
DEN,2025-07-16,70,34
DEN,2025-07-16,71,45
DEN,2025-07-16,72,45
DEN,2025-07-16,73,24
DEN,2025-07-16,74,20
DEN,2025-07-16,75,19
DEN,2025-07-16,76,25
DEN,2025-07-16,77,41
DEN,2025-07-16,78,52
DEN,2025-07-16,79,25
DEN,2025-07-16,80,17
DEN,2025-07-16,81,12
DEN,2025-07-16,82,28
DEN,2025-07-16,83,26
DEN,2025-07-16,84,28
DEN,2025-07-16,85,9
DEN,2025-07-16,86,13
DEN,2025-07-16,87,28
DEN,2025-07-16,88,3
DEN,2025-07-16,89,8
DEN,2025-07-16,90,8
DEN,2025-07-16,91,8
DEN,2025-07-16,92,10
DEN,2025-07-16,93,5
DEN,2025-07-16,94,6
DEN,2025-07-16,95,17
DEN,2025-07-17,1,1
DEN,2025-07-17,2,2
DEN,2025-07-17,3,4
DEN,2025-07-17,16,1
DEN,2025-07-17,17,1
DEN,2025-07-17,20,8
DEN,2025-07-17,21,3
DEN,2025-07-17,22,4
DEN,2025-07-17,23,2
DEN,2025-07-17,24,25
DEN,2025-07-17,25,5
DEN,2025-07-17,26,24
DEN,2025-07-17,27,43
DEN,2025-07-17,28,27
DEN,2025-07-17,29,7
DEN,2025-07-17,30,15
DEN,2025-07-17,31,47
DEN,2025-07-17,32,35
DEN,2025-07-17,33,30
DEN,2025-07-17,34,26
DEN,2025-07-17,35,30
DEN,2025-07-17,36,28
DEN,2025-07-17,37,14
DEN,2025-07-17,38,24
DEN,2025-07-17,39,48
DEN,2025-07-17,40,72
DEN,2025-07-17,41,37
DEN,2025-07-17,42,24
DEN,2025-07-17,43,9
DEN,2025-07-17,44,16
DEN,2025-07-17,45,42
DEN,2025-07-17,46,44
DEN,2025-07-17,47,27
DEN,2025-07-17,48,28
DEN,2025-07-17,49,31
DEN,2025-07-17,50,37
DEN,2025-07-17,51,28
DEN,2025-07-17,52,15
DEN,2025-07-17,53,24
DEN,2025-07-17,54,35
DEN,2025-07-17,55,43
DEN,2025-07-17,56,26
DEN,2025-07-17,57,15
DEN,2025-07-17,58,22
DEN,2025-07-17,59,43
DEN,2025-07-17,60,27
DEN,2025-07-17,61,13
DEN,2025-07-17,62,34
DEN,2025-07-17,63,29
DEN,2025-07-17,64,24
DEN,2025-07-17,65,51
DEN,2025-07-17,66,42
DEN,2025-07-17,67,18
DEN,2025-07-17,68,15
DEN,2025-07-17,69,32
DEN,2025-07-17,70,31
DEN,2025-07-17,71,49
DEN,2025-07-17,72,55
DEN,2025-07-17,73,28
DEN,2025-07-17,74,11
DEN,2025-07-17,75,15
DEN,2025-07-17,76,28
DEN,2025-07-17,77,50
DEN,2025-07-17,78,61
DEN,2025-07-17,79,21
DEN,2025-07-17,80,15
DEN,2025-07-17,81,26
DEN,2025-07-17,82,32
DEN,2025-07-17,83,20
DEN,2025-07-17,84,20
DEN,2025-07-17,85,19
DEN,2025-07-17,86,16
DEN,2025-07-17,87,25
DEN,2025-07-17,88,2
DEN,2025-07-17,89,12
DEN,2025-07-17,90,19
DEN,2025-07-17,91,13
DEN,2025-07-17,92,9
DEN,2025-07-17,93,7
DEN,2025-07-17,94,10
DEN,2025-07-17,95,23
DEN,2025-07-18,1,4
DEN,2025-07-18,2,4
DEN,2025-07-18,3,5
DEN,2025-07-18,5,1
DEN,2025-07-18,16,1
DEN,2025-07-18,17,1
DEN,2025-07-18,20,8
DEN,2025-07-18,21,3
DEN,2025-07-18,22,4
DEN,2025-07-18,23,2
DEN,2025-07-18,24,24
DEN,2025-07-18,25,5
DEN,2025-07-18,26,25
DEN,2025-07-18,27,45
DEN,2025-07-18,28,27
DEN,2025-07-18,29,7
DEN,2025-07-18,30,15
DEN,2025-07-18,31,47
DEN,2025-07-18,32,37
DEN,2025-07-18,33,33
DEN,2025-07-18,34,27
DEN,2025-07-18,35,31
DEN,2025-07-18,36,26
DEN,2025-07-18,37,14
DEN,2025-07-18,38,24
DEN,2025-07-18,39,48
DEN,2025-07-18,40,71
DEN,2025-07-18,41,38
DEN,2025-07-18,42,24
DEN,2025-07-18,43,10
DEN,2025-07-18,44,16
DEN,2025-07-18,45,42
DEN,2025-07-18,46,44
DEN,2025-07-18,47,25
DEN,2025-07-18,48,28
DEN,2025-07-18,49,30
DEN,2025-07-18,50,37
DEN,2025-07-18,51,27
DEN,2025-07-18,52,15
DEN,2025-07-18,53,23
DEN,2025-07-18,54,36
DEN,2025-07-18,55,43
DEN,2025-07-18,56,25
DEN,2025-07-18,57,15
DEN,2025-07-18,58,19
DEN,2025-07-18,59,43
DEN,2025-07-18,60,27
DEN,2025-07-18,61,12
DEN,2025-07-18,62,36
DEN,2025-07-18,63,30
DEN,2025-07-18,64,24
DEN,2025-07-18,65,51
DEN,2025-07-18,66,41
DEN,2025-07-18,67,17
DEN,2025-07-18,68,16
DEN,2025-07-18,69,31
DEN,2025-07-18,70,31
DEN,2025-07-18,71,47
DEN,2025-07-18,72,54
DEN,2025-07-18,73,29
DEN,2025-07-18,74,10
DEN,2025-07-18,75,14
DEN,2025-07-18,76,28
DEN,2025-07-18,77,48
DEN,2025-07-18,78,61
DEN,2025-07-18,79,21
DEN,2025-07-18,80,14
DEN,2025-07-18,81,26
DEN,2025-07-18,82,31
DEN,2025-07-18,83,20
DEN,2025-07-18,84,23
DEN,2025-07-18,85,16
DEN,2025-07-18,86,20
DEN,2025-07-18,87,24
DEN,2025-07-18,88,2
DEN,2025-07-18,89,12
DEN,2025-07-18,90,19
DEN,2025-07-18,91,13
DEN,2025-07-18,92,8
DEN,2025-07-18,93,8
DEN,2025-07-18,94,9
DEN,2025-07-18,95,24
DEN,2025-07-19,1,4
DEN,2025-07-19,2,4
DEN,2025-07-19,3,5
DEN,2025-07-19,5,1
DEN,2025-07-19,16,1
DEN,2025-07-19,17,1
DEN,2025-07-19,20,6
DEN,2025-07-19,21,4
DEN,2025-07-19,22,6
DEN,2025-07-19,23,1
DEN,2025-07-19,24,20
DEN,2025-07-19,25,3
DEN,2025-07-19,26,27
DEN,2025-07-19,27,45
DEN,2025-07-19,28,19
DEN,2025-07-19,29,6
DEN,2025-07-19,30,15
DEN,2025-07-19,31,40
DEN,2025-07-19,32,31
DEN,2025-07-19,33,37
DEN,2025-07-19,34,39
DEN,2025-07-19,35,31
DEN,2025-07-19,36,15
DEN,2025-07-19,37,15
DEN,2025-07-19,38,28
DEN,2025-07-19,39,47
DEN,2025-07-19,40,61
DEN,2025-07-19,41,35
DEN,2025-07-19,42,21
DEN,2025-07-19,43,9
DEN,2025-07-19,44,14
DEN,2025-07-19,45,46
DEN,2025-07-19,46,37
DEN,2025-07-19,47,20
DEN,2025-07-19,48,22
DEN,2025-07-19,49,30
DEN,2025-07-19,50,28
DEN,2025-07-19,51,19
DEN,2025-07-19,52,10
DEN,2025-07-19,53,19
DEN,2025-07-19,54,28
DEN,2025-07-19,55,32
DEN,2025-07-19,56,12
DEN,2025-07-19,57,18
DEN,2025-07-19,58,19
DEN,2025-07-19,59,27
DEN,2025-07-19,60,26
DEN,2025-07-19,61,13
DEN,2025-07-19,62,23
DEN,2025-07-19,63,27
DEN,2025-07-19,64,21
DEN,2025-07-19,65,40
DEN,2025-07-19,66,44
DEN,2025-07-19,67,23
DEN,2025-07-19,68,16
DEN,2025-07-19,69,22
DEN,2025-07-19,70,34
DEN,2025-07-19,71,63
DEN,2025-07-19,72,40
DEN,2025-07-19,73,29
DEN,2025-07-19,74,8
DEN,2025-07-19,75,18
DEN,2025-07-19,76,30
DEN,2025-07-19,77,39
DEN,2025-07-19,78,40
DEN,2025-07-19,79,34
DEN,2025-07-19,80,11
DEN,2025-07-19,81,11
DEN,2025-07-19,82,28
DEN,2025-07-19,83,33
DEN,2025-07-19,84,24
DEN,2025-07-19,85,6
DEN,2025-07-19,86,22
DEN,2025-07-19,87,22
DEN,2025-07-19,88,2
DEN,2025-07-19,89,9
DEN,2025-07-19,90,7
DEN,2025-07-19,91,9
DEN,2025-07-19,92,6
DEN,2025-07-19,93,6
DEN,2025-07-19,94,8
DEN,2025-07-19,95,20
DEN,2025-07-20,0,1
DEN,2025-07-20,1,1
DEN,2025-07-20,2,2
DEN,2025-07-20,3,1
DEN,2025-07-20,5,1
DEN,2025-07-20,16,1
DEN,2025-07-20,20,5
DEN,2025-07-20,21,3
DEN,2025-07-20,22,3
DEN,2025-07-20,23,1
DEN,2025-07-20,24,24
DEN,2025-07-20,25,3
DEN,2025-07-20,26,20
DEN,2025-07-20,27,33
DEN,2025-07-20,28,31
DEN,2025-07-20,29,9
DEN,2025-07-20,30,17
DEN,2025-07-20,31,38
DEN,2025-07-20,32,29
DEN,2025-07-20,33,41
DEN,2025-07-20,34,37
DEN,2025-07-20,35,35
DEN,2025-07-20,36,18
DEN,2025-07-20,37,17
DEN,2025-07-20,38,32
DEN,2025-07-20,39,41
DEN,2025-07-20,40,60
DEN,2025-07-20,41,45
DEN,2025-07-20,42,27
DEN,2025-07-20,43,12
DEN,2025-07-20,44,14
DEN,2025-07-20,45,44
DEN,2025-07-20,46,47
DEN,2025-07-20,47,18
DEN,2025-07-20,48,26
DEN,2025-07-20,49,32
DEN,2025-07-20,50,32
DEN,2025-07-20,51,23
DEN,2025-07-20,52,13
DEN,2025-07-20,53,29
DEN,2025-07-20,54,31
DEN,2025-07-20,55,39
DEN,2025-07-20,56,22
DEN,2025-07-20,57,25
DEN,2025-07-20,58,25
DEN,2025-07-20,59,31
DEN,2025-07-20,60,23
DEN,2025-07-20,61,17
DEN,2025-07-20,62,30
DEN,2025-07-20,63,28
DEN,2025-07-20,64,23
DEN,2025-07-20,65,47
DEN,2025-07-20,66,46
DEN,2025-07-20,67,18
DEN,2025-07-20,68,9
DEN,2025-07-20,69,19
DEN,2025-07-20,70,37
DEN,2025-07-20,71,59
DEN,2025-07-20,72,41
DEN,2025-07-20,73,31
DEN,2025-07-20,74,21
DEN,2025-07-20,75,18
DEN,2025-07-20,76,30
DEN,2025-07-20,77,47
DEN,2025-07-20,78,55
DEN,2025-07-20,79,33
DEN,2025-07-20,80,10
DEN,2025-07-20,81,13
DEN,2025-07-20,82,41
DEN,2025-07-20,83,25
DEN,2025-07-20,84,25
DEN,2025-07-20,85,21
DEN,2025-07-20,86,10
DEN,2025-07-20,87,31
DEN,2025-07-20,88,12
DEN,2025-07-20,89,13
DEN,2025-07-20,90,9
DEN,2025-07-20,91,25
DEN,2025-07-20,92,9
DEN,2025-07-20,93,6
DEN,2025-07-20,94,9
DEN,2025-07-20,95,23
DEN,2025-07-21,0,3
DEN,2025-07-21,1,4
DEN,2025-07-21,2,4
DEN,2025-07-21,3,5
DEN,2025-07-21,4,3
DEN,2025-07-21,5,1
DEN,2025-07-21,16,1
DEN,2025-07-21,17,1
DEN,2025-07-21,20,7
DEN,2025-07-21,21,2
DEN,2025-07-21,22,5
DEN,2025-07-21,23,2
DEN,2025-07-21,24,24
DEN,2025-07-21,25,5
DEN,2025-07-21,26,24
DEN,2025-07-21,27,44
DEN,2025-07-21,28,27
DEN,2025-07-21,29,7
DEN,2025-07-21,30,15
DEN,2025-07-21,31,47
DEN,2025-07-21,32,37
DEN,2025-07-21,33,33
DEN,2025-07-21,34,26
DEN,2025-07-21,35,31
DEN,2025-07-21,36,26
DEN,2025-07-21,37,14
DEN,2025-07-21,38,24
DEN,2025-07-21,39,48
DEN,2025-07-21,40,71
DEN,2025-07-21,41,38
DEN,2025-07-21,42,24
DEN,2025-07-21,43,10
DEN,2025-07-21,44,16
DEN,2025-07-21,45,41
DEN,2025-07-21,46,44
DEN,2025-07-21,47,27
DEN,2025-07-21,48,28
DEN,2025-07-21,49,31
DEN,2025-07-21,50,38
DEN,2025-07-21,51,28
DEN,2025-07-21,52,15
DEN,2025-07-21,53,23
DEN,2025-07-21,54,36
DEN,2025-07-21,55,43
DEN,2025-07-21,56,26
DEN,2025-07-21,57,15
DEN,2025-07-21,58,18
DEN,2025-07-21,59,44
DEN,2025-07-21,60,28
DEN,2025-07-21,61,12
DEN,2025-07-21,62,34
DEN,2025-07-21,63,33
DEN,2025-07-21,64,23
DEN,2025-07-21,65,50
DEN,2025-07-21,66,41
DEN,2025-07-21,67,18
DEN,2025-07-21,68,16
DEN,2025-07-21,69,31
DEN,2025-07-21,70,31
DEN,2025-07-21,71,49
DEN,2025-07-21,72,54
DEN,2025-07-21,73,29
DEN,2025-07-21,74,10
DEN,2025-07-21,75,14
DEN,2025-07-21,76,28
DEN,2025-07-21,77,47
DEN,2025-07-21,78,62
DEN,2025-07-21,79,22
DEN,2025-07-21,80,13
DEN,2025-07-21,81,26
DEN,2025-07-21,82,31
DEN,2025-07-21,83,19
DEN,2025-07-21,84,23
DEN,2025-07-21,85,16
DEN,2025-07-21,86,20
DEN,2025-07-21,87,23
DEN,2025-07-21,88,2
DEN,2025-07-21,89,11
DEN,2025-07-21,90,19
DEN,2025-07-21,91,13
DEN,2025-07-21,92,8
DEN,2025-07-21,93,8
DEN,2025-07-21,94,10
DEN,2025-07-21,95,22
DEN,2025-07-22,1,4
DEN,2025-07-22,2,4
DEN,2025-07-22,3,4
DEN,2025-07-22,5,1
DEN,2025-07-22,16,1
DEN,2025-07-22,17,1
DEN,2025-07-22,20,5
DEN,2025-07-22,21,1
DEN,2025-07-22,22,3
DEN,2025-07-22,23,2
DEN,2025-07-22,24,14
DEN,2025-07-22,25,5
DEN,2025-07-22,26,23
DEN,2025-07-22,27,39
DEN,2025-07-22,28,18
DEN,2025-07-22,29,7
DEN,2025-07-22,30,11
DEN,2025-07-22,31,42
DEN,2025-07-22,32,30
DEN,2025-07-22,33,34
DEN,2025-07-22,34,26
DEN,2025-07-22,35,31
DEN,2025-07-22,36,25
DEN,2025-07-22,37,13
DEN,2025-07-22,38,25
DEN,2025-07-22,39,52
DEN,2025-07-22,40,67
DEN,2025-07-22,41,45
DEN,2025-07-22,42,24
DEN,2025-07-22,43,8
DEN,2025-07-22,44,14
DEN,2025-07-22,45,45
DEN,2025-07-22,46,41
DEN,2025-07-22,47,16
DEN,2025-07-22,48,32
DEN,2025-07-22,49,39
DEN,2025-07-22,50,29
DEN,2025-07-22,51,19
DEN,2025-07-22,52,25
DEN,2025-07-22,53,23
DEN,2025-07-22,54,33
DEN,2025-07-22,55,41
DEN,2025-07-22,56,17
DEN,2025-07-22,57,17
DEN,2025-07-22,58,25
DEN,2025-07-22,59,30
DEN,2025-07-22,60,22
DEN,2025-07-22,61,13
DEN,2025-07-22,62,26
DEN,2025-07-22,63,28
DEN,2025-07-22,64,21
DEN,2025-07-22,65,43
DEN,2025-07-22,66,59
DEN,2025-07-22,67,11
DEN,2025-07-22,68,10
DEN,2025-07-22,69,34
DEN,2025-07-22,70,36
DEN,2025-07-22,71,45
DEN,2025-07-22,72,41
DEN,2025-07-22,73,25
DEN,2025-07-22,74,18
DEN,2025-07-22,75,15
DEN,2025-07-22,76,25
DEN,2025-07-22,77,38
DEN,2025-07-22,78,52
DEN,2025-07-22,79,25
DEN,2025-07-22,80,15
DEN,2025-07-22,81,11
DEN,2025-07-22,82,27
DEN,2025-07-22,83,24
DEN,2025-07-22,84,29
DEN,2025-07-22,85,9
DEN,2025-07-22,86,12
DEN,2025-07-22,87,25
DEN,2025-07-22,88,3
DEN,2025-07-22,89,9
DEN,2025-07-22,90,9
DEN,2025-07-22,91,8
DEN,2025-07-22,92,8
DEN,2025-07-22,93,5
DEN,2025-07-22,94,5
DEN,2025-07-22,95,17
DEN,2025-07-23,1,1
DEN,2025-07-23,2,2
DEN,2025-07-23,3,2
DEN,2025-07-23,5,1
DEN,2025-07-23,16,1
DEN,2025-07-23,17,1
DEN,2025-07-23,20,4
DEN,2025-07-23,21,1
DEN,2025-07-23,22,4
DEN,2025-07-23,23,2
DEN,2025-07-23,24,14
DEN,2025-07-23,25,5
DEN,2025-07-23,26,21
DEN,2025-07-23,27,39
DEN,2025-07-23,28,18
DEN,2025-07-23,29,7
DEN,2025-07-23,30,12
DEN,2025-07-23,31,42
DEN,2025-07-23,32,34
DEN,2025-07-23,33,33
DEN,2025-07-23,34,25
DEN,2025-07-23,35,31
DEN,2025-07-23,36,25
DEN,2025-07-23,37,13
DEN,2025-07-23,38,26
DEN,2025-07-23,39,53
DEN,2025-07-23,40,64
DEN,2025-07-23,41,45
DEN,2025-07-23,42,25
DEN,2025-07-23,43,11
DEN,2025-07-23,44,14
DEN,2025-07-23,45,46
DEN,2025-07-23,46,42
DEN,2025-07-23,47,16
DEN,2025-07-23,48,31
DEN,2025-07-23,49,39
DEN,2025-07-23,50,30
DEN,2025-07-23,51,21
DEN,2025-07-23,52,24
DEN,2025-07-23,53,24
DEN,2025-07-23,54,31
DEN,2025-07-23,55,42
DEN,2025-07-23,56,16
DEN,2025-07-23,57,17
DEN,2025-07-23,58,25
DEN,2025-07-23,59,28
DEN,2025-07-23,60,23
DEN,2025-07-23,61,12
DEN,2025-07-23,62,32
DEN,2025-07-23,63,28
DEN,2025-07-23,64,25
DEN,2025-07-23,65,46
DEN,2025-07-23,66,58
DEN,2025-07-23,67,11
DEN,2025-07-23,68,10
DEN,2025-07-23,69,35
DEN,2025-07-23,70,33
DEN,2025-07-23,71,46
DEN,2025-07-23,72,45
DEN,2025-07-23,73,26
DEN,2025-07-23,74,20
DEN,2025-07-23,75,19
DEN,2025-07-23,76,28
DEN,2025-07-23,77,40
DEN,2025-07-23,78,56
DEN,2025-07-23,79,27
DEN,2025-07-23,80,18
DEN,2025-07-23,81,13
DEN,2025-07-23,82,31
DEN,2025-07-23,83,27
DEN,2025-07-23,84,28
DEN,2025-07-23,85,9
DEN,2025-07-23,86,13
DEN,2025-07-23,87,30
DEN,2025-07-23,88,3
DEN,2025-07-23,89,9
DEN,2025-07-23,90,8
DEN,2025-07-23,91,8
DEN,2025-07-23,92,10
DEN,2025-07-23,93,5
DEN,2025-07-23,94,6
DEN,2025-07-23,95,18
DEN,2025-07-24,1,2
DEN,2025-07-24,2,2
DEN,2025-07-24,3,4
DEN,2025-07-24,5,1
DEN,2025-07-24,16,1
DEN,2025-07-24,17,1
DEN,2025-07-24,20,8
DEN,2025-07-24,21,3
DEN,2025-07-24,22,4
DEN,2025-07-24,23,2
DEN,2025-07-24,24,25
DEN,2025-07-24,25,5
DEN,2025-07-24,26,24
DEN,2025-07-24,27,44
DEN,2025-07-24,28,27
DEN,2025-07-24,29,7
DEN,2025-07-24,30,15
DEN,2025-07-24,31,46
DEN,2025-07-24,32,35
DEN,2025-07-24,33,31
DEN,2025-07-24,34,26
DEN,2025-07-24,35,30
DEN,2025-07-24,36,28
DEN,2025-07-24,37,14
DEN,2025-07-24,38,24
DEN,2025-07-24,39,48
DEN,2025-07-24,40,72
DEN,2025-07-24,41,37
DEN,2025-07-24,42,24
DEN,2025-07-24,43,10
DEN,2025-07-24,44,17
DEN,2025-07-24,45,42
DEN,2025-07-24,46,43
DEN,2025-07-24,47,27
DEN,2025-07-24,48,27
DEN,2025-07-24,49,32
DEN,2025-07-24,50,37
DEN,2025-07-24,51,28
DEN,2025-07-24,52,15
DEN,2025-07-24,53,25
DEN,2025-07-24,54,35
DEN,2025-07-24,55,43
DEN,2025-07-24,56,25
DEN,2025-07-24,57,14
DEN,2025-07-24,58,22
DEN,2025-07-24,59,43
DEN,2025-07-24,60,27
DEN,2025-07-24,61,13
DEN,2025-07-24,62,33
DEN,2025-07-24,63,30
DEN,2025-07-24,64,24
DEN,2025-07-24,65,50
DEN,2025-07-24,66,41
DEN,2025-07-24,67,17
DEN,2025-07-24,68,14
DEN,2025-07-24,69,31
DEN,2025-07-24,70,31
DEN,2025-07-24,71,46
DEN,2025-07-24,72,54
DEN,2025-07-24,73,26
DEN,2025-07-24,74,11
DEN,2025-07-24,75,14
DEN,2025-07-24,76,26
DEN,2025-07-24,77,49
DEN,2025-07-24,78,59
DEN,2025-07-24,79,20
DEN,2025-07-24,80,15
DEN,2025-07-24,81,24
DEN,2025-07-24,82,32
DEN,2025-07-24,83,20
DEN,2025-07-24,84,20
DEN,2025-07-24,85,18
DEN,2025-07-24,86,17
DEN,2025-07-24,87,25
DEN,2025-07-24,88,2
DEN,2025-07-24,89,11
DEN,2025-07-24,90,19
DEN,2025-07-24,91,13
DEN,2025-07-24,92,9
DEN,2025-07-24,93,7
DEN,2025-07-24,94,10
DEN,2025-07-24,95,23
DEN,2025-07-25,1,3
DEN,2025-07-25,2,3
DEN,2025-07-25,3,5
DEN,2025-07-25,5,1
DEN,2025-07-25,16,1
DEN,2025-07-25,17,1
DEN,2025-07-25,20,8
DEN,2025-07-25,21,3
DEN,2025-07-25,22,4
DEN,2025-07-25,23,2
DEN,2025-07-25,24,24
DEN,2025-07-25,25,5
DEN,2025-07-25,26,25
DEN,2025-07-25,27,45
DEN,2025-07-25,28,26
DEN,2025-07-25,29,6
DEN,2025-07-25,30,15
DEN,2025-07-25,31,46
DEN,2025-07-25,32,36
DEN,2025-07-25,33,31
DEN,2025-07-25,34,27
DEN,2025-07-25,35,30
DEN,2025-07-25,36,26
DEN,2025-07-25,37,14
DEN,2025-07-25,38,24
DEN,2025-07-25,39,47
DEN,2025-07-25,40,70
DEN,2025-07-25,41,37
DEN,2025-07-25,42,24
DEN,2025-07-25,43,10
DEN,2025-07-25,44,16
DEN,2025-07-25,45,42
DEN,2025-07-25,46,44
DEN,2025-07-25,47,26
DEN,2025-07-25,48,26
DEN,2025-07-25,49,32
DEN,2025-07-25,50,38
DEN,2025-07-25,51,28
DEN,2025-07-25,52,15
DEN,2025-07-25,53,23
DEN,2025-07-25,54,35
DEN,2025-07-25,55,43
DEN,2025-07-25,56,26
DEN,2025-07-25,57,14
DEN,2025-07-25,58,18
DEN,2025-07-25,59,42
DEN,2025-07-25,60,28
DEN,2025-07-25,61,12
DEN,2025-07-25,62,35
DEN,2025-07-25,63,30
DEN,2025-07-25,64,24
DEN,2025-07-25,65,51
DEN,2025-07-25,66,42
DEN,2025-07-25,67,17
DEN,2025-07-25,68,16
DEN,2025-07-25,69,31
DEN,2025-07-25,70,31
DEN,2025-07-25,71,46
DEN,2025-07-25,72,53
DEN,2025-07-25,73,29
DEN,2025-07-25,74,10
DEN,2025-07-25,75,14
DEN,2025-07-25,76,24
DEN,2025-07-25,77,47
DEN,2025-07-25,78,60
DEN,2025-07-25,79,21
DEN,2025-07-25,80,14
DEN,2025-07-25,81,26
DEN,2025-07-25,82,30
DEN,2025-07-25,83,19
DEN,2025-07-25,84,22
DEN,2025-07-25,85,16
DEN,2025-07-25,86,19
DEN,2025-07-25,87,24
DEN,2025-07-25,88,2
DEN,2025-07-25,89,12
DEN,2025-07-25,90,18
DEN,2025-07-25,91,12
DEN,2025-07-25,92,7
DEN,2025-07-25,93,8
DEN,2025-07-25,94,7
DEN,2025-07-25,95,24
DEN,2025-07-26,1,3
DEN,2025-07-26,2,4
DEN,2025-07-26,3,5
DEN,2025-07-26,5,1
DEN,2025-07-26,16,1
DEN,2025-07-26,17,1
DEN,2025-07-26,20,5
DEN,2025-07-26,21,4
DEN,2025-07-26,22,6
DEN,2025-07-26,23,1
DEN,2025-07-26,24,20
DEN,2025-07-26,25,2
DEN,2025-07-26,26,27
DEN,2025-07-26,27,45
DEN,2025-07-26,28,18
DEN,2025-07-26,29,5
DEN,2025-07-26,30,15
DEN,2025-07-26,31,40
DEN,2025-07-26,32,31
DEN,2025-07-26,33,37
DEN,2025-07-26,34,40
DEN,2025-07-26,35,30
DEN,2025-07-26,36,14
DEN,2025-07-26,37,15
DEN,2025-07-26,38,29
DEN,2025-07-26,39,47
DEN,2025-07-26,40,61
DEN,2025-07-26,41,35
DEN,2025-07-26,42,20
DEN,2025-07-26,43,9
DEN,2025-07-26,44,14
DEN,2025-07-26,45,46
DEN,2025-07-26,46,37
DEN,2025-07-26,47,20
DEN,2025-07-26,48,21
DEN,2025-07-26,49,31
DEN,2025-07-26,50,28
DEN,2025-07-26,51,20
DEN,2025-07-26,52,9
DEN,2025-07-26,53,19
DEN,2025-07-26,54,28
DEN,2025-07-26,55,32
DEN,2025-07-26,56,12
DEN,2025-07-26,57,19
DEN,2025-07-26,58,19
DEN,2025-07-26,59,27
DEN,2025-07-26,60,26
DEN,2025-07-26,61,13
DEN,2025-07-26,62,24
DEN,2025-07-26,63,27
DEN,2025-07-26,64,21
DEN,2025-07-26,65,39
DEN,2025-07-26,66,44
DEN,2025-07-26,67,23
DEN,2025-07-26,68,16
DEN,2025-07-26,69,22
DEN,2025-07-26,70,35
DEN,2025-07-26,71,63
DEN,2025-07-26,72,39
DEN,2025-07-26,73,29
DEN,2025-07-26,74,8
DEN,2025-07-26,75,17
DEN,2025-07-26,76,30
DEN,2025-07-26,77,38
DEN,2025-07-26,78,40
DEN,2025-07-26,79,34
DEN,2025-07-26,80,11
DEN,2025-07-26,81,11
DEN,2025-07-26,82,27
DEN,2025-07-26,83,32
DEN,2025-07-26,84,25
DEN,2025-07-26,85,6
DEN,2025-07-26,86,22
DEN,2025-07-26,87,22
DEN,2025-07-26,88,2
DEN,2025-07-26,89,10
DEN,2025-07-26,90,7
DEN,2025-07-26,91,9
DEN,2025-07-26,92,6
DEN,2025-07-26,93,6
DEN,2025-07-26,94,8
DEN,2025-07-26,95,19
DEN,2025-07-27,0,1
DEN,2025-07-27,1,1
DEN,2025-07-27,2,2
DEN,2025-07-27,3,1
DEN,2025-07-27,5,1
DEN,2025-07-27,16,1
DEN,2025-07-27,17,1
DEN,2025-07-27,20,5
DEN,2025-07-27,21,3
DEN,2025-07-27,22,3
DEN,2025-07-27,23,1
DEN,2025-07-27,24,24
DEN,2025-07-27,25,3
DEN,2025-07-27,26,20
DEN,2025-07-27,27,33
DEN,2025-07-27,28,31
DEN,2025-07-27,29,9
DEN,2025-07-27,30,17
DEN,2025-07-27,31,38
DEN,2025-07-27,32,29
DEN,2025-07-27,33,41
DEN,2025-07-27,34,37
DEN,2025-07-27,35,35
DEN,2025-07-27,36,18
DEN,2025-07-27,37,17
DEN,2025-07-27,38,32
DEN,2025-07-27,39,41
DEN,2025-07-27,40,60
DEN,2025-07-27,41,44
DEN,2025-07-27,42,26
DEN,2025-07-27,43,12
DEN,2025-07-27,44,14
DEN,2025-07-27,45,45
DEN,2025-07-27,46,47
DEN,2025-07-27,47,18
DEN,2025-07-27,48,26
DEN,2025-07-27,49,32
DEN,2025-07-27,50,31
DEN,2025-07-27,51,23
DEN,2025-07-27,52,13
DEN,2025-07-27,53,29
DEN,2025-07-27,54,31
DEN,2025-07-27,55,39
DEN,2025-07-27,56,22
DEN,2025-07-27,57,24
DEN,2025-07-27,58,27
DEN,2025-07-27,59,31
DEN,2025-07-27,60,24
DEN,2025-07-27,61,17
DEN,2025-07-27,62,30
DEN,2025-07-27,63,27
DEN,2025-07-27,64,22
DEN,2025-07-27,65,46
DEN,2025-07-27,66,45
DEN,2025-07-27,67,18
DEN,2025-07-27,68,9
DEN,2025-07-27,69,19
DEN,2025-07-27,70,37
DEN,2025-07-27,71,60
DEN,2025-07-27,72,41
DEN,2025-07-27,73,31
DEN,2025-07-27,74,20
DEN,2025-07-27,75,18
DEN,2025-07-27,76,29
DEN,2025-07-27,77,47
DEN,2025-07-27,78,55
DEN,2025-07-27,79,33
DEN,2025-07-27,80,9
DEN,2025-07-27,81,13
DEN,2025-07-27,82,41
DEN,2025-07-27,83,25
DEN,2025-07-27,84,24
DEN,2025-07-27,85,20
DEN,2025-07-27,86,10
DEN,2025-07-27,87,30
DEN,2025-07-27,88,12
DEN,2025-07-27,89,13
DEN,2025-07-27,90,9
DEN,2025-07-27,91,24
DEN,2025-07-27,92,9
DEN,2025-07-27,93,6
DEN,2025-07-27,94,8
DEN,2025-07-27,95,23
DEN,2025-07-28,0,3
DEN,2025-07-28,1,4
DEN,2025-07-28,2,3
DEN,2025-07-28,3,5
DEN,2025-07-28,4,3
DEN,2025-07-28,16,1
DEN,2025-07-28,17,1
DEN,2025-07-28,20,8
DEN,2025-07-28,21,2
DEN,2025-07-28,22,4
DEN,2025-07-28,23,1
DEN,2025-07-28,24,24
DEN,2025-07-28,25,5
DEN,2025-07-28,26,26
DEN,2025-07-28,27,44
DEN,2025-07-28,28,27
DEN,2025-07-28,29,6
DEN,2025-07-28,30,15
DEN,2025-07-28,31,46
DEN,2025-07-28,32,37
DEN,2025-07-28,33,31
DEN,2025-07-28,34,27
DEN,2025-07-28,35,30
DEN,2025-07-28,36,26
DEN,2025-07-28,37,14
DEN,2025-07-28,38,24
DEN,2025-07-28,39,47
DEN,2025-07-28,40,70
DEN,2025-07-28,41,38
DEN,2025-07-28,42,24
DEN,2025-07-28,43,10
DEN,2025-07-28,44,15
DEN,2025-07-28,45,41
DEN,2025-07-28,46,43
DEN,2025-07-28,47,27
DEN,2025-07-28,48,27
DEN,2025-07-28,49,32
DEN,2025-07-28,50,38
DEN,2025-07-28,51,28
DEN,2025-07-28,52,15
DEN,2025-07-28,53,23
DEN,2025-07-28,54,36
DEN,2025-07-28,55,42
DEN,2025-07-28,56,26
DEN,2025-07-28,57,13
DEN,2025-07-28,58,18
DEN,2025-07-28,59,43
DEN,2025-07-28,60,27
DEN,2025-07-28,61,12
DEN,2025-07-28,62,34
DEN,2025-07-28,63,31
DEN,2025-07-28,64,23
DEN,2025-07-28,65,51
DEN,2025-07-28,66,41
DEN,2025-07-28,67,18
DEN,2025-07-28,68,16
DEN,2025-07-28,69,31
DEN,2025-07-28,70,31
DEN,2025-07-28,71,49
DEN,2025-07-28,72,53
DEN,2025-07-28,73,29
DEN,2025-07-28,74,10
DEN,2025-07-28,75,14
DEN,2025-07-28,76,28
DEN,2025-07-28,77,45
DEN,2025-07-28,78,62
DEN,2025-07-28,79,22
DEN,2025-07-28,80,13
DEN,2025-07-28,81,25
DEN,2025-07-28,82,31
DEN,2025-07-28,83,20
DEN,2025-07-28,84,23
DEN,2025-07-28,85,16
DEN,2025-07-28,86,20
DEN,2025-07-28,87,21
DEN,2025-07-28,88,2
DEN,2025-07-28,89,11
DEN,2025-07-28,90,20
DEN,2025-07-28,91,13
DEN,2025-07-28,92,8
DEN,2025-07-28,93,8
DEN,2025-07-28,94,10
DEN,2025-07-28,95,22
DEN,2025-07-29,1,4
DEN,2025-07-29,2,4
DEN,2025-07-29,3,4
DEN,2025-07-29,5,1
DEN,2025-07-29,16,1
DEN,2025-07-29,17,1
DEN,2025-07-29,20,5
DEN,2025-07-29,21,1
DEN,2025-07-29,22,3
DEN,2025-07-29,23,2
DEN,2025-07-29,24,14
DEN,2025-07-29,25,5
DEN,2025-07-29,26,23
DEN,2025-07-29,27,39
DEN,2025-07-29,28,18
DEN,2025-07-29,29,7
DEN,2025-07-29,30,12
DEN,2025-07-29,31,42
DEN,2025-07-29,32,29
DEN,2025-07-29,33,34
DEN,2025-07-29,34,25
DEN,2025-07-29,35,31
DEN,2025-07-29,36,25
DEN,2025-07-29,37,13
DEN,2025-07-29,38,25
DEN,2025-07-29,39,51
DEN,2025-07-29,40,66
DEN,2025-07-29,41,46
DEN,2025-07-29,42,24
DEN,2025-07-29,43,8
DEN,2025-07-29,44,14
DEN,2025-07-29,45,45
DEN,2025-07-29,46,41
DEN,2025-07-29,47,16
DEN,2025-07-29,48,31
DEN,2025-07-29,49,40
DEN,2025-07-29,50,29
DEN,2025-07-29,51,19
DEN,2025-07-29,52,25
DEN,2025-07-29,53,23
DEN,2025-07-29,54,33
DEN,2025-07-29,55,42
DEN,2025-07-29,56,16
DEN,2025-07-29,57,17
DEN,2025-07-29,58,25
DEN,2025-07-29,59,30
DEN,2025-07-29,60,22
DEN,2025-07-29,61,13
DEN,2025-07-29,62,26
DEN,2025-07-29,63,28
DEN,2025-07-29,64,21
DEN,2025-07-29,65,44
DEN,2025-07-29,66,59
DEN,2025-07-29,67,11
DEN,2025-07-29,68,10
DEN,2025-07-29,69,35
DEN,2025-07-29,70,37
DEN,2025-07-29,71,46
DEN,2025-07-29,72,43
DEN,2025-07-29,73,26
DEN,2025-07-29,74,19
DEN,2025-07-29,75,16
DEN,2025-07-29,76,26
DEN,2025-07-29,77,40
DEN,2025-07-29,78,55
DEN,2025-07-29,79,27
DEN,2025-07-29,80,15
DEN,2025-07-29,81,11
DEN,2025-07-29,82,30
DEN,2025-07-29,83,26
DEN,2025-07-29,84,30
DEN,2025-07-29,85,9
DEN,2025-07-29,86,13
DEN,2025-07-29,87,27
DEN,2025-07-29,88,3
DEN,2025-07-29,89,9
DEN,2025-07-29,90,9
DEN,2025-07-29,91,8
DEN,2025-07-29,92,8
DEN,2025-07-29,93,5
DEN,2025-07-29,94,5
DEN,2025-07-29,95,17
DEN,2025-07-30,1,1
DEN,2025-07-30,2,2
DEN,2025-07-30,3,2
DEN,2025-07-30,5,1
DEN,2025-07-30,16,1
DEN,2025-07-30,17,1
DEN,2025-07-30,20,4
DEN,2025-07-30,21,1
DEN,2025-07-30,22,4
DEN,2025-07-30,23,2
DEN,2025-07-30,24,13
DEN,2025-07-30,25,4
DEN,2025-07-30,26,21
DEN,2025-07-30,27,39
DEN,2025-07-30,28,18
DEN,2025-07-30,29,7
DEN,2025-07-30,30,12
DEN,2025-07-30,31,42
DEN,2025-07-30,32,33
DEN,2025-07-30,33,33
DEN,2025-07-30,34,25
DEN,2025-07-30,35,31
DEN,2025-07-30,36,25
DEN,2025-07-30,37,13
DEN,2025-07-30,38,26
DEN,2025-07-30,39,53
DEN,2025-07-30,40,64
DEN,2025-07-30,41,45
DEN,2025-07-30,42,24
DEN,2025-07-30,43,11
DEN,2025-07-30,44,14
DEN,2025-07-30,45,45
DEN,2025-07-30,46,42
DEN,2025-07-30,47,15
DEN,2025-07-30,48,30
DEN,2025-07-30,49,39
DEN,2025-07-30,50,30
DEN,2025-07-30,51,21
DEN,2025-07-30,52,24
DEN,2025-07-30,53,24
DEN,2025-07-30,54,32
DEN,2025-07-30,55,42
DEN,2025-07-30,56,16
DEN,2025-07-30,57,17
DEN,2025-07-30,58,25
DEN,2025-07-30,59,28
DEN,2025-07-30,60,23
DEN,2025-07-30,61,12
DEN,2025-07-30,62,32
DEN,2025-07-30,63,29
DEN,2025-07-30,64,25
DEN,2025-07-30,65,45
DEN,2025-07-30,66,60
DEN,2025-07-30,67,11
DEN,2025-07-30,68,10
DEN,2025-07-30,69,35
DEN,2025-07-30,70,34
DEN,2025-07-30,71,45
DEN,2025-07-30,72,45
DEN,2025-07-30,73,26
DEN,2025-07-30,74,20
DEN,2025-07-30,75,19
DEN,2025-07-30,76,27
DEN,2025-07-30,77,41
DEN,2025-07-30,78,55
DEN,2025-07-30,79,27
DEN,2025-07-30,80,18
DEN,2025-07-30,81,13
DEN,2025-07-30,82,30
DEN,2025-07-30,83,27
DEN,2025-07-30,84,28
DEN,2025-07-30,85,9
DEN,2025-07-30,86,13
DEN,2025-07-30,87,30
DEN,2025-07-30,88,3
DEN,2025-07-30,89,9
DEN,2025-07-30,90,8
DEN,2025-07-30,91,8
DEN,2025-07-30,92,10
DEN,2025-07-30,93,5
DEN,2025-07-30,94,6
DEN,2025-07-30,95,18
DEN,2025-07-31,1,2
DEN,2025-07-31,2,2
DEN,2025-07-31,3,4
DEN,2025-07-31,5,1
DEN,2025-07-31,16,1
DEN,2025-07-31,17,1
DEN,2025-07-31,20,8
DEN,2025-07-31,21,3
DEN,2025-07-31,22,4
DEN,2025-07-31,23,2
DEN,2025-07-31,24,25
DEN,2025-07-31,25,5
DEN,2025-07-31,26,23
DEN,2025-07-31,27,44
DEN,2025-07-31,28,27
DEN,2025-07-31,29,7
DEN,2025-07-31,30,15
DEN,2025-07-31,31,46
DEN,2025-07-31,32,35
DEN,2025-07-31,33,32
DEN,2025-07-31,34,26
DEN,2025-07-31,35,30
DEN,2025-07-31,36,28
DEN,2025-07-31,37,14
DEN,2025-07-31,38,24
DEN,2025-07-31,39,48
DEN,2025-07-31,40,72
DEN,2025-07-31,41,38
DEN,2025-07-31,42,23
DEN,2025-07-31,43,10
DEN,2025-07-31,44,16
DEN,2025-07-31,45,41
DEN,2025-07-31,46,44
DEN,2025-07-31,47,27
DEN,2025-07-31,48,27
DEN,2025-07-31,49,31
DEN,2025-07-31,50,38
DEN,2025-07-31,51,28
DEN,2025-07-31,52,15
DEN,2025-07-31,53,24
DEN,2025-07-31,54,34
DEN,2025-07-31,55,42
DEN,2025-07-31,56,24
DEN,2025-07-31,57,14
DEN,2025-07-31,58,21
DEN,2025-07-31,59,41
DEN,2025-07-31,60,26
DEN,2025-07-31,61,13
DEN,2025-07-31,62,32
DEN,2025-07-31,63,29
DEN,2025-07-31,64,24
DEN,2025-07-31,65,48
DEN,2025-07-31,66,43
DEN,2025-07-31,67,17
DEN,2025-07-31,68,14
DEN,2025-07-31,69,32
DEN,2025-07-31,70,32
DEN,2025-07-31,71,47
DEN,2025-07-31,72,53
DEN,2025-07-31,73,29
DEN,2025-07-31,74,11
DEN,2025-07-31,75,15
DEN,2025-07-31,76,26
DEN,2025-07-31,77,48
DEN,2025-07-31,78,60
DEN,2025-07-31,79,19
DEN,2025-07-31,80,15
DEN,2025-07-31,81,26
DEN,2025-07-31,82,30
DEN,2025-07-31,83,20
DEN,2025-07-31,84,19
DEN,2025-07-31,85,18
DEN,2025-07-31,86,15
DEN,2025-07-31,87,25
DEN,2025-07-31,88,2
DEN,2025-07-31,89,12
DEN,2025-07-31,90,18
DEN,2025-07-31,91,11
DEN,2025-07-31,92,8
DEN,2025-07-31,93,7
DEN,2025-07-31,94,10
DEN,2025-07-31,95,21
DEN,2025-08-01,1,2
DEN,2025-08-01,2,3
DEN,2025-08-01,3,1
DEN,2025-08-01,5,1
DEN,2025-08-01,24,2
DEN,2025-08-01,25,1
DEN,2025-08-01,26,3
DEN,2025-08-01,28,1
DEN,2025-08-01,33,1
DFW,2025-07-01,20,6
DFW,2025-07-01,21,2
DFW,2025-07-01,22,2
DFW,2025-07-01,23,7
DFW,2025-07-01,24,17
DFW,2025-07-01,25,13
DFW,2025-07-01,26,6
DFW,2025-07-01,27,9
DFW,2025-07-01,28,61
DFW,2025-07-01,29,49
DFW,2025-07-01,30,9
DFW,2025-07-01,31,8
DFW,2025-07-01,32,27
DFW,2025-07-01,33,43
DFW,2025-07-01,34,36
DFW,2025-07-01,35,39
DFW,2025-07-01,36,46
DFW,2025-07-01,37,24
DFW,2025-07-01,38,8
DFW,2025-07-01,39,16
DFW,2025-07-01,40,31
DFW,2025-07-01,41,36
DFW,2025-07-01,42,21
DFW,2025-07-01,43,15
DFW,2025-07-01,44,24
DFW,2025-07-01,45,47
DFW,2025-07-01,46,32
DFW,2025-07-01,47,9
DFW,2025-07-01,48,10
DFW,2025-07-01,49,44
DFW,2025-07-01,50,37
DFW,2025-07-01,51,13
DFW,2025-07-01,52,16
DFW,2025-07-01,53,25
DFW,2025-07-01,54,42
DFW,2025-07-01,55,21
DFW,2025-07-01,56,16
DFW,2025-07-01,57,27
DFW,2025-07-01,58,26
DFW,2025-07-01,59,23
DFW,2025-07-01,60,21
DFW,2025-07-01,61,21
DFW,2025-07-01,62,24
DFW,2025-07-01,63,45
DFW,2025-07-01,64,11
DFW,2025-07-01,65,17
DFW,2025-07-01,66,29
DFW,2025-07-01,67,27
DFW,2025-07-01,68,20
DFW,2025-07-01,69,18
DFW,2025-07-01,70,33
DFW,2025-07-01,71,36
DFW,2025-07-01,72,32
DFW,2025-07-01,73,9
DFW,2025-07-01,74,30
DFW,2025-07-01,75,34
DFW,2025-07-01,76,26
DFW,2025-07-01,77,27
DFW,2025-07-01,78,52
DFW,2025-07-01,79,41
DFW,2025-07-01,80,18
DFW,2025-07-01,81,2
DFW,2025-07-01,82,15
DFW,2025-07-01,83,28
DFW,2025-07-01,84,29
DFW,2025-07-01,85,16
DFW,2025-07-01,86,5
DFW,2025-07-01,87,16
DFW,2025-07-01,89,2
DFW,2025-07-01,90,1
DFW,2025-07-01,91,1
DFW,2025-07-01,92,2
DFW,2025-07-01,93,2
DFW,2025-07-01,95,7
DFW,2025-07-02,0,1
DFW,2025-07-02,1,2
DFW,2025-07-02,2,1
DFW,2025-07-02,3,1
DFW,2025-07-02,18,2
DFW,2025-07-02,19,1
DFW,2025-07-02,20,6
DFW,2025-07-02,21,2
DFW,2025-07-02,22,3
DFW,2025-07-02,23,3
DFW,2025-07-02,24,18
DFW,2025-07-02,25,13
DFW,2025-07-02,26,3
DFW,2025-07-02,27,10
DFW,2025-07-02,28,61
DFW,2025-07-02,29,49
DFW,2025-07-02,30,10
DFW,2025-07-02,31,6
DFW,2025-07-02,32,25
DFW,2025-07-02,33,46
DFW,2025-07-02,34,32
DFW,2025-07-02,35,41
DFW,2025-07-02,36,46
DFW,2025-07-02,37,22
DFW,2025-07-02,38,10
DFW,2025-07-02,39,16
DFW,2025-07-02,40,26
DFW,2025-07-02,41,35
DFW,2025-07-02,42,20
DFW,2025-07-02,43,15
DFW,2025-07-02,44,24
DFW,2025-07-02,45,44
DFW,2025-07-02,46,33
DFW,2025-07-02,47,8
DFW,2025-07-02,48,11
DFW,2025-07-02,49,43
DFW,2025-07-02,50,36
DFW,2025-07-02,51,13
DFW,2025-07-02,52,16
DFW,2025-07-02,53,26
DFW,2025-07-02,54,40
DFW,2025-07-02,55,20
DFW,2025-07-02,56,16
DFW,2025-07-02,57,28
DFW,2025-07-02,58,26
DFW,2025-07-02,59,25
DFW,2025-07-02,60,27
DFW,2025-07-02,61,21
DFW,2025-07-02,62,25
DFW,2025-07-02,63,46
DFW,2025-07-02,64,11
DFW,2025-07-02,65,18
DFW,2025-07-02,66,32
DFW,2025-07-02,67,27
DFW,2025-07-02,68,21
DFW,2025-07-02,69,23
DFW,2025-07-02,70,34
DFW,2025-07-02,71,32
DFW,2025-07-02,72,30
DFW,2025-07-02,73,11
DFW,2025-07-02,74,36
DFW,2025-07-02,75,36
DFW,2025-07-02,76,26
DFW,2025-07-02,77,27
DFW,2025-07-02,78,47
DFW,2025-07-02,79,45
DFW,2025-07-02,80,23
DFW,2025-07-02,81,5
DFW,2025-07-02,82,21
DFW,2025-07-02,83,42
DFW,2025-07-02,84,28
DFW,2025-07-02,85,26
DFW,2025-07-02,86,42
DFW,2025-07-02,87,39
DFW,2025-07-02,88,3
DFW,2025-07-02,89,5
DFW,2025-07-02,90,29
DFW,2025-07-02,91,25
DFW,2025-07-02,92,2
DFW,2025-07-02,93,5
DFW,2025-07-02,94,1
DFW,2025-07-02,95,13
DFW,2025-07-03,0,1
DFW,2025-07-03,1,2
DFW,2025-07-03,2,2
DFW,2025-07-03,3,1
DFW,2025-07-03,18,2
DFW,2025-07-03,19,1
DFW,2025-07-03,20,11
DFW,2025-07-03,21,4
DFW,2025-07-03,22,8
DFW,2025-07-03,23,4
DFW,2025-07-03,24,22
DFW,2025-07-03,25,15
DFW,2025-07-03,26,4
DFW,2025-07-03,27,11
DFW,2025-07-03,28,63
DFW,2025-07-03,29,47
DFW,2025-07-03,30,10
DFW,2025-07-03,31,9
DFW,2025-07-03,32,26
DFW,2025-07-03,33,45
DFW,2025-07-03,34,34
DFW,2025-07-03,35,41
DFW,2025-07-03,36,48
DFW,2025-07-03,37,22
DFW,2025-07-03,38,6
DFW,2025-07-03,39,15
DFW,2025-07-03,40,31
DFW,2025-07-03,41,37
DFW,2025-07-03,42,20
DFW,2025-07-03,43,14
DFW,2025-07-03,44,27
DFW,2025-07-03,45,47
DFW,2025-07-03,46,34
DFW,2025-07-03,47,10
DFW,2025-07-03,48,11
DFW,2025-07-03,49,45
DFW,2025-07-03,50,36
DFW,2025-07-03,51,15
DFW,2025-07-03,52,19
DFW,2025-07-03,53,23
DFW,2025-07-03,54,43
DFW,2025-07-03,55,21
DFW,2025-07-03,56,16
DFW,2025-07-03,57,32
DFW,2025-07-03,58,24
DFW,2025-07-03,59,27
DFW,2025-07-03,60,29
DFW,2025-07-03,61,19
DFW,2025-07-03,62,24
DFW,2025-07-03,63,47
DFW,2025-07-03,64,11
DFW,2025-07-03,65,19
DFW,2025-07-03,66,31
DFW,2025-07-03,67,31
DFW,2025-07-03,68,23
DFW,2025-07-03,69,21
DFW,2025-07-03,70,36
DFW,2025-07-03,71,38
DFW,2025-07-03,72,33
DFW,2025-07-03,73,9
DFW,2025-07-03,74,39
DFW,2025-07-03,75,38
DFW,2025-07-03,76,26
DFW,2025-07-03,77,28
DFW,2025-07-03,78,51
DFW,2025-07-03,79,47
DFW,2025-07-03,80,21
DFW,2025-07-03,81,6
DFW,2025-07-03,82,19
DFW,2025-07-03,83,43
DFW,2025-07-03,84,33
DFW,2025-07-03,85,26
DFW,2025-07-03,86,44
DFW,2025-07-03,87,41
DFW,2025-07-03,88,1
DFW,2025-07-03,89,7
DFW,2025-07-03,90,32
DFW,2025-07-03,91,26
DFW,2025-07-03,92,2
DFW,2025-07-03,93,6
DFW,2025-07-03,94,2
DFW,2025-07-03,95,13
DFW,2025-07-04,0,1
DFW,2025-07-04,1,3
DFW,2025-07-04,2,3
DFW,2025-07-04,3,2
DFW,2025-07-04,5,1
DFW,2025-07-04,18,2
DFW,2025-07-04,19,1
DFW,2025-07-04,20,12
DFW,2025-07-04,21,5
DFW,2025-07-04,22,6
DFW,2025-07-04,23,8
DFW,2025-07-04,24,22
DFW,2025-07-04,25,15
DFW,2025-07-04,26,6
DFW,2025-07-04,27,9
DFW,2025-07-04,28,68
DFW,2025-07-04,29,49
DFW,2025-07-04,30,8
DFW,2025-07-04,31,8
DFW,2025-07-04,32,28
DFW,2025-07-04,33,42
DFW,2025-07-04,34,34
DFW,2025-07-04,35,42
DFW,2025-07-04,36,49
DFW,2025-07-04,37,23
DFW,2025-07-04,38,8
DFW,2025-07-04,39,16
DFW,2025-07-04,40,29
DFW,2025-07-04,41,37
DFW,2025-07-04,42,23
DFW,2025-07-04,43,13
DFW,2025-07-04,44,25
DFW,2025-07-04,45,47
DFW,2025-07-04,46,35
DFW,2025-07-04,47,10
DFW,2025-07-04,48,11
DFW,2025-07-04,49,43
DFW,2025-07-04,50,37
DFW,2025-07-04,51,18
DFW,2025-07-04,52,14
DFW,2025-07-04,53,25
DFW,2025-07-04,54,43
DFW,2025-07-04,55,21
DFW,2025-07-04,56,16
DFW,2025-07-04,57,29
DFW,2025-07-04,58,24
DFW,2025-07-04,59,26
DFW,2025-07-04,60,20
DFW,2025-07-04,61,22
DFW,2025-07-04,62,23
DFW,2025-07-04,63,45
DFW,2025-07-04,64,7
DFW,2025-07-04,65,15
DFW,2025-07-04,66,30
DFW,2025-07-04,67,37
DFW,2025-07-04,68,27
DFW,2025-07-04,69,19
DFW,2025-07-04,70,41
DFW,2025-07-04,71,35
DFW,2025-07-04,72,30
DFW,2025-07-04,73,5
DFW,2025-07-04,74,25
DFW,2025-07-04,75,24
DFW,2025-07-04,76,21
DFW,2025-07-04,77,10
DFW,2025-07-04,78,9
DFW,2025-07-04,79,4
DFW,2025-07-04,80,4
DFW,2025-07-04,81,3
DFW,2025-07-04,82,3
DFW,2025-07-04,83,1
DFW,2025-07-04,84,5
DFW,2025-07-04,85,3
DFW,2025-07-04,86,2
DFW,2025-07-04,87,4
DFW,2025-07-04,89,2
DFW,2025-07-04,90,1
DFW,2025-07-04,91,2
DFW,2025-07-04,93,1
DFW,2025-07-04,95,4
DFW,2025-07-05,1,3
DFW,2025-07-05,2,2
DFW,2025-07-05,5,1
DFW,2025-07-05,20,5
DFW,2025-07-05,21,1
DFW,2025-07-05,22,2
DFW,2025-07-05,23,5
DFW,2025-07-05,24,18
DFW,2025-07-05,25,14
DFW,2025-07-05,26,3
DFW,2025-07-05,27,11
DFW,2025-07-05,28,64
DFW,2025-07-05,29,53
DFW,2025-07-05,30,11
DFW,2025-07-05,31,8
DFW,2025-07-05,32,27
DFW,2025-07-05,33,38
DFW,2025-07-05,34,31
DFW,2025-07-05,35,39
DFW,2025-07-05,36,47
DFW,2025-07-05,37,23
DFW,2025-07-05,38,7
DFW,2025-07-05,39,15
DFW,2025-07-05,40,29
DFW,2025-07-05,41,25
DFW,2025-07-05,42,23
DFW,2025-07-05,43,21
DFW,2025-07-05,44,22
DFW,2025-07-05,45,42
DFW,2025-07-05,46,31
DFW,2025-07-05,47,9
DFW,2025-07-05,48,10
DFW,2025-07-05,49,47
DFW,2025-07-05,50,30
DFW,2025-07-05,51,14
DFW,2025-07-05,52,21
DFW,2025-07-05,53,30
DFW,2025-07-05,54,30
DFW,2025-07-05,55,25
DFW,2025-07-05,56,11
DFW,2025-07-05,57,27
DFW,2025-07-05,58,24
DFW,2025-07-05,59,26
DFW,2025-07-05,60,26
DFW,2025-07-05,61,26
DFW,2025-07-05,62,20
DFW,2025-07-05,63,40
DFW,2025-07-05,64,12
DFW,2025-07-05,65,21
DFW,2025-07-05,66,28
DFW,2025-07-05,67,27
DFW,2025-07-05,68,19
DFW,2025-07-05,69,20
DFW,2025-07-05,70,37
DFW,2025-07-05,71,34
DFW,2025-07-05,72,33
DFW,2025-07-05,73,5
DFW,2025-07-05,74,33
DFW,2025-07-05,75,38
DFW,2025-07-05,76,26
DFW,2025-07-05,77,28
DFW,2025-07-05,78,41
DFW,2025-07-05,79,46
DFW,2025-07-05,80,24
DFW,2025-07-05,81,7
DFW,2025-07-05,82,20
DFW,2025-07-05,83,40
DFW,2025-07-05,84,38
DFW,2025-07-05,85,24
DFW,2025-07-05,86,39
DFW,2025-07-05,87,37
DFW,2025-07-05,88,6
DFW,2025-07-05,89,6
DFW,2025-07-05,90,37
DFW,2025-07-05,91,18
DFW,2025-07-05,92,1
DFW,2025-07-05,93,6
DFW,2025-07-05,94,5
DFW,2025-07-05,95,10
DFW,2025-07-06,1,4
DFW,2025-07-06,2,2
DFW,2025-07-06,3,1
DFW,2025-07-06,5,1
DFW,2025-07-06,18,1
DFW,2025-07-06,19,2
DFW,2025-07-06,20,10
DFW,2025-07-06,21,4
DFW,2025-07-06,22,8
DFW,2025-07-06,23,4
DFW,2025-07-06,24,19
DFW,2025-07-06,25,16
DFW,2025-07-06,26,3
DFW,2025-07-06,27,12
DFW,2025-07-06,28,61
DFW,2025-07-06,29,52
DFW,2025-07-06,30,11
DFW,2025-07-06,31,6
DFW,2025-07-06,32,35
DFW,2025-07-06,33,39
DFW,2025-07-06,34,34
DFW,2025-07-06,35,38
DFW,2025-07-06,36,48
DFW,2025-07-06,37,26
DFW,2025-07-06,38,5
DFW,2025-07-06,39,21
DFW,2025-07-06,40,29
DFW,2025-07-06,41,31
DFW,2025-07-06,42,23
DFW,2025-07-06,43,21
DFW,2025-07-06,44,26
DFW,2025-07-06,45,44
DFW,2025-07-06,46,31
DFW,2025-07-06,47,10
DFW,2025-07-06,48,13
DFW,2025-07-06,49,46
DFW,2025-07-06,50,32
DFW,2025-07-06,51,16
DFW,2025-07-06,52,20
DFW,2025-07-06,53,26
DFW,2025-07-06,54,34
DFW,2025-07-06,55,26
DFW,2025-07-06,56,14
DFW,2025-07-06,57,30
DFW,2025-07-06,58,30
DFW,2025-07-06,59,27
DFW,2025-07-06,60,27
DFW,2025-07-06,61,22
DFW,2025-07-06,62,22
DFW,2025-07-06,63,43
DFW,2025-07-06,64,10
DFW,2025-07-06,65,21
DFW,2025-07-06,66,31
DFW,2025-07-06,67,33
DFW,2025-07-06,68,20
DFW,2025-07-06,69,21
DFW,2025-07-06,70,37
DFW,2025-07-06,71,42
DFW,2025-07-06,72,35
DFW,2025-07-06,73,9
DFW,2025-07-06,74,36
DFW,2025-07-06,75,38
DFW,2025-07-06,76,29
DFW,2025-07-06,77,26
DFW,2025-07-06,78,44
DFW,2025-07-06,79,47
DFW,2025-07-06,80,21
DFW,2025-07-06,81,7
DFW,2025-07-06,82,18
DFW,2025-07-06,83,45
DFW,2025-07-06,84,43
DFW,2025-07-06,85,27
DFW,2025-07-06,86,42
DFW,2025-07-06,87,43
DFW,2025-07-06,88,5
DFW,2025-07-06,89,7
DFW,2025-07-06,90,37
DFW,2025-07-06,91,22
DFW,2025-07-06,92,3
DFW,2025-07-06,93,6
DFW,2025-07-06,94,4
DFW,2025-07-06,95,13
DFW,2025-07-07,1,5
DFW,2025-07-07,2,2
DFW,2025-07-07,3,2
DFW,2025-07-07,5,1
DFW,2025-07-07,18,1
DFW,2025-07-07,19,2
DFW,2025-07-07,20,11
DFW,2025-07-07,21,7
DFW,2025-07-07,22,8
DFW,2025-07-07,23,6
DFW,2025-07-07,24,23
DFW,2025-07-07,25,15
DFW,2025-07-07,26,5
DFW,2025-07-07,27,11
DFW,2025-07-07,28,63
DFW,2025-07-07,29,58
DFW,2025-07-07,30,11
DFW,2025-07-07,31,6
DFW,2025-07-07,32,30
DFW,2025-07-07,33,41
DFW,2025-07-07,34,37
DFW,2025-07-07,35,38
DFW,2025-07-07,36,47
DFW,2025-07-07,37,28
DFW,2025-07-07,38,8
DFW,2025-07-07,39,17
DFW,2025-07-07,40,30
DFW,2025-07-07,41,32
DFW,2025-07-07,42,23
DFW,2025-07-07,43,20
DFW,2025-07-07,44,24
DFW,2025-07-07,45,45
DFW,2025-07-07,46,30
DFW,2025-07-07,47,12
DFW,2025-07-07,48,11
DFW,2025-07-07,49,46
DFW,2025-07-07,50,36
DFW,2025-07-07,51,16
DFW,2025-07-07,52,18
DFW,2025-07-07,53,32
DFW,2025-07-07,54,37
DFW,2025-07-07,55,23
DFW,2025-07-07,56,15
DFW,2025-07-07,57,33
DFW,2025-07-07,58,28
DFW,2025-07-07,59,24
DFW,2025-07-07,60,25
DFW,2025-07-07,61,26
DFW,2025-07-07,62,20
DFW,2025-07-07,63,44
DFW,2025-07-07,64,10
DFW,2025-07-07,65,21
DFW,2025-07-07,66,28
DFW,2025-07-07,67,31
DFW,2025-07-07,68,19
DFW,2025-07-07,69,19
DFW,2025-07-07,70,37
DFW,2025-07-07,71,40
DFW,2025-07-07,72,33
DFW,2025-07-07,73,10
DFW,2025-07-07,74,32
DFW,2025-07-07,75,38
DFW,2025-07-07,76,29
DFW,2025-07-07,77,26
DFW,2025-07-07,78,49
DFW,2025-07-07,79,46
DFW,2025-07-07,80,21
DFW,2025-07-07,81,5
DFW,2025-07-07,82,17
DFW,2025-07-07,83,41
DFW,2025-07-07,84,41
DFW,2025-07-07,85,29
DFW,2025-07-07,86,41
DFW,2025-07-07,87,36
DFW,2025-07-07,88,4
DFW,2025-07-07,89,5
DFW,2025-07-07,90,36
DFW,2025-07-07,91,22
DFW,2025-07-07,92,1
DFW,2025-07-07,93,4
DFW,2025-07-07,94,4
DFW,2025-07-07,95,12
DFW,2025-07-08,1,5
DFW,2025-07-08,2,2
DFW,2025-07-08,3,1
DFW,2025-07-08,5,1
DFW,2025-07-08,18,1
DFW,2025-07-08,19,2
DFW,2025-07-08,20,11
DFW,2025-07-08,21,4
DFW,2025-07-08,22,6
DFW,2025-07-08,23,6
DFW,2025-07-08,24,19
DFW,2025-07-08,25,14
DFW,2025-07-08,26,6
DFW,2025-07-08,27,9
DFW,2025-07-08,28,61
DFW,2025-07-08,29,56
DFW,2025-07-08,30,10
DFW,2025-07-08,31,5
DFW,2025-07-08,32,31
DFW,2025-07-08,33,40
DFW,2025-07-08,34,37
DFW,2025-07-08,35,38
DFW,2025-07-08,36,47
DFW,2025-07-08,37,25
DFW,2025-07-08,38,8
DFW,2025-07-08,39,17
DFW,2025-07-08,40,31
DFW,2025-07-08,41,30
DFW,2025-07-08,42,22
DFW,2025-07-08,43,23
DFW,2025-07-08,44,22
DFW,2025-07-08,45,44
DFW,2025-07-08,46,31
DFW,2025-07-08,47,9
DFW,2025-07-08,48,10
DFW,2025-07-08,49,44
DFW,2025-07-08,50,34
DFW,2025-07-08,51,15
DFW,2025-07-08,52,15
DFW,2025-07-08,53,27
DFW,2025-07-08,54,38
DFW,2025-07-08,55,25
DFW,2025-07-08,56,13
DFW,2025-07-08,57,29
DFW,2025-07-08,58,30
DFW,2025-07-08,59,23
DFW,2025-07-08,60,24
DFW,2025-07-08,61,25
DFW,2025-07-08,62,20
DFW,2025-07-08,63,42
DFW,2025-07-08,64,8
DFW,2025-07-08,65,20
DFW,2025-07-08,66,30
DFW,2025-07-08,67,27
DFW,2025-07-08,68,18
DFW,2025-07-08,69,19
DFW,2025-07-08,70,33
DFW,2025-07-08,71,38
DFW,2025-07-08,72,26
DFW,2025-07-08,73,9
DFW,2025-07-08,74,20
DFW,2025-07-08,75,31
DFW,2025-07-08,76,18
DFW,2025-07-08,77,15
DFW,2025-07-08,78,34
DFW,2025-07-08,79,24
DFW,2025-07-08,80,16
DFW,2025-07-08,81,3
DFW,2025-07-08,82,10
DFW,2025-07-08,83,23
DFW,2025-07-08,84,24
DFW,2025-07-08,85,11
DFW,2025-07-08,86,12
DFW,2025-07-08,87,16
DFW,2025-07-08,88,2
DFW,2025-07-08,89,4
DFW,2025-07-08,90,10
DFW,2025-07-08,91,7
DFW,2025-07-08,92,2
DFW,2025-07-08,93,2
DFW,2025-07-08,94,1
DFW,2025-07-08,95,8
DFW,2025-07-09,1,3
DFW,2025-07-09,3,1
DFW,2025-07-09,18,1
DFW,2025-07-09,19,1
DFW,2025-07-09,20,7
DFW,2025-07-09,21,3
DFW,2025-07-09,22,4
DFW,2025-07-09,23,1
DFW,2025-07-09,24,13
DFW,2025-07-09,25,13
DFW,2025-07-09,26,4
DFW,2025-07-09,27,6
DFW,2025-07-09,28,50
DFW,2025-07-09,29,47
DFW,2025-07-09,30,7
DFW,2025-07-09,31,2
DFW,2025-07-09,32,24
DFW,2025-07-09,33,37
DFW,2025-07-09,34,30
DFW,2025-07-09,35,31
DFW,2025-07-09,36,36
DFW,2025-07-09,37,18
DFW,2025-07-09,38,9
DFW,2025-07-09,39,15
DFW,2025-07-09,40,27
DFW,2025-07-09,41,27
DFW,2025-07-09,42,19
DFW,2025-07-09,43,18
DFW,2025-07-09,44,19
DFW,2025-07-09,45,43
DFW,2025-07-09,46,29
DFW,2025-07-09,47,11
DFW,2025-07-09,48,10
DFW,2025-07-09,49,43
DFW,2025-07-09,50,31
DFW,2025-07-09,51,14
DFW,2025-07-09,52,15
DFW,2025-07-09,53,28
DFW,2025-07-09,54,35
DFW,2025-07-09,55,23
DFW,2025-07-09,56,13
DFW,2025-07-09,57,28
DFW,2025-07-09,58,27
DFW,2025-07-09,59,26
DFW,2025-07-09,60,23
DFW,2025-07-09,61,23
DFW,2025-07-09,62,20
DFW,2025-07-09,63,42
DFW,2025-07-09,64,9
DFW,2025-07-09,65,21
DFW,2025-07-09,66,28
DFW,2025-07-09,67,27
DFW,2025-07-09,68,17
DFW,2025-07-09,69,20
DFW,2025-07-09,70,35
DFW,2025-07-09,71,38
DFW,2025-07-09,72,32
DFW,2025-07-09,73,8
DFW,2025-07-09,74,28
DFW,2025-07-09,75,37
DFW,2025-07-09,76,28
DFW,2025-07-09,77,24
DFW,2025-07-09,78,45
DFW,2025-07-09,79,43
DFW,2025-07-09,80,22
DFW,2025-07-09,81,4
DFW,2025-07-09,82,18
DFW,2025-07-09,83,41
DFW,2025-07-09,84,35
DFW,2025-07-09,85,29
DFW,2025-07-09,86,32
DFW,2025-07-09,87,36
DFW,2025-07-09,88,4
DFW,2025-07-09,89,6
DFW,2025-07-09,90,38
DFW,2025-07-09,91,18
DFW,2025-07-09,92,1
DFW,2025-07-09,93,4
DFW,2025-07-09,94,3
DFW,2025-07-09,95,12
DFW,2025-07-10,1,2
DFW,2025-07-10,2,1
DFW,2025-07-10,3,1
DFW,2025-07-10,18,1
DFW,2025-07-10,19,2
DFW,2025-07-10,20,11
DFW,2025-07-10,21,4
DFW,2025-07-10,22,7
DFW,2025-07-10,23,1
DFW,2025-07-10,24,21
DFW,2025-07-10,25,15
DFW,2025-07-10,26,4
DFW,2025-07-10,27,8
DFW,2025-07-10,28,58
DFW,2025-07-10,29,53
DFW,2025-07-10,30,9
DFW,2025-07-10,31,6
DFW,2025-07-10,32,33
DFW,2025-07-10,33,42
DFW,2025-07-10,34,35
DFW,2025-07-10,35,37
DFW,2025-07-10,36,48
DFW,2025-07-10,37,24
DFW,2025-07-10,38,7
DFW,2025-07-10,39,16
DFW,2025-07-10,40,33
DFW,2025-07-10,41,32
DFW,2025-07-10,42,23
DFW,2025-07-10,43,20
DFW,2025-07-10,44,25
DFW,2025-07-10,45,43
DFW,2025-07-10,46,31
DFW,2025-07-10,47,12
DFW,2025-07-10,48,12
DFW,2025-07-10,49,44
DFW,2025-07-10,50,37
DFW,2025-07-10,51,16
DFW,2025-07-10,52,17
DFW,2025-07-10,53,30
DFW,2025-07-10,54,36
DFW,2025-07-10,55,26
DFW,2025-07-10,56,13
DFW,2025-07-10,57,31
DFW,2025-07-10,58,30
DFW,2025-07-10,59,26
DFW,2025-07-10,60,26
DFW,2025-07-10,61,24
DFW,2025-07-10,62,20
DFW,2025-07-10,63,45
DFW,2025-07-10,64,10
DFW,2025-07-10,65,22
DFW,2025-07-10,66,27
DFW,2025-07-10,67,32
DFW,2025-07-10,68,19
DFW,2025-07-10,69,21
DFW,2025-07-10,70,39
DFW,2025-07-10,71,45
DFW,2025-07-10,72,30
DFW,2025-07-10,73,10
DFW,2025-07-10,74,31
DFW,2025-07-10,75,40
DFW,2025-07-10,76,29
DFW,2025-07-10,77,27
DFW,2025-07-10,78,49
DFW,2025-07-10,79,46
DFW,2025-07-10,80,23
DFW,2025-07-10,81,3
DFW,2025-07-10,82,16
DFW,2025-07-10,83,41
DFW,2025-07-10,84,43
DFW,2025-07-10,85,31
DFW,2025-07-10,86,38
DFW,2025-07-10,87,38
DFW,2025-07-10,88,4
DFW,2025-07-10,89,5
DFW,2025-07-10,90,36
DFW,2025-07-10,91,23
DFW,2025-07-10,92,1
DFW,2025-07-10,93,4
DFW,2025-07-10,94,2
DFW,2025-07-10,95,12
DFW,2025-07-11,1,4
DFW,2025-07-11,3,2
DFW,2025-07-11,5,1
DFW,2025-07-11,18,1
DFW,2025-07-11,19,2
DFW,2025-07-11,20,13
DFW,2025-07-11,21,6
DFW,2025-07-11,22,6
DFW,2025-07-11,23,5
DFW,2025-07-11,24,22
DFW,2025-07-11,25,16
DFW,2025-07-11,26,6
DFW,2025-07-11,27,9
DFW,2025-07-11,28,61
DFW,2025-07-11,29,56
DFW,2025-07-11,30,9
DFW,2025-07-11,31,6
DFW,2025-07-11,32,30
DFW,2025-07-11,33,40
DFW,2025-07-11,34,35
DFW,2025-07-11,35,38
DFW,2025-07-11,36,47
DFW,2025-07-11,37,25
DFW,2025-07-11,38,8
DFW,2025-07-11,39,16
DFW,2025-07-11,40,32
DFW,2025-07-11,41,31
DFW,2025-07-11,42,24
DFW,2025-07-11,43,21
DFW,2025-07-11,44,24
DFW,2025-07-11,45,47
DFW,2025-07-11,46,30
DFW,2025-07-11,47,13
DFW,2025-07-11,48,11
DFW,2025-07-11,49,45
DFW,2025-07-11,50,36
DFW,2025-07-11,51,16
DFW,2025-07-11,52,16
DFW,2025-07-11,53,31
DFW,2025-07-11,54,38
DFW,2025-07-11,55,25
DFW,2025-07-11,56,10
DFW,2025-07-11,57,32
DFW,2025-07-11,58,31
DFW,2025-07-11,59,26
DFW,2025-07-11,60,24
DFW,2025-07-11,61,27
DFW,2025-07-11,62,20
DFW,2025-07-11,63,44
DFW,2025-07-11,64,10
DFW,2025-07-11,65,21
DFW,2025-07-11,66,28
DFW,2025-07-11,67,31
DFW,2025-07-11,68,20
DFW,2025-07-11,69,22
DFW,2025-07-11,70,38
DFW,2025-07-11,71,43
DFW,2025-07-11,72,31
DFW,2025-07-11,73,10
DFW,2025-07-11,74,30
DFW,2025-07-11,75,41
DFW,2025-07-11,76,31
DFW,2025-07-11,77,26
DFW,2025-07-11,78,49
DFW,2025-07-11,79,45
DFW,2025-07-11,80,22
DFW,2025-07-11,81,5
DFW,2025-07-11,82,16
DFW,2025-07-11,83,42
DFW,2025-07-11,84,42
DFW,2025-07-11,85,29
DFW,2025-07-11,86,39
DFW,2025-07-11,87,37
DFW,2025-07-11,88,4
DFW,2025-07-11,89,6
DFW,2025-07-11,90,36
DFW,2025-07-11,91,22
DFW,2025-07-11,92,1
DFW,2025-07-11,93,4
DFW,2025-07-11,94,1
DFW,2025-07-11,95,13
DFW,2025-07-12,1,4
DFW,2025-07-12,3,2
DFW,2025-07-12,18,1
DFW,2025-07-12,19,2
DFW,2025-07-12,20,13
DFW,2025-07-12,21,5
DFW,2025-07-12,22,5
DFW,2025-07-12,23,4
DFW,2025-07-12,24,16
DFW,2025-07-12,25,15
DFW,2025-07-12,26,6
DFW,2025-07-12,27,10
DFW,2025-07-12,28,61
DFW,2025-07-12,29,55
DFW,2025-07-12,30,10
DFW,2025-07-12,31,7
DFW,2025-07-12,32,32
DFW,2025-07-12,33,42
DFW,2025-07-12,34,31
DFW,2025-07-12,35,38
DFW,2025-07-12,36,45
DFW,2025-07-12,37,23
DFW,2025-07-12,38,7
DFW,2025-07-12,39,17
DFW,2025-07-12,40,30
DFW,2025-07-12,41,22
DFW,2025-07-12,42,20
DFW,2025-07-12,43,21
DFW,2025-07-12,44,23
DFW,2025-07-12,45,44
DFW,2025-07-12,46,31
DFW,2025-07-12,47,8
DFW,2025-07-12,48,12
DFW,2025-07-12,49,46
DFW,2025-07-12,50,32
DFW,2025-07-12,51,14
DFW,2025-07-12,52,21
DFW,2025-07-12,53,27
DFW,2025-07-12,54,28
DFW,2025-07-12,55,25
DFW,2025-07-12,56,8
DFW,2025-07-12,57,26
DFW,2025-07-12,58,21
DFW,2025-07-12,59,23
DFW,2025-07-12,60,22
DFW,2025-07-12,61,26
DFW,2025-07-12,62,15
DFW,2025-07-12,63,34
DFW,2025-07-12,64,9
DFW,2025-07-12,65,16
DFW,2025-07-12,66,19
DFW,2025-07-12,67,20
DFW,2025-07-12,68,12
DFW,2025-07-12,69,15
DFW,2025-07-12,70,25
DFW,2025-07-12,71,23
DFW,2025-07-12,72,26
DFW,2025-07-12,73,4
DFW,2025-07-12,74,17
DFW,2025-07-12,75,16
DFW,2025-07-12,76,10
DFW,2025-07-12,77,12
DFW,2025-07-12,78,17
DFW,2025-07-12,79,18
DFW,2025-07-12,80,9
DFW,2025-07-12,81,1
DFW,2025-07-12,82,5
DFW,2025-07-12,83,12
DFW,2025-07-12,84,16
DFW,2025-07-12,85,7
DFW,2025-07-12,86,9
DFW,2025-07-12,87,6
DFW,2025-07-12,88,2
DFW,2025-07-12,89,2
DFW,2025-07-12,90,9
DFW,2025-07-12,91,5
DFW,2025-07-12,92,1
DFW,2025-07-12,93,1
DFW,2025-07-12,94,2
DFW,2025-07-12,95,5
DFW,2025-07-13,0,1
DFW,2025-07-13,1,1
DFW,2025-07-13,3,1
DFW,2025-07-13,18,1
DFW,2025-07-13,19,1
DFW,2025-07-13,20,6
DFW,2025-07-13,21,2
DFW,2025-07-13,22,5
DFW,2025-07-13,23,2
DFW,2025-07-13,24,16
DFW,2025-07-13,25,9
DFW,2025-07-13,26,3
DFW,2025-07-13,27,9
DFW,2025-07-13,28,29
DFW,2025-07-13,29,32
DFW,2025-07-13,30,8
DFW,2025-07-13,31,3
DFW,2025-07-13,32,21
DFW,2025-07-13,33,31
DFW,2025-07-13,34,21
DFW,2025-07-13,35,22
DFW,2025-07-13,36,38
DFW,2025-07-13,37,15
DFW,2025-07-13,38,4
DFW,2025-07-13,39,12
DFW,2025-07-13,40,25
DFW,2025-07-13,41,27
DFW,2025-07-13,42,18
DFW,2025-07-13,43,13
DFW,2025-07-13,44,18
DFW,2025-07-13,45,34
DFW,2025-07-13,46,22
DFW,2025-07-13,47,12
DFW,2025-07-13,48,12
DFW,2025-07-13,49,40
DFW,2025-07-13,50,27
DFW,2025-07-13,51,13
DFW,2025-07-13,52,15
DFW,2025-07-13,53,23
DFW,2025-07-13,54,28
DFW,2025-07-13,55,23
DFW,2025-07-13,56,11
DFW,2025-07-13,57,24
DFW,2025-07-13,58,25
DFW,2025-07-13,59,24
DFW,2025-07-13,60,24
DFW,2025-07-13,61,23
DFW,2025-07-13,62,20
DFW,2025-07-13,63,36
DFW,2025-07-13,64,6
DFW,2025-07-13,65,20
DFW,2025-07-13,66,26
DFW,2025-07-13,67,28
DFW,2025-07-13,68,18
DFW,2025-07-13,69,18
DFW,2025-07-13,70,32
DFW,2025-07-13,71,34
DFW,2025-07-13,72,31
DFW,2025-07-13,73,7
DFW,2025-07-13,74,25
DFW,2025-07-13,75,35
DFW,2025-07-13,76,24
DFW,2025-07-13,77,18
DFW,2025-07-13,78,37
DFW,2025-07-13,79,40
DFW,2025-07-13,80,20
DFW,2025-07-13,81,5
DFW,2025-07-13,82,13
DFW,2025-07-13,83,34
DFW,2025-07-13,84,29
DFW,2025-07-13,85,19
DFW,2025-07-13,86,30
DFW,2025-07-13,87,34
DFW,2025-07-13,88,4
DFW,2025-07-13,89,5
DFW,2025-07-13,90,34
DFW,2025-07-13,91,17
DFW,2025-07-13,92,1
DFW,2025-07-13,93,4
DFW,2025-07-13,94,2
DFW,2025-07-13,95,13
DFW,2025-07-14,1,4
DFW,2025-07-14,2,2
DFW,2025-07-14,3,2
DFW,2025-07-14,18,1
DFW,2025-07-14,19,2
DFW,2025-07-14,20,10
DFW,2025-07-14,21,6
DFW,2025-07-14,22,6
DFW,2025-07-14,23,4
DFW,2025-07-14,24,21
DFW,2025-07-14,25,15
DFW,2025-07-14,26,4
DFW,2025-07-14,27,10
DFW,2025-07-14,28,56
DFW,2025-07-14,29,54
DFW,2025-07-14,30,10
DFW,2025-07-14,31,4
DFW,2025-07-14,32,32
DFW,2025-07-14,33,41
DFW,2025-07-14,34,35
DFW,2025-07-14,35,33
DFW,2025-07-14,36,44
DFW,2025-07-14,37,24
DFW,2025-07-14,38,7
DFW,2025-07-14,39,15
DFW,2025-07-14,40,31
DFW,2025-07-14,41,29
DFW,2025-07-14,42,24
DFW,2025-07-14,43,20
DFW,2025-07-14,44,21
DFW,2025-07-14,45,44
DFW,2025-07-14,46,30
DFW,2025-07-14,47,9
DFW,2025-07-14,48,10
DFW,2025-07-14,49,43
DFW,2025-07-14,50,34
DFW,2025-07-14,51,14
DFW,2025-07-14,52,16
DFW,2025-07-14,53,30
DFW,2025-07-14,54,37
DFW,2025-07-14,55,25
DFW,2025-07-14,56,12
DFW,2025-07-14,57,32
DFW,2025-07-14,58,27
DFW,2025-07-14,59,25
DFW,2025-07-14,60,23
DFW,2025-07-14,61,24
DFW,2025-07-14,62,19
DFW,2025-07-14,63,45
DFW,2025-07-14,64,9
DFW,2025-07-14,65,21
DFW,2025-07-14,66,26
DFW,2025-07-14,67,29
DFW,2025-07-14,68,20
DFW,2025-07-14,69,19
DFW,2025-07-14,70,37
DFW,2025-07-14,71,36
DFW,2025-07-14,72,30
DFW,2025-07-14,73,10
DFW,2025-07-14,74,28
DFW,2025-07-14,75,38
DFW,2025-07-14,76,26
DFW,2025-07-14,77,23
DFW,2025-07-14,78,45
DFW,2025-07-14,79,45
DFW,2025-07-14,80,21
DFW,2025-07-14,81,4
DFW,2025-07-14,82,15
DFW,2025-07-14,83,39
DFW,2025-07-14,84,39
DFW,2025-07-14,85,27
DFW,2025-07-14,86,39
DFW,2025-07-14,87,34
DFW,2025-07-14,88,4
DFW,2025-07-14,89,5
DFW,2025-07-14,90,35
DFW,2025-07-14,91,22
DFW,2025-07-14,92,1
DFW,2025-07-14,93,4
DFW,2025-07-14,94,2
DFW,2025-07-14,95,10
DFW,2025-07-15,1,4
DFW,2025-07-15,2,1
DFW,2025-07-15,5,1
DFW,2025-07-15,18,1
DFW,2025-07-15,19,2
DFW,2025-07-15,20,10
DFW,2025-07-15,21,5
DFW,2025-07-15,22,5
DFW,2025-07-15,23,5
DFW,2025-07-15,24,15
DFW,2025-07-15,25,16
DFW,2025-07-15,26,6
DFW,2025-07-15,27,8
DFW,2025-07-15,28,60
DFW,2025-07-15,29,52
DFW,2025-07-15,30,9
DFW,2025-07-15,31,4
DFW,2025-07-15,32,33
DFW,2025-07-15,33,37
DFW,2025-07-15,34,34
DFW,2025-07-15,35,36
DFW,2025-07-15,36,43
DFW,2025-07-15,37,24
DFW,2025-07-15,38,8
DFW,2025-07-15,39,17
DFW,2025-07-15,40,31
DFW,2025-07-15,41,30
DFW,2025-07-15,42,23
DFW,2025-07-15,43,22
DFW,2025-07-15,44,22
DFW,2025-07-15,45,44
DFW,2025-07-15,46,32
DFW,2025-07-15,47,10
DFW,2025-07-15,48,9
DFW,2025-07-15,49,46
DFW,2025-07-15,50,36
DFW,2025-07-15,51,14
DFW,2025-07-15,52,16
DFW,2025-07-15,53,28
DFW,2025-07-15,54,37
DFW,2025-07-15,55,25
DFW,2025-07-15,56,12
DFW,2025-07-15,57,30
DFW,2025-07-15,58,29
DFW,2025-07-15,59,25
DFW,2025-07-15,60,25
DFW,2025-07-15,61,27
DFW,2025-07-15,62,19
DFW,2025-07-15,63,44
DFW,2025-07-15,64,8
DFW,2025-07-15,65,21
DFW,2025-07-15,66,27
DFW,2025-07-15,67,29
DFW,2025-07-15,68,18
DFW,2025-07-15,69,20
DFW,2025-07-15,70,38
DFW,2025-07-15,71,43
DFW,2025-07-15,72,31
DFW,2025-07-15,73,7
DFW,2025-07-15,74,31
DFW,2025-07-15,75,39
DFW,2025-07-15,76,28
DFW,2025-07-15,77,23
DFW,2025-07-15,78,48
DFW,2025-07-15,79,43
DFW,2025-07-15,80,21
DFW,2025-07-15,81,4
DFW,2025-07-15,82,16
DFW,2025-07-15,83,39
DFW,2025-07-15,84,35
DFW,2025-07-15,85,30
DFW,2025-07-15,86,36
DFW,2025-07-15,87,36
DFW,2025-07-15,88,5
DFW,2025-07-15,89,4
DFW,2025-07-15,90,38
DFW,2025-07-15,91,19
DFW,2025-07-15,92,1
DFW,2025-07-15,93,4
DFW,2025-07-15,94,3
DFW,2025-07-15,95,12
DFW,2025-07-16,1,2
DFW,2025-07-16,2,1
DFW,2025-07-16,3,1
DFW,2025-07-16,18,1
DFW,2025-07-16,19,2
DFW,2025-07-16,20,11
DFW,2025-07-16,21,5
DFW,2025-07-16,22,5
DFW,2025-07-16,23,1
DFW,2025-07-16,24,16
DFW,2025-07-16,25,15
DFW,2025-07-16,26,4
DFW,2025-07-16,27,8
DFW,2025-07-16,28,60
DFW,2025-07-16,29,58
DFW,2025-07-16,30,9
DFW,2025-07-16,31,4
DFW,2025-07-16,32,30
DFW,2025-07-16,33,41
DFW,2025-07-16,34,36
DFW,2025-07-16,35,37
DFW,2025-07-16,36,48
DFW,2025-07-16,37,23
DFW,2025-07-16,38,9
DFW,2025-07-16,39,16
DFW,2025-07-16,40,29
DFW,2025-07-16,41,32
DFW,2025-07-16,42,21
DFW,2025-07-16,43,19
DFW,2025-07-16,44,22
DFW,2025-07-16,45,46
DFW,2025-07-16,46,31
DFW,2025-07-16,47,11
DFW,2025-07-16,48,10
DFW,2025-07-16,49,44
DFW,2025-07-16,50,36
DFW,2025-07-16,51,14
DFW,2025-07-16,52,16
DFW,2025-07-16,53,31
DFW,2025-07-16,54,35
DFW,2025-07-16,55,23
DFW,2025-07-16,56,14
DFW,2025-07-16,57,28
DFW,2025-07-16,58,28
DFW,2025-07-16,59,26
DFW,2025-07-16,60,24
DFW,2025-07-16,61,27
DFW,2025-07-16,62,20
DFW,2025-07-16,63,44
DFW,2025-07-16,64,10
DFW,2025-07-16,65,21
DFW,2025-07-16,66,28
DFW,2025-07-16,67,28
DFW,2025-07-16,68,17
DFW,2025-07-16,69,21
DFW,2025-07-16,70,35
DFW,2025-07-16,71,39
DFW,2025-07-16,72,32
DFW,2025-07-16,73,9
DFW,2025-07-16,74,30
DFW,2025-07-16,75,38
DFW,2025-07-16,76,28
DFW,2025-07-16,77,25
DFW,2025-07-16,78,45
DFW,2025-07-16,79,44
DFW,2025-07-16,80,23
DFW,2025-07-16,81,4
DFW,2025-07-16,82,18
DFW,2025-07-16,83,40
DFW,2025-07-16,84,35
DFW,2025-07-16,85,30
DFW,2025-07-16,86,36
DFW,2025-07-16,87,36
DFW,2025-07-16,88,4
DFW,2025-07-16,89,6
DFW,2025-07-16,90,38
DFW,2025-07-16,91,20
DFW,2025-07-16,92,1
DFW,2025-07-16,93,4
DFW,2025-07-16,94,2
DFW,2025-07-16,95,11
DFW,2025-07-17,1,2
DFW,2025-07-17,2,1
DFW,2025-07-17,3,1
DFW,2025-07-17,18,1
DFW,2025-07-17,19,2
DFW,2025-07-17,20,11
DFW,2025-07-17,21,6
DFW,2025-07-17,22,6
DFW,2025-07-17,23,1
DFW,2025-07-17,24,21
DFW,2025-07-17,25,15
DFW,2025-07-17,26,4
DFW,2025-07-17,27,9
DFW,2025-07-17,28,58
DFW,2025-07-17,29,56
DFW,2025-07-17,30,8
DFW,2025-07-17,31,6
DFW,2025-07-17,32,33
DFW,2025-07-17,33,42
DFW,2025-07-17,34,34
DFW,2025-07-17,35,38
DFW,2025-07-17,36,49
DFW,2025-07-17,37,25
DFW,2025-07-17,38,7
DFW,2025-07-17,39,16
DFW,2025-07-17,40,33
DFW,2025-07-17,41,31
DFW,2025-07-17,42,23
DFW,2025-07-17,43,20
DFW,2025-07-17,44,24
DFW,2025-07-17,45,45
DFW,2025-07-17,46,32
DFW,2025-07-17,47,12
DFW,2025-07-17,48,12
DFW,2025-07-17,49,45
DFW,2025-07-17,50,37
DFW,2025-07-17,51,15
DFW,2025-07-17,52,17
DFW,2025-07-17,53,30
DFW,2025-07-17,54,36
DFW,2025-07-17,55,26
DFW,2025-07-17,56,13
DFW,2025-07-17,57,30
DFW,2025-07-17,58,29
DFW,2025-07-17,59,26
DFW,2025-07-17,60,26
DFW,2025-07-17,61,26
DFW,2025-07-17,62,20
DFW,2025-07-17,63,45
DFW,2025-07-17,64,10
DFW,2025-07-17,65,22
DFW,2025-07-17,66,27
DFW,2025-07-17,67,31
DFW,2025-07-17,68,19
DFW,2025-07-17,69,21
DFW,2025-07-17,70,39
DFW,2025-07-17,71,43
DFW,2025-07-17,72,31
DFW,2025-07-17,73,10
DFW,2025-07-17,74,31
DFW,2025-07-17,75,39
DFW,2025-07-17,76,29
DFW,2025-07-17,77,28
DFW,2025-07-17,78,49
DFW,2025-07-17,79,46
DFW,2025-07-17,80,22
DFW,2025-07-17,81,4
DFW,2025-07-17,82,16
DFW,2025-07-17,83,40
DFW,2025-07-17,84,44
DFW,2025-07-17,85,31
DFW,2025-07-17,86,38
DFW,2025-07-17,87,37
DFW,2025-07-17,88,4
DFW,2025-07-17,89,6
DFW,2025-07-17,90,38
DFW,2025-07-17,91,24
DFW,2025-07-17,92,1
DFW,2025-07-17,93,4
DFW,2025-07-17,94,2
DFW,2025-07-17,95,13
DFW,2025-07-18,1,4
DFW,2025-07-18,2,1
DFW,2025-07-18,3,2
DFW,2025-07-18,5,1
DFW,2025-07-18,18,1
DFW,2025-07-18,19,2
DFW,2025-07-18,20,12
DFW,2025-07-18,21,7
DFW,2025-07-18,22,6
DFW,2025-07-18,23,5
DFW,2025-07-18,24,23
DFW,2025-07-18,25,16
DFW,2025-07-18,26,6
DFW,2025-07-18,27,10
DFW,2025-07-18,28,61
DFW,2025-07-18,29,54
DFW,2025-07-18,30,9
DFW,2025-07-18,31,5
DFW,2025-07-18,32,32
DFW,2025-07-18,33,41
DFW,2025-07-18,34,34
DFW,2025-07-18,35,39
DFW,2025-07-18,36,47
DFW,2025-07-18,37,26
DFW,2025-07-18,38,8
DFW,2025-07-18,39,16
DFW,2025-07-18,40,32
DFW,2025-07-18,41,32
DFW,2025-07-18,42,23
DFW,2025-07-18,43,21
DFW,2025-07-18,44,24
DFW,2025-07-18,45,47
DFW,2025-07-18,46,32
DFW,2025-07-18,47,12
DFW,2025-07-18,48,10
DFW,2025-07-18,49,46
DFW,2025-07-18,50,36
DFW,2025-07-18,51,16
DFW,2025-07-18,52,16
DFW,2025-07-18,53,30
DFW,2025-07-18,54,38
DFW,2025-07-18,55,26
DFW,2025-07-18,56,12
DFW,2025-07-18,57,32
DFW,2025-07-18,58,31
DFW,2025-07-18,59,26
DFW,2025-07-18,60,23
DFW,2025-07-18,61,27
DFW,2025-07-18,62,19
DFW,2025-07-18,63,45
DFW,2025-07-18,64,10
DFW,2025-07-18,65,22
DFW,2025-07-18,66,29
DFW,2025-07-18,67,30
DFW,2025-07-18,68,20
DFW,2025-07-18,69,22
DFW,2025-07-18,70,38
DFW,2025-07-18,71,43
DFW,2025-07-18,72,32
DFW,2025-07-18,73,11
DFW,2025-07-18,74,31
DFW,2025-07-18,75,41
DFW,2025-07-18,76,31
DFW,2025-07-18,77,26
DFW,2025-07-18,78,50
DFW,2025-07-18,79,45
DFW,2025-07-18,80,22
DFW,2025-07-18,81,5
DFW,2025-07-18,82,16
DFW,2025-07-18,83,43
DFW,2025-07-18,84,43
DFW,2025-07-18,85,29
DFW,2025-07-18,86,39
DFW,2025-07-18,87,37
DFW,2025-07-18,88,4
DFW,2025-07-18,89,7
DFW,2025-07-18,90,36
DFW,2025-07-18,91,22
DFW,2025-07-18,92,1
DFW,2025-07-18,93,4
DFW,2025-07-18,94,3
DFW,2025-07-18,95,14
DFW,2025-07-19,1,4
DFW,2025-07-19,2,1
DFW,2025-07-19,3,2
DFW,2025-07-19,5,1
DFW,2025-07-19,18,1
DFW,2025-07-19,19,2
DFW,2025-07-19,20,13
DFW,2025-07-19,21,5
DFW,2025-07-19,22,5
DFW,2025-07-19,23,5
DFW,2025-07-19,24,18
DFW,2025-07-19,25,16
DFW,2025-07-19,26,6
DFW,2025-07-19,27,10
DFW,2025-07-19,28,61
DFW,2025-07-19,29,55
DFW,2025-07-19,30,10
DFW,2025-07-19,31,7
DFW,2025-07-19,32,31
DFW,2025-07-19,33,42
DFW,2025-07-19,34,32
DFW,2025-07-19,35,39
DFW,2025-07-19,36,45
DFW,2025-07-19,37,24
DFW,2025-07-19,38,7
DFW,2025-07-19,39,18
DFW,2025-07-19,40,30
DFW,2025-07-19,41,24
DFW,2025-07-19,42,21
DFW,2025-07-19,43,22
DFW,2025-07-19,44,24
DFW,2025-07-19,45,44
DFW,2025-07-19,46,31
DFW,2025-07-19,47,8
DFW,2025-07-19,48,12
DFW,2025-07-19,49,48
DFW,2025-07-19,50,33
DFW,2025-07-19,51,14
DFW,2025-07-19,52,22
DFW,2025-07-19,53,30
DFW,2025-07-19,54,30
DFW,2025-07-19,55,25
DFW,2025-07-19,56,8
DFW,2025-07-19,57,28
DFW,2025-07-19,58,25
DFW,2025-07-19,59,26
DFW,2025-07-19,60,24
DFW,2025-07-19,61,30
DFW,2025-07-19,62,20
DFW,2025-07-19,63,39
DFW,2025-07-19,64,12
DFW,2025-07-19,65,21
DFW,2025-07-19,66,29
DFW,2025-07-19,67,27
DFW,2025-07-19,68,19
DFW,2025-07-19,69,21
DFW,2025-07-19,70,37
DFW,2025-07-19,71,35
DFW,2025-07-19,72,33
DFW,2025-07-19,73,5
DFW,2025-07-19,74,32
DFW,2025-07-19,75,39
DFW,2025-07-19,76,25
DFW,2025-07-19,77,26
DFW,2025-07-19,78,42
DFW,2025-07-19,79,46
DFW,2025-07-19,80,25
DFW,2025-07-19,81,5
DFW,2025-07-19,82,17
DFW,2025-07-19,83,41
DFW,2025-07-19,84,39
DFW,2025-07-19,85,25
DFW,2025-07-19,86,39
DFW,2025-07-19,87,36
DFW,2025-07-19,88,7
DFW,2025-07-19,89,5
DFW,2025-07-19,90,39
DFW,2025-07-19,91,19
DFW,2025-07-19,92,1
DFW,2025-07-19,93,5
DFW,2025-07-19,94,3
DFW,2025-07-19,95,10
DFW,2025-07-20,0,1
DFW,2025-07-20,1,3
DFW,2025-07-20,2,1
DFW,2025-07-20,3,1
DFW,2025-07-20,5,1
DFW,2025-07-20,18,1
DFW,2025-07-20,19,2
DFW,2025-07-20,20,10
DFW,2025-07-20,21,5
DFW,2025-07-20,22,7
DFW,2025-07-20,23,2
DFW,2025-07-20,24,20
DFW,2025-07-20,25,15
DFW,2025-07-20,26,4
DFW,2025-07-20,27,11
DFW,2025-07-20,28,59
DFW,2025-07-20,29,53
DFW,2025-07-20,30,10
DFW,2025-07-20,31,5
DFW,2025-07-20,32,35
DFW,2025-07-20,33,41
DFW,2025-07-20,34,33
DFW,2025-07-20,35,38
DFW,2025-07-20,36,49
DFW,2025-07-20,37,25
DFW,2025-07-20,38,6
DFW,2025-07-20,39,20
DFW,2025-07-20,40,30
DFW,2025-07-20,41,32
DFW,2025-07-20,42,23
DFW,2025-07-20,43,21
DFW,2025-07-20,44,26
DFW,2025-07-20,45,46
DFW,2025-07-20,46,32
DFW,2025-07-20,47,11
DFW,2025-07-20,48,13
DFW,2025-07-20,49,45
DFW,2025-07-20,50,34
DFW,2025-07-20,51,16
DFW,2025-07-20,52,19
DFW,2025-07-20,53,26
DFW,2025-07-20,54,36
DFW,2025-07-20,55,26
DFW,2025-07-20,56,15
DFW,2025-07-20,57,31
DFW,2025-07-20,58,30
DFW,2025-07-20,59,28
DFW,2025-07-20,60,26
DFW,2025-07-20,61,26
DFW,2025-07-20,62,20
DFW,2025-07-20,63,43
DFW,2025-07-20,64,10
DFW,2025-07-20,65,23
DFW,2025-07-20,66,28
DFW,2025-07-20,67,32
DFW,2025-07-20,68,19
DFW,2025-07-20,69,22
DFW,2025-07-20,70,38
DFW,2025-07-20,71,43
DFW,2025-07-20,72,34
DFW,2025-07-20,73,9
DFW,2025-07-20,74,31
DFW,2025-07-20,75,41
DFW,2025-07-20,76,29
DFW,2025-07-20,77,26
DFW,2025-07-20,78,47
DFW,2025-07-20,79,48
DFW,2025-07-20,80,23
DFW,2025-07-20,81,5
DFW,2025-07-20,82,17
DFW,2025-07-20,83,43
DFW,2025-07-20,84,42
DFW,2025-07-20,85,28
DFW,2025-07-20,86,40
DFW,2025-07-20,87,39
DFW,2025-07-20,88,5
DFW,2025-07-20,89,6
DFW,2025-07-20,90,37
DFW,2025-07-20,91,22
DFW,2025-07-20,92,1
DFW,2025-07-20,93,4
DFW,2025-07-20,94,3
DFW,2025-07-20,95,13
DFW,2025-07-21,1,4
DFW,2025-07-21,2,2
DFW,2025-07-21,3,2
DFW,2025-07-21,5,1
DFW,2025-07-21,19,2
DFW,2025-07-21,20,12
DFW,2025-07-21,21,7
DFW,2025-07-21,22,6
DFW,2025-07-21,23,5
DFW,2025-07-21,24,21
DFW,2025-07-21,25,15
DFW,2025-07-21,26,5
DFW,2025-07-21,27,11
DFW,2025-07-21,28,60
DFW,2025-07-21,29,56
DFW,2025-07-21,30,10
DFW,2025-07-21,31,5
DFW,2025-07-21,32,32
DFW,2025-07-21,33,42
DFW,2025-07-21,34,36
DFW,2025-07-21,35,37
DFW,2025-07-21,36,47
DFW,2025-07-21,37,26
DFW,2025-07-21,38,8
DFW,2025-07-21,39,16
DFW,2025-07-21,40,32
DFW,2025-07-21,41,32
DFW,2025-07-21,42,24
DFW,2025-07-21,43,21
DFW,2025-07-21,44,24
DFW,2025-07-21,45,46
DFW,2025-07-21,46,32
DFW,2025-07-21,47,12
DFW,2025-07-21,48,11
DFW,2025-07-21,49,46
DFW,2025-07-21,50,36
DFW,2025-07-21,51,14
DFW,2025-07-21,52,18
DFW,2025-07-21,53,30
DFW,2025-07-21,54,39
DFW,2025-07-21,55,25
DFW,2025-07-21,56,13
DFW,2025-07-21,57,32
DFW,2025-07-21,58,30
DFW,2025-07-21,59,26
DFW,2025-07-21,60,23
DFW,2025-07-21,61,26
DFW,2025-07-21,62,19
DFW,2025-07-21,63,46
DFW,2025-07-21,64,10
DFW,2025-07-21,65,22
DFW,2025-07-21,66,28
DFW,2025-07-21,67,30
DFW,2025-07-21,68,20
DFW,2025-07-21,69,22
DFW,2025-07-21,70,38
DFW,2025-07-21,71,43
DFW,2025-07-21,72,32
DFW,2025-07-21,73,11
DFW,2025-07-21,74,33
DFW,2025-07-21,75,41
DFW,2025-07-21,76,31
DFW,2025-07-21,77,25
DFW,2025-07-21,78,49
DFW,2025-07-21,79,48
DFW,2025-07-21,80,22
DFW,2025-07-21,81,4
DFW,2025-07-21,82,16
DFW,2025-07-21,83,42
DFW,2025-07-21,84,41
DFW,2025-07-21,85,29
DFW,2025-07-21,86,39
DFW,2025-07-21,87,38
DFW,2025-07-21,88,5
DFW,2025-07-21,89,7
DFW,2025-07-21,90,36
DFW,2025-07-21,91,23
DFW,2025-07-21,92,1
DFW,2025-07-21,93,4
DFW,2025-07-21,94,3
DFW,2025-07-21,95,13
DFW,2025-07-22,1,4
DFW,2025-07-22,2,1
DFW,2025-07-22,3,2
DFW,2025-07-22,5,1
DFW,2025-07-22,18,1
DFW,2025-07-22,19,2
DFW,2025-07-22,20,12
DFW,2025-07-22,21,5
DFW,2025-07-22,22,5
DFW,2025-07-22,23,5
DFW,2025-07-22,24,17
DFW,2025-07-22,25,15
DFW,2025-07-22,26,6
DFW,2025-07-22,27,9
DFW,2025-07-22,28,61
DFW,2025-07-22,29,56
DFW,2025-07-22,30,9
DFW,2025-07-22,31,4
DFW,2025-07-22,32,34
DFW,2025-07-22,33,40
DFW,2025-07-22,34,36
DFW,2025-07-22,35,38
DFW,2025-07-22,36,47
DFW,2025-07-22,37,25
DFW,2025-07-22,38,8
DFW,2025-07-22,39,17
DFW,2025-07-22,40,33
DFW,2025-07-22,41,30
DFW,2025-07-22,42,24
DFW,2025-07-22,43,22
DFW,2025-07-22,44,22
DFW,2025-07-22,45,45
DFW,2025-07-22,46,33
DFW,2025-07-22,47,10
DFW,2025-07-22,48,9
DFW,2025-07-22,49,46
DFW,2025-07-22,50,37
DFW,2025-07-22,51,15
DFW,2025-07-22,52,17
DFW,2025-07-22,53,29
DFW,2025-07-22,54,38
DFW,2025-07-22,55,25
DFW,2025-07-22,56,13
DFW,2025-07-22,57,30
DFW,2025-07-22,58,30
DFW,2025-07-22,59,24
DFW,2025-07-22,60,25
DFW,2025-07-22,61,27
DFW,2025-07-22,62,19
DFW,2025-07-22,63,45
DFW,2025-07-22,64,8
DFW,2025-07-22,65,22
DFW,2025-07-22,66,28
DFW,2025-07-22,67,29
DFW,2025-07-22,68,18
DFW,2025-07-22,69,20
DFW,2025-07-22,70,37
DFW,2025-07-22,71,43
DFW,2025-07-22,72,31
DFW,2025-07-22,73,9
DFW,2025-07-22,74,31
DFW,2025-07-22,75,39
DFW,2025-07-22,76,28
DFW,2025-07-22,77,24
DFW,2025-07-22,78,48
DFW,2025-07-22,79,43
DFW,2025-07-22,80,21
DFW,2025-07-22,81,4
DFW,2025-07-22,82,17
DFW,2025-07-22,83,39
DFW,2025-07-22,84,35
DFW,2025-07-22,85,30
DFW,2025-07-22,86,36
DFW,2025-07-22,87,36
DFW,2025-07-22,88,5
DFW,2025-07-22,89,5
DFW,2025-07-22,90,38
DFW,2025-07-22,91,19
DFW,2025-07-22,92,1
DFW,2025-07-22,93,4
DFW,2025-07-22,94,3
DFW,2025-07-22,95,12
DFW,2025-07-23,1,2
DFW,2025-07-23,2,1
DFW,2025-07-23,3,1
DFW,2025-07-23,18,1
DFW,2025-07-23,19,2
DFW,2025-07-23,20,11
DFW,2025-07-23,21,5
DFW,2025-07-23,22,5
DFW,2025-07-23,23,1
DFW,2025-07-23,24,16
DFW,2025-07-23,25,15
DFW,2025-07-23,26,4
DFW,2025-07-23,27,8
DFW,2025-07-23,28,60
DFW,2025-07-23,29,58
DFW,2025-07-23,30,9
DFW,2025-07-23,31,4
DFW,2025-07-23,32,31
DFW,2025-07-23,33,41
DFW,2025-07-23,34,36
DFW,2025-07-23,35,36
DFW,2025-07-23,36,48
DFW,2025-07-23,37,24
DFW,2025-07-23,38,9
DFW,2025-07-23,39,16
DFW,2025-07-23,40,29
DFW,2025-07-23,41,32
DFW,2025-07-23,42,21
DFW,2025-07-23,43,21
DFW,2025-07-23,44,22
DFW,2025-07-23,45,46
DFW,2025-07-23,46,31
DFW,2025-07-23,47,11
DFW,2025-07-23,48,10
DFW,2025-07-23,49,45
DFW,2025-07-23,50,36
DFW,2025-07-23,51,14
DFW,2025-07-23,52,16
DFW,2025-07-23,53,31
DFW,2025-07-23,54,35
DFW,2025-07-23,55,23
DFW,2025-07-23,56,13
DFW,2025-07-23,57,28
DFW,2025-07-23,58,28
DFW,2025-07-23,59,26
DFW,2025-07-23,60,24
DFW,2025-07-23,61,27
DFW,2025-07-23,62,20
DFW,2025-07-23,63,44
DFW,2025-07-23,64,10
DFW,2025-07-23,65,21
DFW,2025-07-23,66,28
DFW,2025-07-23,67,28
DFW,2025-07-23,68,17
DFW,2025-07-23,69,21
DFW,2025-07-23,70,36
DFW,2025-07-23,71,40
DFW,2025-07-23,72,32
DFW,2025-07-23,73,8
DFW,2025-07-23,74,30
DFW,2025-07-23,75,39
DFW,2025-07-23,76,29
DFW,2025-07-23,77,25
DFW,2025-07-23,78,46
DFW,2025-07-23,79,44
DFW,2025-07-23,80,23
DFW,2025-07-23,81,4
DFW,2025-07-23,82,18
DFW,2025-07-23,83,41
DFW,2025-07-23,84,35
DFW,2025-07-23,85,30
DFW,2025-07-23,86,35
DFW,2025-07-23,87,37
DFW,2025-07-23,88,5
DFW,2025-07-23,89,6
DFW,2025-07-23,90,38
DFW,2025-07-23,91,20
DFW,2025-07-23,92,1
DFW,2025-07-23,93,4
DFW,2025-07-23,94,3
DFW,2025-07-23,95,13
DFW,2025-07-24,1,2
DFW,2025-07-24,2,1
DFW,2025-07-24,3,1
DFW,2025-07-24,18,1
DFW,2025-07-24,19,2
DFW,2025-07-24,20,11
DFW,2025-07-24,21,6
DFW,2025-07-24,22,7
DFW,2025-07-24,23,1
DFW,2025-07-24,24,21
DFW,2025-07-24,25,15
DFW,2025-07-24,26,4
DFW,2025-07-24,27,9
DFW,2025-07-24,28,60
DFW,2025-07-24,29,56
DFW,2025-07-24,30,9
DFW,2025-07-24,31,6
DFW,2025-07-24,32,33
DFW,2025-07-24,33,42
DFW,2025-07-24,34,35
DFW,2025-07-24,35,38
DFW,2025-07-24,36,49
DFW,2025-07-24,37,25
DFW,2025-07-24,38,7
DFW,2025-07-24,39,16
DFW,2025-07-24,40,33
DFW,2025-07-24,41,31
DFW,2025-07-24,42,23
DFW,2025-07-24,43,20
DFW,2025-07-24,44,25
DFW,2025-07-24,45,45
DFW,2025-07-24,46,32
DFW,2025-07-24,47,12
DFW,2025-07-24,48,13
DFW,2025-07-24,49,44
DFW,2025-07-24,50,37
DFW,2025-07-24,51,16
DFW,2025-07-24,52,17
DFW,2025-07-24,53,30
DFW,2025-07-24,54,36
DFW,2025-07-24,55,26
DFW,2025-07-24,56,13
DFW,2025-07-24,57,31
DFW,2025-07-24,58,30
DFW,2025-07-24,59,26
DFW,2025-07-24,60,25
DFW,2025-07-24,61,26
DFW,2025-07-24,62,20
DFW,2025-07-24,63,45
DFW,2025-07-24,64,10
DFW,2025-07-24,65,22
DFW,2025-07-24,66,27
DFW,2025-07-24,67,32
DFW,2025-07-24,68,19
DFW,2025-07-24,69,23
DFW,2025-07-24,70,37
DFW,2025-07-24,71,45
DFW,2025-07-24,72,31
DFW,2025-07-24,73,10
DFW,2025-07-24,74,32
DFW,2025-07-24,75,40
DFW,2025-07-24,76,29
DFW,2025-07-24,77,28
DFW,2025-07-24,78,49
DFW,2025-07-24,79,46
DFW,2025-07-24,80,23
DFW,2025-07-24,81,4
DFW,2025-07-24,82,16
DFW,2025-07-24,83,41
DFW,2025-07-24,84,44
DFW,2025-07-24,85,31
DFW,2025-07-24,86,38
DFW,2025-07-24,87,37
DFW,2025-07-24,88,4
DFW,2025-07-24,89,6
DFW,2025-07-24,90,35
DFW,2025-07-24,91,24
DFW,2025-07-24,92,1
DFW,2025-07-24,93,4
DFW,2025-07-24,94,3
DFW,2025-07-24,95,14
DFW,2025-07-25,1,4
DFW,2025-07-25,2,1
DFW,2025-07-25,3,2
DFW,2025-07-25,5,1
DFW,2025-07-25,18,1
DFW,2025-07-25,19,2
DFW,2025-07-25,20,12
DFW,2025-07-25,21,7
DFW,2025-07-25,22,6
DFW,2025-07-25,23,5
DFW,2025-07-25,24,23
DFW,2025-07-25,25,16
DFW,2025-07-25,26,6
DFW,2025-07-25,27,10
DFW,2025-07-25,28,61
DFW,2025-07-25,29,56
DFW,2025-07-25,30,9
DFW,2025-07-25,31,5
DFW,2025-07-25,32,32
DFW,2025-07-25,33,42
DFW,2025-07-25,34,36
DFW,2025-07-25,35,39
DFW,2025-07-25,36,45
DFW,2025-07-25,37,26
DFW,2025-07-25,38,8
DFW,2025-07-25,39,16
DFW,2025-07-25,40,32
DFW,2025-07-25,41,32
DFW,2025-07-25,42,25
DFW,2025-07-25,43,20
DFW,2025-07-25,44,24
DFW,2025-07-25,45,47
DFW,2025-07-25,46,32
DFW,2025-07-25,47,12
DFW,2025-07-25,48,11
DFW,2025-07-25,49,46
DFW,2025-07-25,50,36
DFW,2025-07-25,51,16
DFW,2025-07-25,52,16
DFW,2025-07-25,53,31
DFW,2025-07-25,54,38
DFW,2025-07-25,55,26
DFW,2025-07-25,56,12
DFW,2025-07-25,57,32
DFW,2025-07-25,58,31
DFW,2025-07-25,59,26
DFW,2025-07-25,60,23
DFW,2025-07-25,61,27
DFW,2025-07-25,62,20
DFW,2025-07-25,63,44
DFW,2025-07-25,64,10
DFW,2025-07-25,65,22
DFW,2025-07-25,66,29
DFW,2025-07-25,67,29
DFW,2025-07-25,68,20
DFW,2025-07-25,69,21
DFW,2025-07-25,70,38
DFW,2025-07-25,71,42
DFW,2025-07-25,72,31
DFW,2025-07-25,73,11
DFW,2025-07-25,74,31
DFW,2025-07-25,75,41
DFW,2025-07-25,76,30
DFW,2025-07-25,77,26
DFW,2025-07-25,78,50
DFW,2025-07-25,79,45
DFW,2025-07-25,80,22
DFW,2025-07-25,81,5
DFW,2025-07-25,82,15
DFW,2025-07-25,83,42
DFW,2025-07-25,84,43
DFW,2025-07-25,85,27
DFW,2025-07-25,86,40
DFW,2025-07-25,87,37
DFW,2025-07-25,88,4
DFW,2025-07-25,89,6
DFW,2025-07-25,90,36
DFW,2025-07-25,91,21
DFW,2025-07-25,92,1
DFW,2025-07-25,93,4
DFW,2025-07-25,94,3
DFW,2025-07-25,95,11
DFW,2025-07-26,1,4
DFW,2025-07-26,2,1
DFW,2025-07-26,3,2
DFW,2025-07-26,18,1
DFW,2025-07-26,19,2
DFW,2025-07-26,20,13
DFW,2025-07-26,21,5
DFW,2025-07-26,22,5
DFW,2025-07-26,23,5
DFW,2025-07-26,24,18
DFW,2025-07-26,25,15
DFW,2025-07-26,26,6
DFW,2025-07-26,27,10
DFW,2025-07-26,28,59
DFW,2025-07-26,29,54
DFW,2025-07-26,30,10
DFW,2025-07-26,31,7
DFW,2025-07-26,32,32
DFW,2025-07-26,33,42
DFW,2025-07-26,34,32
DFW,2025-07-26,35,39
DFW,2025-07-26,36,44
DFW,2025-07-26,37,24
DFW,2025-07-26,38,6
DFW,2025-07-26,39,17
DFW,2025-07-26,40,31
DFW,2025-07-26,41,24
DFW,2025-07-26,42,22
DFW,2025-07-26,43,21
DFW,2025-07-26,44,24
DFW,2025-07-26,45,45
DFW,2025-07-26,46,31
DFW,2025-07-26,47,8
DFW,2025-07-26,48,12
DFW,2025-07-26,49,48
DFW,2025-07-26,50,33
DFW,2025-07-26,51,14
DFW,2025-07-26,52,21
DFW,2025-07-26,53,30
DFW,2025-07-26,54,29
DFW,2025-07-26,55,25
DFW,2025-07-26,56,8
DFW,2025-07-26,57,28
DFW,2025-07-26,58,25
DFW,2025-07-26,59,25
DFW,2025-07-26,60,23
DFW,2025-07-26,61,30
DFW,2025-07-26,62,20
DFW,2025-07-26,63,39
DFW,2025-07-26,64,12
DFW,2025-07-26,65,21
DFW,2025-07-26,66,29
DFW,2025-07-26,67,27
DFW,2025-07-26,68,18
DFW,2025-07-26,69,22
DFW,2025-07-26,70,37
DFW,2025-07-26,71,35
DFW,2025-07-26,72,33
DFW,2025-07-26,73,5
DFW,2025-07-26,74,31
DFW,2025-07-26,75,39
DFW,2025-07-26,76,26
DFW,2025-07-26,77,26
DFW,2025-07-26,78,42
DFW,2025-07-26,79,46
DFW,2025-07-26,80,25
DFW,2025-07-26,81,5
DFW,2025-07-26,82,18
DFW,2025-07-26,83,39
DFW,2025-07-26,84,39
DFW,2025-07-26,85,25
DFW,2025-07-26,86,39
DFW,2025-07-26,87,36
DFW,2025-07-26,88,7
DFW,2025-07-26,89,5
DFW,2025-07-26,90,38
DFW,2025-07-26,91,19
DFW,2025-07-26,92,1
DFW,2025-07-26,93,5
DFW,2025-07-26,94,4
DFW,2025-07-26,95,10
DFW,2025-07-27,0,1
DFW,2025-07-27,1,3
DFW,2025-07-27,2,1
DFW,2025-07-27,3,1
DFW,2025-07-27,18,1
DFW,2025-07-27,19,2
DFW,2025-07-27,20,10
DFW,2025-07-27,21,5
DFW,2025-07-27,22,7
DFW,2025-07-27,23,2
DFW,2025-07-27,24,20
DFW,2025-07-27,25,15
DFW,2025-07-27,26,4
DFW,2025-07-27,27,11
DFW,2025-07-27,28,60
DFW,2025-07-27,29,53
DFW,2025-07-27,30,10
DFW,2025-07-27,31,5
DFW,2025-07-27,32,35
DFW,2025-07-27,33,41
DFW,2025-07-27,34,33
DFW,2025-07-27,35,38
DFW,2025-07-27,36,49
DFW,2025-07-27,37,25
DFW,2025-07-27,38,6
DFW,2025-07-27,39,20
DFW,2025-07-27,40,30
DFW,2025-07-27,41,32
DFW,2025-07-27,42,23
DFW,2025-07-27,43,20
DFW,2025-07-27,44,26
DFW,2025-07-27,45,46
DFW,2025-07-27,46,32
DFW,2025-07-27,47,10
DFW,2025-07-27,48,13
DFW,2025-07-27,49,45
DFW,2025-07-27,50,34
DFW,2025-07-27,51,16
DFW,2025-07-27,52,20
DFW,2025-07-27,53,26
DFW,2025-07-27,54,35
DFW,2025-07-27,55,26
DFW,2025-07-27,56,15
DFW,2025-07-27,57,31
DFW,2025-07-27,58,29
DFW,2025-07-27,59,28
DFW,2025-07-27,60,26
DFW,2025-07-27,61,25
DFW,2025-07-27,62,20
DFW,2025-07-27,63,42
DFW,2025-07-27,64,10
DFW,2025-07-27,65,23
DFW,2025-07-27,66,28
DFW,2025-07-27,67,32
DFW,2025-07-27,68,19
DFW,2025-07-27,69,21
DFW,2025-07-27,70,38
DFW,2025-07-27,71,42
DFW,2025-07-27,72,33
DFW,2025-07-27,73,9
DFW,2025-07-27,74,32
DFW,2025-07-27,75,40
DFW,2025-07-27,76,26
DFW,2025-07-27,77,23
DFW,2025-07-27,78,48
DFW,2025-07-27,79,48
DFW,2025-07-27,80,23
DFW,2025-07-27,81,5
DFW,2025-07-27,82,16
DFW,2025-07-27,83,41
DFW,2025-07-27,84,41
DFW,2025-07-27,85,27
DFW,2025-07-27,86,38
DFW,2025-07-27,87,39
DFW,2025-07-27,88,5
DFW,2025-07-27,89,6
DFW,2025-07-27,90,35
DFW,2025-07-27,91,23
DFW,2025-07-27,92,1
DFW,2025-07-27,93,4
DFW,2025-07-27,94,3
DFW,2025-07-27,95,11
DFW,2025-07-28,1,4
DFW,2025-07-28,2,2
DFW,2025-07-28,3,2
DFW,2025-07-28,5,1
DFW,2025-07-28,18,1
DFW,2025-07-28,19,2
DFW,2025-07-28,20,12
DFW,2025-07-28,21,7
DFW,2025-07-28,22,5
DFW,2025-07-28,23,5
DFW,2025-07-28,24,21
DFW,2025-07-28,25,16
DFW,2025-07-28,26,5
DFW,2025-07-28,27,11
DFW,2025-07-28,28,59
DFW,2025-07-28,29,56
DFW,2025-07-28,30,9
DFW,2025-07-28,31,5
DFW,2025-07-28,32,32
DFW,2025-07-28,33,41
DFW,2025-07-28,34,35
DFW,2025-07-28,35,37
DFW,2025-07-28,36,48
DFW,2025-07-28,37,24
DFW,2025-07-28,38,8
DFW,2025-07-28,39,16
DFW,2025-07-28,40,32
DFW,2025-07-28,41,31
DFW,2025-07-28,42,24
DFW,2025-07-28,43,20
DFW,2025-07-28,44,23
DFW,2025-07-28,45,46
DFW,2025-07-28,46,32
DFW,2025-07-28,47,12
DFW,2025-07-28,48,10
DFW,2025-07-28,49,46
DFW,2025-07-28,50,36
DFW,2025-07-28,51,14
DFW,2025-07-28,52,17
DFW,2025-07-28,53,31
DFW,2025-07-28,54,39
DFW,2025-07-28,55,25
DFW,2025-07-28,56,12
DFW,2025-07-28,57,31
DFW,2025-07-28,58,29
DFW,2025-07-28,59,25
DFW,2025-07-28,60,23
DFW,2025-07-28,61,26
DFW,2025-07-28,62,21
DFW,2025-07-28,63,45
DFW,2025-07-28,64,10
DFW,2025-07-28,65,22
DFW,2025-07-28,66,28
DFW,2025-07-28,67,32
DFW,2025-07-28,68,19
DFW,2025-07-28,69,22
DFW,2025-07-28,70,36
DFW,2025-07-28,71,44
DFW,2025-07-28,72,31
DFW,2025-07-28,73,10
DFW,2025-07-28,74,33
DFW,2025-07-28,75,41
DFW,2025-07-28,76,31
DFW,2025-07-28,77,24
DFW,2025-07-28,78,49
DFW,2025-07-28,79,48
DFW,2025-07-28,80,22
DFW,2025-07-28,81,4
DFW,2025-07-28,82,16
DFW,2025-07-28,83,43
DFW,2025-07-28,84,41
DFW,2025-07-28,85,28
DFW,2025-07-28,86,38
DFW,2025-07-28,87,37
DFW,2025-07-28,88,5
DFW,2025-07-28,89,7
DFW,2025-07-28,90,36
DFW,2025-07-28,91,23
DFW,2025-07-28,92,1
DFW,2025-07-28,93,4
DFW,2025-07-28,94,3
DFW,2025-07-28,95,13
DFW,2025-07-29,1,4
DFW,2025-07-29,2,1
DFW,2025-07-29,3,2
DFW,2025-07-29,5,1
DFW,2025-07-29,18,1
DFW,2025-07-29,19,2
DFW,2025-07-29,20,12
DFW,2025-07-29,21,5
DFW,2025-07-29,22,5
DFW,2025-07-29,23,5
DFW,2025-07-29,24,17
DFW,2025-07-29,25,15
DFW,2025-07-29,26,6
DFW,2025-07-29,27,9
DFW,2025-07-29,28,61
DFW,2025-07-29,29,56
DFW,2025-07-29,30,9
DFW,2025-07-29,31,4
DFW,2025-07-29,32,34
DFW,2025-07-29,33,40
DFW,2025-07-29,34,36
DFW,2025-07-29,35,38
DFW,2025-07-29,36,47
DFW,2025-07-29,37,25
DFW,2025-07-29,38,8
DFW,2025-07-29,39,17
DFW,2025-07-29,40,33
DFW,2025-07-29,41,30
DFW,2025-07-29,42,25
DFW,2025-07-29,43,21
DFW,2025-07-29,44,22
DFW,2025-07-29,45,44
DFW,2025-07-29,46,33
DFW,2025-07-29,47,10
DFW,2025-07-29,48,8
DFW,2025-07-29,49,46
DFW,2025-07-29,50,37
DFW,2025-07-29,51,15
DFW,2025-07-29,52,15
DFW,2025-07-29,53,30
DFW,2025-07-29,54,38
DFW,2025-07-29,55,25
DFW,2025-07-29,56,13
DFW,2025-07-29,57,30
DFW,2025-07-29,58,30
DFW,2025-07-29,59,25
DFW,2025-07-29,60,25
DFW,2025-07-29,61,27
DFW,2025-07-29,62,19
DFW,2025-07-29,63,45
DFW,2025-07-29,64,8
DFW,2025-07-29,65,22
DFW,2025-07-29,66,28
DFW,2025-07-29,67,29
DFW,2025-07-29,68,18
DFW,2025-07-29,69,20
DFW,2025-07-29,70,38
DFW,2025-07-29,71,44
DFW,2025-07-29,72,30
DFW,2025-07-29,73,9
DFW,2025-07-29,74,31
DFW,2025-07-29,75,39
DFW,2025-07-29,76,28
DFW,2025-07-29,77,24
DFW,2025-07-29,78,48
DFW,2025-07-29,79,43
DFW,2025-07-29,80,21
DFW,2025-07-29,81,4
DFW,2025-07-29,82,17
DFW,2025-07-29,83,39
DFW,2025-07-29,84,35
DFW,2025-07-29,85,30
DFW,2025-07-29,86,36
DFW,2025-07-29,87,36
DFW,2025-07-29,88,5
DFW,2025-07-29,89,5
DFW,2025-07-29,90,38
DFW,2025-07-29,91,19
DFW,2025-07-29,92,1
DFW,2025-07-29,93,4
DFW,2025-07-29,94,3
DFW,2025-07-29,95,12
DFW,2025-07-30,1,2
DFW,2025-07-30,2,1
DFW,2025-07-30,3,1
DFW,2025-07-30,18,1
DFW,2025-07-30,19,2
DFW,2025-07-30,20,11
DFW,2025-07-30,21,5
DFW,2025-07-30,22,5
DFW,2025-07-30,23,1
DFW,2025-07-30,24,15
DFW,2025-07-30,25,15
DFW,2025-07-30,26,4
DFW,2025-07-30,27,8
DFW,2025-07-30,28,60
DFW,2025-07-30,29,58
DFW,2025-07-30,30,9
DFW,2025-07-30,31,4
DFW,2025-07-30,32,31
DFW,2025-07-30,33,41
DFW,2025-07-30,34,36
DFW,2025-07-30,35,37
DFW,2025-07-30,36,48
DFW,2025-07-30,37,24
DFW,2025-07-30,38,9
DFW,2025-07-30,39,16
DFW,2025-07-30,40,29
DFW,2025-07-30,41,32
DFW,2025-07-30,42,22
DFW,2025-07-30,43,20
DFW,2025-07-30,44,22
DFW,2025-07-30,45,46
DFW,2025-07-30,46,31
DFW,2025-07-30,47,11
DFW,2025-07-30,48,10
DFW,2025-07-30,49,44
DFW,2025-07-30,50,36
DFW,2025-07-30,51,14
DFW,2025-07-30,52,16
DFW,2025-07-30,53,31
DFW,2025-07-30,54,35
DFW,2025-07-30,55,23
DFW,2025-07-30,56,14
DFW,2025-07-30,57,28
DFW,2025-07-30,58,28
DFW,2025-07-30,59,25
DFW,2025-07-30,60,24
DFW,2025-07-30,61,27
DFW,2025-07-30,62,20
DFW,2025-07-30,63,45
DFW,2025-07-30,64,10
DFW,2025-07-30,65,21
DFW,2025-07-30,66,28
DFW,2025-07-30,67,28
DFW,2025-07-30,68,17
DFW,2025-07-30,69,21
DFW,2025-07-30,70,36
DFW,2025-07-30,71,40
DFW,2025-07-30,72,30
DFW,2025-07-30,73,8
DFW,2025-07-30,74,30
DFW,2025-07-30,75,37
DFW,2025-07-30,76,28
DFW,2025-07-30,77,26
DFW,2025-07-30,78,46
DFW,2025-07-30,79,44
DFW,2025-07-30,80,23
DFW,2025-07-30,81,4
DFW,2025-07-30,82,18
DFW,2025-07-30,83,41
DFW,2025-07-30,84,35
DFW,2025-07-30,85,30
DFW,2025-07-30,86,36
DFW,2025-07-30,87,36
DFW,2025-07-30,88,5
DFW,2025-07-30,89,6
DFW,2025-07-30,90,38
DFW,2025-07-30,91,20
DFW,2025-07-30,92,1
DFW,2025-07-30,93,4
DFW,2025-07-30,94,3
DFW,2025-07-30,95,13
DFW,2025-07-31,1,2
DFW,2025-07-31,2,1
DFW,2025-07-31,3,1
DFW,2025-07-31,18,1
DFW,2025-07-31,19,2
DFW,2025-07-31,20,11
DFW,2025-07-31,21,6
DFW,2025-07-31,22,7
DFW,2025-07-31,23,1
DFW,2025-07-31,24,20
DFW,2025-07-31,25,15
DFW,2025-07-31,26,4
DFW,2025-07-31,27,9
DFW,2025-07-31,28,60
DFW,2025-07-31,29,56
DFW,2025-07-31,30,9
DFW,2025-07-31,31,5
DFW,2025-07-31,32,33
DFW,2025-07-31,33,42
DFW,2025-07-31,34,35
DFW,2025-07-31,35,38
DFW,2025-07-31,36,48
DFW,2025-07-31,37,25
DFW,2025-07-31,38,7
DFW,2025-07-31,39,16
DFW,2025-07-31,40,33
DFW,2025-07-31,41,32
DFW,2025-07-31,42,24
DFW,2025-07-31,43,19
DFW,2025-07-31,44,25
DFW,2025-07-31,45,44
DFW,2025-07-31,46,31
DFW,2025-07-31,47,10
DFW,2025-07-31,48,12
DFW,2025-07-31,49,45
DFW,2025-07-31,50,35
DFW,2025-07-31,51,16
DFW,2025-07-31,52,18
DFW,2025-07-31,53,29
DFW,2025-07-31,54,35
DFW,2025-07-31,55,26
DFW,2025-07-31,56,13
DFW,2025-07-31,57,31
DFW,2025-07-31,58,29
DFW,2025-07-31,59,26
DFW,2025-07-31,60,24
DFW,2025-07-31,61,25
DFW,2025-07-31,62,19
DFW,2025-07-31,63,43
DFW,2025-07-31,64,10
DFW,2025-07-31,65,21
DFW,2025-07-31,66,27
DFW,2025-07-31,67,30
DFW,2025-07-31,68,19
DFW,2025-07-31,69,20
DFW,2025-07-31,70,36
DFW,2025-07-31,71,41
DFW,2025-07-31,72,32
DFW,2025-07-31,73,9
DFW,2025-07-31,74,31
DFW,2025-07-31,75,37
DFW,2025-07-31,76,26
DFW,2025-07-31,77,27
DFW,2025-07-31,78,49
DFW,2025-07-31,79,44
DFW,2025-07-31,80,23
DFW,2025-07-31,81,4
DFW,2025-07-31,82,16
DFW,2025-07-31,83,39
DFW,2025-07-31,84,42
DFW,2025-07-31,85,26
DFW,2025-07-31,86,37
DFW,2025-07-31,87,35
DFW,2025-07-31,88,4
DFW,2025-07-31,89,6
DFW,2025-07-31,90,36
DFW,2025-07-31,91,23
DFW,2025-07-31,92,1
DFW,2025-07-31,93,3
DFW,2025-07-31,94,3
DFW,2025-07-31,95,12
DFW,2025-08-01,1,4
DFW,2025-08-01,2,1
DFW,2025-08-01,3,2
DFW,2025-08-01,5,1
DFW,2025-08-01,18,1
DFW,2025-08-01,19,2
DFW,2025-08-01,20,6
DFW,2025-08-01,21,3
DFW,2025-08-01,22,3
DFW,2025-08-01,24,2
ORD,2025-07-01,3,1
ORD,2025-07-01,20,7
ORD,2025-07-01,21,1
ORD,2025-07-01,22,1
ORD,2025-07-01,23,2
ORD,2025-07-01,24,18
ORD,2025-07-01,25,8
ORD,2025-07-01,26,9
ORD,2025-07-01,27,11
ORD,2025-07-01,28,41
ORD,2025-07-01,29,32
ORD,2025-07-01,30,39
ORD,2025-07-01,31,26
ORD,2025-07-01,32,36
ORD,2025-07-01,33,23
ORD,2025-07-01,34,17
ORD,2025-07-01,35,55
ORD,2025-07-01,36,38
ORD,2025-07-01,37,37
ORD,2025-07-01,38,32
ORD,2025-07-01,39,39
ORD,2025-07-01,40,22
ORD,2025-07-01,41,12
ORD,2025-07-01,42,30
ORD,2025-07-01,43,40
ORD,2025-07-01,44,33
ORD,2025-07-01,45,17
ORD,2025-07-01,46,17
ORD,2025-07-01,47,41
ORD,2025-07-01,48,31
ORD,2025-07-01,49,14
ORD,2025-07-01,50,25
ORD,2025-07-01,51,47
ORD,2025-07-01,52,40
ORD,2025-07-01,53,32
ORD,2025-07-01,54,22
ORD,2025-07-01,55,30
ORD,2025-07-01,56,39
ORD,2025-07-01,57,34
ORD,2025-07-01,58,27
ORD,2025-07-01,59,38
ORD,2025-07-01,60,16
ORD,2025-07-01,61,13
ORD,2025-07-01,62,29
ORD,2025-07-01,63,31
ORD,2025-07-01,64,26
ORD,2025-07-01,65,17
ORD,2025-07-01,66,16
ORD,2025-07-01,67,61
ORD,2025-07-01,68,50
ORD,2025-07-01,69,9
ORD,2025-07-01,70,13
ORD,2025-07-01,71,33
ORD,2025-07-01,72,19
ORD,2025-07-01,73,50
ORD,2025-07-01,74,41
ORD,2025-07-01,75,43
ORD,2025-07-01,76,20
ORD,2025-07-01,77,15
ORD,2025-07-01,78,36
ORD,2025-07-01,79,33
ORD,2025-07-01,80,37
ORD,2025-07-01,81,32
ORD,2025-07-01,82,22
ORD,2025-07-01,83,17
ORD,2025-07-01,84,23
ORD,2025-07-01,85,22
ORD,2025-07-01,86,13
ORD,2025-07-01,87,4
ORD,2025-07-01,88,2
ORD,2025-07-01,89,7
ORD,2025-07-01,90,5
ORD,2025-07-01,91,3
ORD,2025-07-01,92,5
ORD,2025-07-01,93,1
ORD,2025-07-01,94,8
ORD,2025-07-01,95,6
ORD,2025-07-02,0,2
ORD,2025-07-02,1,1
ORD,2025-07-02,2,2
ORD,2025-07-02,3,2
ORD,2025-07-02,18,2
ORD,2025-07-02,19,2
ORD,2025-07-02,20,8
ORD,2025-07-02,21,3
ORD,2025-07-02,22,3
ORD,2025-07-02,23,7
ORD,2025-07-02,24,19
ORD,2025-07-02,25,12
ORD,2025-07-02,26,9
ORD,2025-07-02,27,12
ORD,2025-07-02,28,41
ORD,2025-07-02,29,34
ORD,2025-07-02,30,37
ORD,2025-07-02,31,24
ORD,2025-07-02,32,40
ORD,2025-07-02,33,23
ORD,2025-07-02,34,18
ORD,2025-07-02,35,56
ORD,2025-07-02,36,38
ORD,2025-07-02,37,37
ORD,2025-07-02,38,30
ORD,2025-07-02,39,42
ORD,2025-07-02,40,23
ORD,2025-07-02,41,12
ORD,2025-07-02,42,29
ORD,2025-07-02,43,39
ORD,2025-07-02,44,33
ORD,2025-07-02,45,16
ORD,2025-07-02,46,19
ORD,2025-07-02,47,41
ORD,2025-07-02,48,30
ORD,2025-07-02,49,15
ORD,2025-07-02,50,27
ORD,2025-07-02,51,49
ORD,2025-07-02,52,42
ORD,2025-07-02,53,32
ORD,2025-07-02,54,23
ORD,2025-07-02,55,31
ORD,2025-07-02,56,40
ORD,2025-07-02,57,34
ORD,2025-07-02,58,28
ORD,2025-07-02,59,38
ORD,2025-07-02,60,18
ORD,2025-07-02,61,14
ORD,2025-07-02,62,32
ORD,2025-07-02,63,32
ORD,2025-07-02,64,26
ORD,2025-07-02,65,18
ORD,2025-07-02,66,17
ORD,2025-07-02,67,61
ORD,2025-07-02,68,54
ORD,2025-07-02,69,10
ORD,2025-07-02,70,13
ORD,2025-07-02,71,38
ORD,2025-07-02,72,26
ORD,2025-07-02,73,52
ORD,2025-07-02,74,51
ORD,2025-07-02,75,46
ORD,2025-07-02,76,19
ORD,2025-07-02,77,20
ORD,2025-07-02,78,39
ORD,2025-07-02,79,37
ORD,2025-07-02,80,40
ORD,2025-07-02,81,40
ORD,2025-07-02,82,20
ORD,2025-07-02,83,17
ORD,2025-07-02,84,25
ORD,2025-07-02,85,25
ORD,2025-07-02,86,15
ORD,2025-07-02,87,6
ORD,2025-07-02,88,4
ORD,2025-07-02,89,6
ORD,2025-07-02,90,5
ORD,2025-07-02,91,4
ORD,2025-07-02,92,5
ORD,2025-07-02,93,2
ORD,2025-07-02,94,8
ORD,2025-07-02,95,7
ORD,2025-07-03,0,1
ORD,2025-07-03,1,1
ORD,2025-07-03,2,2
ORD,2025-07-03,3,3
ORD,2025-07-03,18,2
ORD,2025-07-03,19,3
ORD,2025-07-03,20,9
ORD,2025-07-03,21,5
ORD,2025-07-03,22,5
ORD,2025-07-03,23,10
ORD,2025-07-03,24,29
ORD,2025-07-03,25,14
ORD,2025-07-03,26,11
ORD,2025-07-03,27,18
ORD,2025-07-03,28,51
ORD,2025-07-03,29,42
ORD,2025-07-03,30,44
ORD,2025-07-03,31,33
ORD,2025-07-03,32,40
ORD,2025-07-03,33,20
ORD,2025-07-03,34,22
ORD,2025-07-03,35,56
ORD,2025-07-03,36,42
ORD,2025-07-03,37,39
ORD,2025-07-03,38,33
ORD,2025-07-03,39,45
ORD,2025-07-03,40,24
ORD,2025-07-03,41,12
ORD,2025-07-03,42,32
ORD,2025-07-03,43,41
ORD,2025-07-03,44,38
ORD,2025-07-03,45,17
ORD,2025-07-03,46,19
ORD,2025-07-03,47,42
ORD,2025-07-03,48,36
ORD,2025-07-03,49,16
ORD,2025-07-03,50,28
ORD,2025-07-03,51,49
ORD,2025-07-03,52,44
ORD,2025-07-03,53,38
ORD,2025-07-03,54,27
ORD,2025-07-03,55,34
ORD,2025-07-03,56,39
ORD,2025-07-03,57,33
ORD,2025-07-03,58,31
ORD,2025-07-03,59,40
ORD,2025-07-03,60,18
ORD,2025-07-03,61,15
ORD,2025-07-03,62,35
ORD,2025-07-03,63,37
ORD,2025-07-03,64,29
ORD,2025-07-03,65,21
ORD,2025-07-03,66,17
ORD,2025-07-03,67,62
ORD,2025-07-03,68,55
ORD,2025-07-03,69,12
ORD,2025-07-03,70,10
ORD,2025-07-03,71,41
ORD,2025-07-03,72,29
ORD,2025-07-03,73,52
ORD,2025-07-03,74,53
ORD,2025-07-03,75,45
ORD,2025-07-03,76,20
ORD,2025-07-03,77,20
ORD,2025-07-03,78,40
ORD,2025-07-03,79,40
ORD,2025-07-03,80,45
ORD,2025-07-03,81,45
ORD,2025-07-03,82,23
ORD,2025-07-03,83,14
ORD,2025-07-03,84,28
ORD,2025-07-03,85,37
ORD,2025-07-03,86,21
ORD,2025-07-03,87,8
ORD,2025-07-03,88,23
ORD,2025-07-03,89,14
ORD,2025-07-03,90,10
ORD,2025-07-03,91,4
ORD,2025-07-03,92,6
ORD,2025-07-03,93,2
ORD,2025-07-03,94,7
ORD,2025-07-03,95,7
ORD,2025-07-04,0,2
ORD,2025-07-04,1,1
ORD,2025-07-04,2,2
ORD,2025-07-04,3,3
ORD,2025-07-04,18,2
ORD,2025-07-04,19,3
ORD,2025-07-04,20,8
ORD,2025-07-04,21,4
ORD,2025-07-04,22,5
ORD,2025-07-04,23,6
ORD,2025-07-04,24,22
ORD,2025-07-04,25,12
ORD,2025-07-04,26,8
ORD,2025-07-04,27,9
ORD,2025-07-04,28,42
ORD,2025-07-04,29,42
ORD,2025-07-04,30,36
ORD,2025-07-04,31,30
ORD,2025-07-04,32,40
ORD,2025-07-04,33,19
ORD,2025-07-04,34,21
ORD,2025-07-04,35,57
ORD,2025-07-04,36,40
ORD,2025-07-04,37,36
ORD,2025-07-04,38,34
ORD,2025-07-04,39,40
ORD,2025-07-04,40,20
ORD,2025-07-04,41,8
ORD,2025-07-04,42,31
ORD,2025-07-04,43,41
ORD,2025-07-04,44,36
ORD,2025-07-04,45,15
ORD,2025-07-04,46,20
ORD,2025-07-04,47,39
ORD,2025-07-04,48,34
ORD,2025-07-04,49,20
ORD,2025-07-04,50,25
ORD,2025-07-04,51,45
ORD,2025-07-04,52,44
ORD,2025-07-04,53,33
ORD,2025-07-04,54,21
ORD,2025-07-04,55,34
ORD,2025-07-04,56,36
ORD,2025-07-04,57,34
ORD,2025-07-04,58,30
ORD,2025-07-04,59,37
ORD,2025-07-04,60,23
ORD,2025-07-04,61,11
ORD,2025-07-04,62,27
ORD,2025-07-04,63,37
ORD,2025-07-04,64,36
ORD,2025-07-04,65,12
ORD,2025-07-04,66,17
ORD,2025-07-04,67,37
ORD,2025-07-04,68,41
ORD,2025-07-04,69,18
ORD,2025-07-04,70,16
ORD,2025-07-04,71,15
ORD,2025-07-04,72,19
ORD,2025-07-04,73,16
ORD,2025-07-04,74,12
ORD,2025-07-04,75,8
ORD,2025-07-04,76,6
ORD,2025-07-04,77,5
ORD,2025-07-04,78,11
ORD,2025-07-04,79,6
ORD,2025-07-04,80,13
ORD,2025-07-04,81,15
ORD,2025-07-04,82,2
ORD,2025-07-04,83,2
ORD,2025-07-04,84,9
ORD,2025-07-04,85,5
ORD,2025-07-04,86,5
ORD,2025-07-04,87,3
ORD,2025-07-04,88,2
ORD,2025-07-04,89,5
ORD,2025-07-04,90,3
ORD,2025-07-04,91,2
ORD,2025-07-04,92,4
ORD,2025-07-04,93,1
ORD,2025-07-04,94,3
ORD,2025-07-04,95,3
ORD,2025-07-05,3,1
ORD,2025-07-05,18,1
ORD,2025-07-05,19,2
ORD,2025-07-05,20,5
ORD,2025-07-05,21,2
ORD,2025-07-05,22,3
ORD,2025-07-05,23,5
ORD,2025-07-05,24,15
ORD,2025-07-05,25,12
ORD,2025-07-05,26,4
ORD,2025-07-05,27,5
ORD,2025-07-05,28,51
ORD,2025-07-05,29,30
ORD,2025-07-05,30,34
ORD,2025-07-05,31,23
ORD,2025-07-05,32,38
ORD,2025-07-05,33,21
ORD,2025-07-05,34,20
ORD,2025-07-05,35,52
ORD,2025-07-05,36,40
ORD,2025-07-05,37,31
ORD,2025-07-05,38,32
ORD,2025-07-05,39,36
ORD,2025-07-05,40,24
ORD,2025-07-05,41,5
ORD,2025-07-05,42,34
ORD,2025-07-05,43,40
ORD,2025-07-05,44,28
ORD,2025-07-05,45,16
ORD,2025-07-05,46,16
ORD,2025-07-05,47,39
ORD,2025-07-05,48,31
ORD,2025-07-05,49,17
ORD,2025-07-05,50,27
ORD,2025-07-05,51,41
ORD,2025-07-05,52,35
ORD,2025-07-05,53,31
ORD,2025-07-05,54,23
ORD,2025-07-05,55,22
ORD,2025-07-05,56,35
ORD,2025-07-05,57,29
ORD,2025-07-05,58,22
ORD,2025-07-05,59,34
ORD,2025-07-05,60,21
ORD,2025-07-05,61,15
ORD,2025-07-05,62,23
ORD,2025-07-05,63,31
ORD,2025-07-05,64,34
ORD,2025-07-05,65,15
ORD,2025-07-05,66,21
ORD,2025-07-05,67,53
ORD,2025-07-05,68,56
ORD,2025-07-05,69,8
ORD,2025-07-05,70,12
ORD,2025-07-05,71,32
ORD,2025-07-05,72,26
ORD,2025-07-05,73,46
ORD,2025-07-05,74,45
ORD,2025-07-05,75,46
ORD,2025-07-05,76,15
ORD,2025-07-05,77,14
ORD,2025-07-05,78,33
ORD,2025-07-05,79,37
ORD,2025-07-05,80,37
ORD,2025-07-05,81,31
ORD,2025-07-05,82,10
ORD,2025-07-05,83,12
ORD,2025-07-05,84,18
ORD,2025-07-05,85,20
ORD,2025-07-05,86,14
ORD,2025-07-05,87,6
ORD,2025-07-05,88,4
ORD,2025-07-05,89,3
ORD,2025-07-05,90,3
ORD,2025-07-05,91,4
ORD,2025-07-05,92,5
ORD,2025-07-05,93,3
ORD,2025-07-05,94,6
ORD,2025-07-05,95,7
ORD,2025-07-06,0,1
ORD,2025-07-06,1,2
ORD,2025-07-06,2,1
ORD,2025-07-06,3,3
ORD,2025-07-06,18,2
ORD,2025-07-06,19,3
ORD,2025-07-06,20,7
ORD,2025-07-06,21,7
ORD,2025-07-06,22,5
ORD,2025-07-06,23,8
ORD,2025-07-06,24,28
ORD,2025-07-06,25,14
ORD,2025-07-06,26,11
ORD,2025-07-06,27,18
ORD,2025-07-06,28,57
ORD,2025-07-06,29,40
ORD,2025-07-06,30,40
ORD,2025-07-06,31,37
ORD,2025-07-06,32,41
ORD,2025-07-06,33,25
ORD,2025-07-06,34,24
ORD,2025-07-06,35,49
ORD,2025-07-06,36,36
ORD,2025-07-06,37,34
ORD,2025-07-06,38,35
ORD,2025-07-06,39,44
ORD,2025-07-06,40,27
ORD,2025-07-06,41,8
ORD,2025-07-06,42,33
ORD,2025-07-06,43,43
ORD,2025-07-06,44,30
ORD,2025-07-06,45,16
ORD,2025-07-06,46,25
ORD,2025-07-06,47,39
ORD,2025-07-06,48,32
ORD,2025-07-06,49,17
ORD,2025-07-06,50,32
ORD,2025-07-06,51,43
ORD,2025-07-06,52,44
ORD,2025-07-06,53,44
ORD,2025-07-06,54,23
ORD,2025-07-06,55,30
ORD,2025-07-06,56,42
ORD,2025-07-06,57,33
ORD,2025-07-06,58,32
ORD,2025-07-06,59,37
ORD,2025-07-06,60,19
ORD,2025-07-06,61,19
ORD,2025-07-06,62,31
ORD,2025-07-06,63,30
ORD,2025-07-06,64,28
ORD,2025-07-06,65,17
ORD,2025-07-06,66,20
ORD,2025-07-06,67,54
ORD,2025-07-06,68,49
ORD,2025-07-06,69,9
ORD,2025-07-06,70,10
ORD,2025-07-06,71,35
ORD,2025-07-06,72,27
ORD,2025-07-06,73,49
ORD,2025-07-06,74,52
ORD,2025-07-06,75,45
ORD,2025-07-06,76,14
ORD,2025-07-06,77,23
ORD,2025-07-06,78,42
ORD,2025-07-06,79,41
ORD,2025-07-06,80,39
ORD,2025-07-06,81,47
ORD,2025-07-06,82,16
ORD,2025-07-06,83,16
ORD,2025-07-06,84,25
ORD,2025-07-06,85,38
ORD,2025-07-06,86,17
ORD,2025-07-06,87,10
ORD,2025-07-06,88,19
ORD,2025-07-06,89,17
ORD,2025-07-06,90,8
ORD,2025-07-06,91,5
ORD,2025-07-06,92,6
ORD,2025-07-06,93,1
ORD,2025-07-06,94,8
ORD,2025-07-06,95,6
ORD,2025-07-07,0,2
ORD,2025-07-07,1,3
ORD,2025-07-07,2,1
ORD,2025-07-07,3,4
ORD,2025-07-07,18,2
ORD,2025-07-07,19,3
ORD,2025-07-07,20,7
ORD,2025-07-07,21,6
ORD,2025-07-07,22,6
ORD,2025-07-07,23,8
ORD,2025-07-07,24,30
ORD,2025-07-07,25,15
ORD,2025-07-07,26,12
ORD,2025-07-07,27,15
ORD,2025-07-07,28,56
ORD,2025-07-07,29,43
ORD,2025-07-07,30,38
ORD,2025-07-07,31,32
ORD,2025-07-07,32,40
ORD,2025-07-07,33,24
ORD,2025-07-07,34,25
ORD,2025-07-07,35,56
ORD,2025-07-07,36,39
ORD,2025-07-07,37,31
ORD,2025-07-07,38,34
ORD,2025-07-07,39,44
ORD,2025-07-07,40,26
ORD,2025-07-07,41,10
ORD,2025-07-07,42,34
ORD,2025-07-07,43,43
ORD,2025-07-07,44,33
ORD,2025-07-07,45,15
ORD,2025-07-07,46,20
ORD,2025-07-07,47,42
ORD,2025-07-07,48,30
ORD,2025-07-07,49,18
ORD,2025-07-07,50,29
ORD,2025-07-07,51,51
ORD,2025-07-07,52,45
ORD,2025-07-07,53,40
ORD,2025-07-07,54,27
ORD,2025-07-07,55,29
ORD,2025-07-07,56,44
ORD,2025-07-07,57,38
ORD,2025-07-07,58,30
ORD,2025-07-07,59,40
ORD,2025-07-07,60,18
ORD,2025-07-07,61,15
ORD,2025-07-07,62,30
ORD,2025-07-07,63,35
ORD,2025-07-07,64,32
ORD,2025-07-07,65,22
ORD,2025-07-07,66,22
ORD,2025-07-07,67,61
ORD,2025-07-07,68,54
ORD,2025-07-07,69,12
ORD,2025-07-07,70,13
ORD,2025-07-07,71,41
ORD,2025-07-07,72,29
ORD,2025-07-07,73,53
ORD,2025-07-07,74,52
ORD,2025-07-07,75,47
ORD,2025-07-07,76,19
ORD,2025-07-07,77,22
ORD,2025-07-07,78,42
ORD,2025-07-07,79,45
ORD,2025-07-07,80,40
ORD,2025-07-07,81,47
ORD,2025-07-07,82,17
ORD,2025-07-07,83,22
ORD,2025-07-07,84,27
ORD,2025-07-07,85,41
ORD,2025-07-07,86,21
ORD,2025-07-07,87,9
ORD,2025-07-07,88,20
ORD,2025-07-07,89,12
ORD,2025-07-07,90,9
ORD,2025-07-07,91,6
ORD,2025-07-07,92,6
ORD,2025-07-07,93,1
ORD,2025-07-07,94,8
ORD,2025-07-07,95,6
ORD,2025-07-08,0,2
ORD,2025-07-08,1,4
ORD,2025-07-08,2,1
ORD,2025-07-08,3,4
ORD,2025-07-08,18,2
ORD,2025-07-08,19,2
ORD,2025-07-08,20,7
ORD,2025-07-08,21,6
ORD,2025-07-08,22,5
ORD,2025-07-08,23,8
ORD,2025-07-08,24,26
ORD,2025-07-08,25,14
ORD,2025-07-08,26,11
ORD,2025-07-08,27,15
ORD,2025-07-08,28,51
ORD,2025-07-08,29,38
ORD,2025-07-08,30,36
ORD,2025-07-08,31,27
ORD,2025-07-08,32,38
ORD,2025-07-08,33,22
ORD,2025-07-08,34,25
ORD,2025-07-08,35,56
ORD,2025-07-08,36,34
ORD,2025-07-08,37,31
ORD,2025-07-08,38,36
ORD,2025-07-08,39,42
ORD,2025-07-08,40,27
ORD,2025-07-08,41,10
ORD,2025-07-08,42,32
ORD,2025-07-08,43,44
ORD,2025-07-08,44,31
ORD,2025-07-08,45,13
ORD,2025-07-08,46,20
ORD,2025-07-08,47,41
ORD,2025-07-08,48,31
ORD,2025-07-08,49,14
ORD,2025-07-08,50,28
ORD,2025-07-08,51,48
ORD,2025-07-08,52,43
ORD,2025-07-08,53,34
ORD,2025-07-08,54,25
ORD,2025-07-08,55,25
ORD,2025-07-08,56,43
ORD,2025-07-08,57,35
ORD,2025-07-08,58,30
ORD,2025-07-08,59,38
ORD,2025-07-08,60,16
ORD,2025-07-08,61,17
ORD,2025-07-08,62,26
ORD,2025-07-08,63,31
ORD,2025-07-08,64,31
ORD,2025-07-08,65,16
ORD,2025-07-08,66,20
ORD,2025-07-08,67,59
ORD,2025-07-08,68,49
ORD,2025-07-08,69,13
ORD,2025-07-08,70,13
ORD,2025-07-08,71,38
ORD,2025-07-08,72,25
ORD,2025-07-08,73,51
ORD,2025-07-08,74,45
ORD,2025-07-08,75,47
ORD,2025-07-08,76,15
ORD,2025-07-08,77,19
ORD,2025-07-08,78,41
ORD,2025-07-08,79,39
ORD,2025-07-08,80,35
ORD,2025-07-08,81,34
ORD,2025-07-08,82,17
ORD,2025-07-08,83,20
ORD,2025-07-08,84,27
ORD,2025-07-08,85,36
ORD,2025-07-08,86,20
ORD,2025-07-08,87,7
ORD,2025-07-08,88,17
ORD,2025-07-08,89,14
ORD,2025-07-08,90,9
ORD,2025-07-08,91,2
ORD,2025-07-08,92,6
ORD,2025-07-08,93,1
ORD,2025-07-08,94,7
ORD,2025-07-08,95,6
ORD,2025-07-09,0,2
ORD,2025-07-09,1,2
ORD,2025-07-09,2,1
ORD,2025-07-09,3,4
ORD,2025-07-09,18,2
ORD,2025-07-09,19,2
ORD,2025-07-09,20,7
ORD,2025-07-09,21,6
ORD,2025-07-09,22,4
ORD,2025-07-09,23,8
ORD,2025-07-09,24,25
ORD,2025-07-09,25,14
ORD,2025-07-09,26,11
ORD,2025-07-09,27,13
ORD,2025-07-09,28,53
ORD,2025-07-09,29,36
ORD,2025-07-09,30,35
ORD,2025-07-09,31,31
ORD,2025-07-09,32,41
ORD,2025-07-09,33,23
ORD,2025-07-09,34,26
ORD,2025-07-09,35,55
ORD,2025-07-09,36,37
ORD,2025-07-09,37,32
ORD,2025-07-09,38,32
ORD,2025-07-09,39,43
ORD,2025-07-09,40,28
ORD,2025-07-09,41,10
ORD,2025-07-09,42,33
ORD,2025-07-09,43,40
ORD,2025-07-09,44,30
ORD,2025-07-09,45,13
ORD,2025-07-09,46,23
ORD,2025-07-09,47,40
ORD,2025-07-09,48,28
ORD,2025-07-09,49,16
ORD,2025-07-09,50,26
ORD,2025-07-09,51,49
ORD,2025-07-09,52,46
ORD,2025-07-09,53,33
ORD,2025-07-09,54,26
ORD,2025-07-09,55,26
ORD,2025-07-09,56,46
ORD,2025-07-09,57,35
ORD,2025-07-09,58,27
ORD,2025-07-09,59,38
ORD,2025-07-09,60,16
ORD,2025-07-09,61,19
ORD,2025-07-09,62,29
ORD,2025-07-09,63,32
ORD,2025-07-09,64,33
ORD,2025-07-09,65,16
ORD,2025-07-09,66,24
ORD,2025-07-09,67,63
ORD,2025-07-09,68,51
ORD,2025-07-09,69,13
ORD,2025-07-09,70,15
ORD,2025-07-09,71,41
ORD,2025-07-09,72,28
ORD,2025-07-09,73,54
ORD,2025-07-09,74,46
ORD,2025-07-09,75,46
ORD,2025-07-09,76,17
ORD,2025-07-09,77,17
ORD,2025-07-09,78,42
ORD,2025-07-09,79,41
ORD,2025-07-09,80,36
ORD,2025-07-09,81,37
ORD,2025-07-09,82,18
ORD,2025-07-09,83,20
ORD,2025-07-09,84,26
ORD,2025-07-09,85,35
ORD,2025-07-09,86,21
ORD,2025-07-09,87,8
ORD,2025-07-09,88,18
ORD,2025-07-09,89,11
ORD,2025-07-09,90,10
ORD,2025-07-09,91,4
ORD,2025-07-09,92,7
ORD,2025-07-09,94,7
ORD,2025-07-09,95,4
ORD,2025-07-10,0,2
ORD,2025-07-10,1,2
ORD,2025-07-10,2,1
ORD,2025-07-10,3,4
ORD,2025-07-10,10,1
ORD,2025-07-10,18,2
ORD,2025-07-10,19,3
ORD,2025-07-10,20,7
ORD,2025-07-10,21,7
ORD,2025-07-10,22,5
ORD,2025-07-10,23,8
ORD,2025-07-10,24,28
ORD,2025-07-10,25,15
ORD,2025-07-10,26,12
ORD,2025-07-10,27,15
ORD,2025-07-10,28,58
ORD,2025-07-10,29,41
ORD,2025-07-10,30,37
ORD,2025-07-10,31,33
ORD,2025-07-10,32,42
ORD,2025-07-10,33,22
ORD,2025-07-10,34,25
ORD,2025-07-10,35,58
ORD,2025-07-10,36,39
ORD,2025-07-10,37,32
ORD,2025-07-10,38,34
ORD,2025-07-10,39,44
ORD,2025-07-10,40,29
ORD,2025-07-10,41,11
ORD,2025-07-10,42,33
ORD,2025-07-10,43,41
ORD,2025-07-10,44,31
ORD,2025-07-10,45,17
ORD,2025-07-10,46,23
ORD,2025-07-10,47,41
ORD,2025-07-10,48,30
ORD,2025-07-10,49,17
ORD,2025-07-10,50,29
ORD,2025-07-10,51,49
ORD,2025-07-10,52,44
ORD,2025-07-10,53,41
ORD,2025-07-10,54,26
ORD,2025-07-10,55,28
ORD,2025-07-10,56,46
ORD,2025-07-10,57,37
ORD,2025-07-10,58,28
ORD,2025-07-10,59,41
ORD,2025-07-10,60,19
ORD,2025-07-10,61,16
ORD,2025-07-10,62,31
ORD,2025-07-10,63,37
ORD,2025-07-10,64,32
ORD,2025-07-10,65,19
ORD,2025-07-10,66,23
ORD,2025-07-10,67,59
ORD,2025-07-10,68,53
ORD,2025-07-10,69,11
ORD,2025-07-10,70,10
ORD,2025-07-10,71,38
ORD,2025-07-10,72,26
ORD,2025-07-10,73,48
ORD,2025-07-10,74,38
ORD,2025-07-10,75,35
ORD,2025-07-10,76,7
ORD,2025-07-10,77,15
ORD,2025-07-10,78,20
ORD,2025-07-10,79,19
ORD,2025-07-10,80,20
ORD,2025-07-10,81,21
ORD,2025-07-10,82,4
ORD,2025-07-10,83,5
ORD,2025-07-10,84,7
ORD,2025-07-10,85,15
ORD,2025-07-10,86,13
ORD,2025-07-10,88,4
ORD,2025-07-10,89,4
ORD,2025-07-10,90,6
ORD,2025-07-10,91,1
ORD,2025-07-10,92,4
ORD,2025-07-10,94,8
ORD,2025-07-10,95,3
ORD,2025-07-11,0,1
ORD,2025-07-11,1,2
ORD,2025-07-11,2,1
ORD,2025-07-11,3,2
ORD,2025-07-11,18,2
ORD,2025-07-11,19,2
ORD,2025-07-11,20,2
ORD,2025-07-11,21,5
ORD,2025-07-11,22,5
ORD,2025-07-11,23,4
ORD,2025-07-11,24,23
ORD,2025-07-11,25,12
ORD,2025-07-11,26,9
ORD,2025-07-11,27,10
ORD,2025-07-11,28,49
ORD,2025-07-11,29,30
ORD,2025-07-11,30,33
ORD,2025-07-11,31,25
ORD,2025-07-11,32,34
ORD,2025-07-11,33,21
ORD,2025-07-11,34,19
ORD,2025-07-11,35,47
ORD,2025-07-11,36,36
ORD,2025-07-11,37,26
ORD,2025-07-11,38,30
ORD,2025-07-11,39,34
ORD,2025-07-11,40,26
ORD,2025-07-11,41,9
ORD,2025-07-11,42,29
ORD,2025-07-11,43,41
ORD,2025-07-11,44,25
ORD,2025-07-11,45,16
ORD,2025-07-11,46,18
ORD,2025-07-11,47,34
ORD,2025-07-11,48,29
ORD,2025-07-11,49,16
ORD,2025-07-11,50,24
ORD,2025-07-11,51,45
ORD,2025-07-11,52,42
ORD,2025-07-11,53,38
ORD,2025-07-11,54,24
ORD,2025-07-11,55,26
ORD,2025-07-11,56,43
ORD,2025-07-11,57,35
ORD,2025-07-11,58,29
ORD,2025-07-11,59,37
ORD,2025-07-11,60,19
ORD,2025-07-11,61,13
ORD,2025-07-11,62,31
ORD,2025-07-11,63,36
ORD,2025-07-11,64,33
ORD,2025-07-11,65,15
ORD,2025-07-11,66,23
ORD,2025-07-11,67,56
ORD,2025-07-11,68,47
ORD,2025-07-11,69,11
ORD,2025-07-11,70,14
ORD,2025-07-11,71,41
ORD,2025-07-11,72,27
ORD,2025-07-11,73,50
ORD,2025-07-11,74,48
ORD,2025-07-11,75,42
ORD,2025-07-11,76,15
ORD,2025-07-11,77,22
ORD,2025-07-11,78,41
ORD,2025-07-11,79,36
ORD,2025-07-11,80,27
ORD,2025-07-11,81,34
ORD,2025-07-11,82,19
ORD,2025-07-11,83,14
ORD,2025-07-11,84,23
ORD,2025-07-11,85,32
ORD,2025-07-11,86,21
ORD,2025-07-11,87,7
ORD,2025-07-11,88,13
ORD,2025-07-11,89,10
ORD,2025-07-11,90,6
ORD,2025-07-11,91,5
ORD,2025-07-11,92,5
ORD,2025-07-11,94,7
ORD,2025-07-11,95,2
ORD,2025-07-12,0,2
ORD,2025-07-12,1,3
ORD,2025-07-12,2,1
ORD,2025-07-12,3,2
ORD,2025-07-12,18,2
ORD,2025-07-12,19,3
ORD,2025-07-12,20,5
ORD,2025-07-12,21,7
ORD,2025-07-12,22,4
ORD,2025-07-12,23,7
ORD,2025-07-12,24,24
ORD,2025-07-12,25,17
ORD,2025-07-12,26,8
ORD,2025-07-12,27,15
ORD,2025-07-12,28,58
ORD,2025-07-12,29,33
ORD,2025-07-12,30,35
ORD,2025-07-12,31,25
ORD,2025-07-12,32,38
ORD,2025-07-12,33,23
ORD,2025-07-12,34,21
ORD,2025-07-12,35,51
ORD,2025-07-12,36,37
ORD,2025-07-12,37,29
ORD,2025-07-12,38,30
ORD,2025-07-12,39,35
ORD,2025-07-12,40,22
ORD,2025-07-12,41,11
ORD,2025-07-12,42,36
ORD,2025-07-12,43,38
ORD,2025-07-12,44,27
ORD,2025-07-12,45,17
ORD,2025-07-12,46,17
ORD,2025-07-12,47,39
ORD,2025-07-12,48,29
ORD,2025-07-12,49,16
ORD,2025-07-12,50,27
ORD,2025-07-12,51,40
ORD,2025-07-12,52,33
ORD,2025-07-12,53,32
ORD,2025-07-12,54,24
ORD,2025-07-12,55,21
ORD,2025-07-12,56,42
ORD,2025-07-12,57,28
ORD,2025-07-12,58,26
ORD,2025-07-12,59,36
ORD,2025-07-12,60,18
ORD,2025-07-12,61,15
ORD,2025-07-12,62,27
ORD,2025-07-12,63,33
ORD,2025-07-12,64,35
ORD,2025-07-12,65,12
ORD,2025-07-12,66,23
ORD,2025-07-12,67,55
ORD,2025-07-12,68,51
ORD,2025-07-12,69,13
ORD,2025-07-12,70,14
ORD,2025-07-12,71,33
ORD,2025-07-12,72,28
ORD,2025-07-12,73,47
ORD,2025-07-12,74,44
ORD,2025-07-12,75,41
ORD,2025-07-12,76,11
ORD,2025-07-12,77,18
ORD,2025-07-12,78,37
ORD,2025-07-12,79,45
ORD,2025-07-12,80,35
ORD,2025-07-12,81,37
ORD,2025-07-12,82,16
ORD,2025-07-12,83,13
ORD,2025-07-12,84,28
ORD,2025-07-12,85,33
ORD,2025-07-12,86,19
ORD,2025-07-12,87,8
ORD,2025-07-12,88,16
ORD,2025-07-12,89,10
ORD,2025-07-12,90,7
ORD,2025-07-12,91,3
ORD,2025-07-12,92,5
ORD,2025-07-12,93,2
ORD,2025-07-12,94,7
ORD,2025-07-12,95,5
ORD,2025-07-13,0,2
ORD,2025-07-13,1,2
ORD,2025-07-13,2,1
ORD,2025-07-13,3,1
ORD,2025-07-13,18,2
ORD,2025-07-13,19,3
ORD,2025-07-13,20,6
ORD,2025-07-13,21,7
ORD,2025-07-13,22,5
ORD,2025-07-13,23,8
ORD,2025-07-13,24,27
ORD,2025-07-13,25,16
ORD,2025-07-13,26,11
ORD,2025-07-13,27,14
ORD,2025-07-13,28,56
ORD,2025-07-13,29,41
ORD,2025-07-13,30,38
ORD,2025-07-13,31,37
ORD,2025-07-13,32,42
ORD,2025-07-13,33,23
ORD,2025-07-13,34,22
ORD,2025-07-13,35,47
ORD,2025-07-13,36,34
ORD,2025-07-13,37,34
ORD,2025-07-13,38,34
ORD,2025-07-13,39,40
ORD,2025-07-13,40,29
ORD,2025-07-13,41,9
ORD,2025-07-13,42,32
ORD,2025-07-13,43,43
ORD,2025-07-13,44,29
ORD,2025-07-13,45,17
ORD,2025-07-13,46,22
ORD,2025-07-13,47,34
ORD,2025-07-13,48,30
ORD,2025-07-13,49,17
ORD,2025-07-13,50,28
ORD,2025-07-13,51,41
ORD,2025-07-13,52,46
ORD,2025-07-13,53,39
ORD,2025-07-13,54,24
ORD,2025-07-13,55,26
ORD,2025-07-13,56,42
ORD,2025-07-13,57,33
ORD,2025-07-13,58,31
ORD,2025-07-13,59,37
ORD,2025-07-13,60,20
ORD,2025-07-13,61,18
ORD,2025-07-13,62,32
ORD,2025-07-13,63,32
ORD,2025-07-13,64,31
ORD,2025-07-13,65,19
ORD,2025-07-13,66,23
ORD,2025-07-13,67,59
ORD,2025-07-13,68,52
ORD,2025-07-13,69,10
ORD,2025-07-13,70,10
ORD,2025-07-13,71,39
ORD,2025-07-13,72,28
ORD,2025-07-13,73,51
ORD,2025-07-13,74,50
ORD,2025-07-13,75,48
ORD,2025-07-13,76,13
ORD,2025-07-13,77,22
ORD,2025-07-13,78,43
ORD,2025-07-13,79,42
ORD,2025-07-13,80,39
ORD,2025-07-13,81,45
ORD,2025-07-13,82,14
ORD,2025-07-13,83,19
ORD,2025-07-13,84,27
ORD,2025-07-13,85,34
ORD,2025-07-13,86,24
ORD,2025-07-13,87,9
ORD,2025-07-13,88,20
ORD,2025-07-13,89,11
ORD,2025-07-13,90,8
ORD,2025-07-13,91,5
ORD,2025-07-13,92,6
ORD,2025-07-13,93,1
ORD,2025-07-13,94,8
ORD,2025-07-13,95,6
ORD,2025-07-14,0,2
ORD,2025-07-14,1,3
ORD,2025-07-14,2,1
ORD,2025-07-14,3,3
ORD,2025-07-14,18,2
ORD,2025-07-14,19,3
ORD,2025-07-14,20,6
ORD,2025-07-14,21,7
ORD,2025-07-14,22,6
ORD,2025-07-14,23,7
ORD,2025-07-14,24,30
ORD,2025-07-14,25,14
ORD,2025-07-14,26,12
ORD,2025-07-14,27,13
ORD,2025-07-14,28,58
ORD,2025-07-14,29,39
ORD,2025-07-14,30,39
ORD,2025-07-14,31,32
ORD,2025-07-14,32,42
ORD,2025-07-14,33,21
ORD,2025-07-14,34,24
ORD,2025-07-14,35,57
ORD,2025-07-14,36,38
ORD,2025-07-14,37,32
ORD,2025-07-14,38,34
ORD,2025-07-14,39,44
ORD,2025-07-14,40,27
ORD,2025-07-14,41,11
ORD,2025-07-14,42,33
ORD,2025-07-14,43,43
ORD,2025-07-14,44,29
ORD,2025-07-14,45,17
ORD,2025-07-14,46,20
ORD,2025-07-14,47,39
ORD,2025-07-14,48,29
ORD,2025-07-14,49,16
ORD,2025-07-14,50,27
ORD,2025-07-14,51,50
ORD,2025-07-14,52,44
ORD,2025-07-14,53,37
ORD,2025-07-14,54,22
ORD,2025-07-14,55,29
ORD,2025-07-14,56,42
ORD,2025-07-14,57,36
ORD,2025-07-14,58,29
ORD,2025-07-14,59,40
ORD,2025-07-14,60,18
ORD,2025-07-14,61,16
ORD,2025-07-14,62,30
ORD,2025-07-14,63,34
ORD,2025-07-14,64,30
ORD,2025-07-14,65,20
ORD,2025-07-14,66,23
ORD,2025-07-14,67,59
ORD,2025-07-14,68,51
ORD,2025-07-14,69,12
ORD,2025-07-14,70,12
ORD,2025-07-14,71,39
ORD,2025-07-14,72,26
ORD,2025-07-14,73,52
ORD,2025-07-14,74,46
ORD,2025-07-14,75,44
ORD,2025-07-14,76,17
ORD,2025-07-14,77,20
ORD,2025-07-14,78,37
ORD,2025-07-14,79,43
ORD,2025-07-14,80,36
ORD,2025-07-14,81,43
ORD,2025-07-14,82,16
ORD,2025-07-14,83,18
ORD,2025-07-14,84,26
ORD,2025-07-14,85,34
ORD,2025-07-14,86,20
ORD,2025-07-14,87,7
ORD,2025-07-14,88,20
ORD,2025-07-14,89,11
ORD,2025-07-14,90,8
ORD,2025-07-14,91,6
ORD,2025-07-14,92,6
ORD,2025-07-14,94,8
ORD,2025-07-14,95,5
ORD,2025-07-15,0,2
ORD,2025-07-15,1,3
ORD,2025-07-15,2,1
ORD,2025-07-15,3,4
ORD,2025-07-15,18,2
ORD,2025-07-15,19,2
ORD,2025-07-15,20,6
ORD,2025-07-15,21,7
ORD,2025-07-15,22,5
ORD,2025-07-15,23,7
ORD,2025-07-15,24,25
ORD,2025-07-15,25,14
ORD,2025-07-15,26,10
ORD,2025-07-15,27,14
ORD,2025-07-15,28,52
ORD,2025-07-15,29,36
ORD,2025-07-15,30,34
ORD,2025-07-15,31,27
ORD,2025-07-15,32,39
ORD,2025-07-15,33,20
ORD,2025-07-15,34,25
ORD,2025-07-15,35,55
ORD,2025-07-15,36,34
ORD,2025-07-15,37,31
ORD,2025-07-15,38,34
ORD,2025-07-15,39,41
ORD,2025-07-15,40,27
ORD,2025-07-15,41,9
ORD,2025-07-15,42,31
ORD,2025-07-15,43,42
ORD,2025-07-15,44,29
ORD,2025-07-15,45,14
ORD,2025-07-15,46,22
ORD,2025-07-15,47,39
ORD,2025-07-15,48,31
ORD,2025-07-15,49,14
ORD,2025-07-15,50,27
ORD,2025-07-15,51,47
ORD,2025-07-15,52,43
ORD,2025-07-15,53,34
ORD,2025-07-15,54,24
ORD,2025-07-15,55,25
ORD,2025-07-15,56,45
ORD,2025-07-15,57,34
ORD,2025-07-15,58,31
ORD,2025-07-15,59,38
ORD,2025-07-15,60,17
ORD,2025-07-15,61,17
ORD,2025-07-15,62,28
ORD,2025-07-15,63,31
ORD,2025-07-15,64,32
ORD,2025-07-15,65,16
ORD,2025-07-15,66,23
ORD,2025-07-15,67,62
ORD,2025-07-15,68,49
ORD,2025-07-15,69,13
ORD,2025-07-15,70,15
ORD,2025-07-15,71,39
ORD,2025-07-15,72,26
ORD,2025-07-15,73,52
ORD,2025-07-15,74,45
ORD,2025-07-15,75,47
ORD,2025-07-15,76,16
ORD,2025-07-15,77,18
ORD,2025-07-15,78,41
ORD,2025-07-15,79,40
ORD,2025-07-15,80,35
ORD,2025-07-15,81,34
ORD,2025-07-15,82,18
ORD,2025-07-15,83,21
ORD,2025-07-15,84,27
ORD,2025-07-15,85,35
ORD,2025-07-15,86,20
ORD,2025-07-15,87,6
ORD,2025-07-15,88,19
ORD,2025-07-15,89,12
ORD,2025-07-15,90,9
ORD,2025-07-15,91,4
ORD,2025-07-15,92,8
ORD,2025-07-15,93,1
ORD,2025-07-15,94,8
ORD,2025-07-15,95,5
ORD,2025-07-16,0,2
ORD,2025-07-16,1,2
ORD,2025-07-16,2,1
ORD,2025-07-16,3,4
ORD,2025-07-16,18,2
ORD,2025-07-16,19,2
ORD,2025-07-16,20,7
ORD,2025-07-16,21,5
ORD,2025-07-16,22,4
ORD,2025-07-16,23,8
ORD,2025-07-16,24,25
ORD,2025-07-16,25,14
ORD,2025-07-16,26,11
ORD,2025-07-16,27,14
ORD,2025-07-16,28,53
ORD,2025-07-16,29,36
ORD,2025-07-16,30,36
ORD,2025-07-16,31,31
ORD,2025-07-16,32,42
ORD,2025-07-16,33,23
ORD,2025-07-16,34,25
ORD,2025-07-16,35,55
ORD,2025-07-16,36,38
ORD,2025-07-16,37,32
ORD,2025-07-16,38,32
ORD,2025-07-16,39,43
ORD,2025-07-16,40,28
ORD,2025-07-16,41,10
ORD,2025-07-16,42,32
ORD,2025-07-16,43,41
ORD,2025-07-16,44,30
ORD,2025-07-16,45,13
ORD,2025-07-16,46,23
ORD,2025-07-16,47,40
ORD,2025-07-16,48,29
ORD,2025-07-16,49,16
ORD,2025-07-16,50,27
ORD,2025-07-16,51,48
ORD,2025-07-16,52,44
ORD,2025-07-16,53,35
ORD,2025-07-16,54,25
ORD,2025-07-16,55,27
ORD,2025-07-16,56,43
ORD,2025-07-16,57,34
ORD,2025-07-16,58,28
ORD,2025-07-16,59,36
ORD,2025-07-16,60,15
ORD,2025-07-16,61,18
ORD,2025-07-16,62,27
ORD,2025-07-16,63,32
ORD,2025-07-16,64,29
ORD,2025-07-16,65,15
ORD,2025-07-16,66,21
ORD,2025-07-16,67,57
ORD,2025-07-16,68,47
ORD,2025-07-16,69,12
ORD,2025-07-16,70,13
ORD,2025-07-16,71,33
ORD,2025-07-16,72,23
ORD,2025-07-16,73,50
ORD,2025-07-16,74,41
ORD,2025-07-16,75,38
ORD,2025-07-16,76,13
ORD,2025-07-16,77,14
ORD,2025-07-16,78,33
ORD,2025-07-16,79,34
ORD,2025-07-16,80,32
ORD,2025-07-16,81,29
ORD,2025-07-16,82,14
ORD,2025-07-16,83,16
ORD,2025-07-16,84,19
ORD,2025-07-16,85,25
ORD,2025-07-16,86,18
ORD,2025-07-16,87,8
ORD,2025-07-16,88,12
ORD,2025-07-16,89,8
ORD,2025-07-16,90,9
ORD,2025-07-16,91,3
ORD,2025-07-16,92,6
ORD,2025-07-16,93,1
ORD,2025-07-16,94,7
ORD,2025-07-16,95,5
ORD,2025-07-17,0,2
ORD,2025-07-17,1,2
ORD,2025-07-17,2,1
ORD,2025-07-17,3,4
ORD,2025-07-17,18,2
ORD,2025-07-17,19,2
ORD,2025-07-17,20,7
ORD,2025-07-17,21,6
ORD,2025-07-17,22,5
ORD,2025-07-17,23,8
ORD,2025-07-17,24,27
ORD,2025-07-17,25,15
ORD,2025-07-17,26,11
ORD,2025-07-17,27,15
ORD,2025-07-17,28,57
ORD,2025-07-17,29,40
ORD,2025-07-17,30,37
ORD,2025-07-17,31,33
ORD,2025-07-17,32,41
ORD,2025-07-17,33,22
ORD,2025-07-17,34,22
ORD,2025-07-17,35,54
ORD,2025-07-17,36,38
ORD,2025-07-17,37,31
ORD,2025-07-17,38,33
ORD,2025-07-17,39,43
ORD,2025-07-17,40,27
ORD,2025-07-17,41,10
ORD,2025-07-17,42,33
ORD,2025-07-17,43,40
ORD,2025-07-17,44,31
ORD,2025-07-17,45,17
ORD,2025-07-17,46,23
ORD,2025-07-17,47,40
ORD,2025-07-17,48,30
ORD,2025-07-17,49,17
ORD,2025-07-17,50,29
ORD,2025-07-17,51,49
ORD,2025-07-17,52,44
ORD,2025-07-17,53,41
ORD,2025-07-17,54,26
ORD,2025-07-17,55,28
ORD,2025-07-17,56,44
ORD,2025-07-17,57,37
ORD,2025-07-17,58,28
ORD,2025-07-17,59,39
ORD,2025-07-17,60,19
ORD,2025-07-17,61,17
ORD,2025-07-17,62,32
ORD,2025-07-17,63,37
ORD,2025-07-17,64,33
ORD,2025-07-17,65,20
ORD,2025-07-17,66,25
ORD,2025-07-17,67,62
ORD,2025-07-17,68,55
ORD,2025-07-17,69,12
ORD,2025-07-17,70,12
ORD,2025-07-17,71,42
ORD,2025-07-17,72,30
ORD,2025-07-17,73,54
ORD,2025-07-17,74,53
ORD,2025-07-17,75,49
ORD,2025-07-17,76,17
ORD,2025-07-17,77,20
ORD,2025-07-17,78,41
ORD,2025-07-17,79,45
ORD,2025-07-17,80,37
ORD,2025-07-17,81,45
ORD,2025-07-17,82,17
ORD,2025-07-17,83,22
ORD,2025-07-17,84,27
ORD,2025-07-17,85,38
ORD,2025-07-17,86,24
ORD,2025-07-17,87,8
ORD,2025-07-17,88,20
ORD,2025-07-17,89,13
ORD,2025-07-17,90,9
ORD,2025-07-17,91,5
ORD,2025-07-17,92,6
ORD,2025-07-17,93,1
ORD,2025-07-17,94,9
ORD,2025-07-17,95,6
ORD,2025-07-18,0,2
ORD,2025-07-18,1,4
ORD,2025-07-18,2,1
ORD,2025-07-18,3,4
ORD,2025-07-18,18,2
ORD,2025-07-18,19,3
ORD,2025-07-18,20,7
ORD,2025-07-18,21,7
ORD,2025-07-18,22,6
ORD,2025-07-18,23,8
ORD,2025-07-18,24,30
ORD,2025-07-18,25,15
ORD,2025-07-18,26,12
ORD,2025-07-18,27,15
ORD,2025-07-18,28,58
ORD,2025-07-18,29,43
ORD,2025-07-18,30,36
ORD,2025-07-18,31,34
ORD,2025-07-18,32,42
ORD,2025-07-18,33,23
ORD,2025-07-18,34,25
ORD,2025-07-18,35,56
ORD,2025-07-18,36,40
ORD,2025-07-18,37,31
ORD,2025-07-18,38,34
ORD,2025-07-18,39,44
ORD,2025-07-18,40,28
ORD,2025-07-18,41,11
ORD,2025-07-18,42,33
ORD,2025-07-18,43,42
ORD,2025-07-18,44,29
ORD,2025-07-18,45,17
ORD,2025-07-18,46,24
ORD,2025-07-18,47,40
ORD,2025-07-18,48,30
ORD,2025-07-18,49,17
ORD,2025-07-18,50,29
ORD,2025-07-18,51,48
ORD,2025-07-18,52,44
ORD,2025-07-18,53,41
ORD,2025-07-18,54,26
ORD,2025-07-18,55,28
ORD,2025-07-18,56,45
ORD,2025-07-18,57,38
ORD,2025-07-18,58,29
ORD,2025-07-18,59,40
ORD,2025-07-18,60,19
ORD,2025-07-18,61,16
ORD,2025-07-18,62,32
ORD,2025-07-18,63,37
ORD,2025-07-18,64,33
ORD,2025-07-18,65,18
ORD,2025-07-18,66,26
ORD,2025-07-18,67,61
ORD,2025-07-18,68,55
ORD,2025-07-18,69,12
ORD,2025-07-18,70,14
ORD,2025-07-18,71,43
ORD,2025-07-18,72,30
ORD,2025-07-18,73,54
ORD,2025-07-18,74,53
ORD,2025-07-18,75,48
ORD,2025-07-18,76,18
ORD,2025-07-18,77,23
ORD,2025-07-18,78,47
ORD,2025-07-18,79,42
ORD,2025-07-18,80,38
ORD,2025-07-18,81,47
ORD,2025-07-18,82,20
ORD,2025-07-18,83,20
ORD,2025-07-18,84,30
ORD,2025-07-18,85,36
ORD,2025-07-18,86,23
ORD,2025-07-18,87,9
ORD,2025-07-18,88,20
ORD,2025-07-18,89,13
ORD,2025-07-18,90,9
ORD,2025-07-18,91,6
ORD,2025-07-18,92,6
ORD,2025-07-18,94,9
ORD,2025-07-18,95,6
ORD,2025-07-19,0,2
ORD,2025-07-19,1,4
ORD,2025-07-19,2,1
ORD,2025-07-19,3,3
ORD,2025-07-19,18,2
ORD,2025-07-19,19,3
ORD,2025-07-19,20,7
ORD,2025-07-19,21,6
ORD,2025-07-19,22,5
ORD,2025-07-19,23,8
ORD,2025-07-19,24,25
ORD,2025-07-19,25,17
ORD,2025-07-19,26,9
ORD,2025-07-19,27,16
ORD,2025-07-19,28,60
ORD,2025-07-19,29,36
ORD,2025-07-19,30,36
ORD,2025-07-19,31,26
ORD,2025-07-19,32,39
ORD,2025-07-19,33,24
ORD,2025-07-19,34,23
ORD,2025-07-19,35,52
ORD,2025-07-19,36,37
ORD,2025-07-19,37,31
ORD,2025-07-19,38,33
ORD,2025-07-19,39,38
ORD,2025-07-19,40,24
ORD,2025-07-19,41,11
ORD,2025-07-19,42,35
ORD,2025-07-19,43,39
ORD,2025-07-19,44,28
ORD,2025-07-19,45,18
ORD,2025-07-19,46,17
ORD,2025-07-19,47,38
ORD,2025-07-19,48,29
ORD,2025-07-19,49,17
ORD,2025-07-19,50,25
ORD,2025-07-19,51,40
ORD,2025-07-19,52,33
ORD,2025-07-19,53,33
ORD,2025-07-19,54,23
ORD,2025-07-19,55,20
ORD,2025-07-19,56,42
ORD,2025-07-19,57,30
ORD,2025-07-19,58,24
ORD,2025-07-19,59,36
ORD,2025-07-19,60,17
ORD,2025-07-19,61,15
ORD,2025-07-19,62,27
ORD,2025-07-19,63,33
ORD,2025-07-19,64,36
ORD,2025-07-19,65,11
ORD,2025-07-19,66,25
ORD,2025-07-19,67,55
ORD,2025-07-19,68,51
ORD,2025-07-19,69,14
ORD,2025-07-19,70,14
ORD,2025-07-19,71,33
ORD,2025-07-19,72,28
ORD,2025-07-19,73,51
ORD,2025-07-19,74,45
ORD,2025-07-19,75,41
ORD,2025-07-19,76,13
ORD,2025-07-19,77,22
ORD,2025-07-19,78,40
ORD,2025-07-19,79,46
ORD,2025-07-19,80,35
ORD,2025-07-19,81,37
ORD,2025-07-19,82,19
ORD,2025-07-19,83,16
ORD,2025-07-19,84,31
ORD,2025-07-19,85,34
ORD,2025-07-19,86,20
ORD,2025-07-19,87,8
ORD,2025-07-19,88,17
ORD,2025-07-19,89,10
ORD,2025-07-19,90,7
ORD,2025-07-19,91,5
ORD,2025-07-19,92,5
ORD,2025-07-19,93,2
ORD,2025-07-19,94,7
ORD,2025-07-19,95,6
ORD,2025-07-20,0,2
ORD,2025-07-20,1,2
ORD,2025-07-20,2,1
ORD,2025-07-20,3,3
ORD,2025-07-20,18,2
ORD,2025-07-20,19,3
ORD,2025-07-20,20,7
ORD,2025-07-20,21,7
ORD,2025-07-20,22,4
ORD,2025-07-20,23,8
ORD,2025-07-20,24,28
ORD,2025-07-20,25,15
ORD,2025-07-20,26,12
ORD,2025-07-20,27,16
ORD,2025-07-20,28,56
ORD,2025-07-20,29,41
ORD,2025-07-20,30,38
ORD,2025-07-20,31,37
ORD,2025-07-20,32,43
ORD,2025-07-20,33,24
ORD,2025-07-20,34,24
ORD,2025-07-20,35,51
ORD,2025-07-20,36,36
ORD,2025-07-20,37,34
ORD,2025-07-20,38,34
ORD,2025-07-20,39,42
ORD,2025-07-20,40,29
ORD,2025-07-20,41,9
ORD,2025-07-20,42,32
ORD,2025-07-20,43,43
ORD,2025-07-20,44,30
ORD,2025-07-20,45,17
ORD,2025-07-20,46,23
ORD,2025-07-20,47,39
ORD,2025-07-20,48,31
ORD,2025-07-20,49,17
ORD,2025-07-20,50,29
ORD,2025-07-20,51,42
ORD,2025-07-20,52,47
ORD,2025-07-20,53,41
ORD,2025-07-20,54,22
ORD,2025-07-20,55,27
ORD,2025-07-20,56,44
ORD,2025-07-20,57,34
ORD,2025-07-20,58,31
ORD,2025-07-20,59,37
ORD,2025-07-20,60,21
ORD,2025-07-20,61,19
ORD,2025-07-20,62,32
ORD,2025-07-20,63,32
ORD,2025-07-20,64,33
ORD,2025-07-20,65,19
ORD,2025-07-20,66,23
ORD,2025-07-20,67,60
ORD,2025-07-20,68,54
ORD,2025-07-20,69,10
ORD,2025-07-20,70,10
ORD,2025-07-20,71,40
ORD,2025-07-20,72,29
ORD,2025-07-20,73,54
ORD,2025-07-20,74,55
ORD,2025-07-20,75,48
ORD,2025-07-20,76,17
ORD,2025-07-20,77,22
ORD,2025-07-20,78,45
ORD,2025-07-20,79,43
ORD,2025-07-20,80,40
ORD,2025-07-20,81,46
ORD,2025-07-20,82,15
ORD,2025-07-20,83,21
ORD,2025-07-20,84,28
ORD,2025-07-20,85,40
ORD,2025-07-20,86,25
ORD,2025-07-20,87,10
ORD,2025-07-20,88,20
ORD,2025-07-20,89,13
ORD,2025-07-20,90,9
ORD,2025-07-20,91,5
ORD,2025-07-20,92,6
ORD,2025-07-20,93,1
ORD,2025-07-20,94,9
ORD,2025-07-20,95,6
ORD,2025-07-21,0,2
ORD,2025-07-21,1,3
ORD,2025-07-21,2,1
ORD,2025-07-21,3,4
ORD,2025-07-21,18,2
ORD,2025-07-21,19,3
ORD,2025-07-21,20,7
ORD,2025-07-21,21,8
ORD,2025-07-21,22,5
ORD,2025-07-21,23,8
ORD,2025-07-21,24,30
ORD,2025-07-21,25,15
ORD,2025-07-21,26,12
ORD,2025-07-21,27,14
ORD,2025-07-21,28,59
ORD,2025-07-21,29,42
ORD,2025-07-21,30,39
ORD,2025-07-21,31,32
ORD,2025-07-21,32,42
ORD,2025-07-21,33,23
ORD,2025-07-21,34,25
ORD,2025-07-21,35,56
ORD,2025-07-21,36,39
ORD,2025-07-21,37,32
ORD,2025-07-21,38,34
ORD,2025-07-21,39,43
ORD,2025-07-21,40,28
ORD,2025-07-21,41,11
ORD,2025-07-21,42,33
ORD,2025-07-21,43,42
ORD,2025-07-21,44,30
ORD,2025-07-21,45,17
ORD,2025-07-21,46,23
ORD,2025-07-21,47,41
ORD,2025-07-21,48,30
ORD,2025-07-21,49,17
ORD,2025-07-21,50,28
ORD,2025-07-21,51,50
ORD,2025-07-21,52,45
ORD,2025-07-21,53,40
ORD,2025-07-21,54,25
ORD,2025-07-21,55,29
ORD,2025-07-21,56,45
ORD,2025-07-21,57,37
ORD,2025-07-21,58,29
ORD,2025-07-21,59,40
ORD,2025-07-21,60,19
ORD,2025-07-21,61,16
ORD,2025-07-21,62,32
ORD,2025-07-21,63,36
ORD,2025-07-21,64,33
ORD,2025-07-21,65,21
ORD,2025-07-21,66,24
ORD,2025-07-21,67,63
ORD,2025-07-21,68,55
ORD,2025-07-21,69,12
ORD,2025-07-21,70,13
ORD,2025-07-21,71,44
ORD,2025-07-21,72,30
ORD,2025-07-21,73,54
ORD,2025-07-21,74,51
ORD,2025-07-21,75,49
ORD,2025-07-21,76,18
ORD,2025-07-21,77,22
ORD,2025-07-21,78,41
ORD,2025-07-21,79,44
ORD,2025-07-21,80,40
ORD,2025-07-21,81,46
ORD,2025-07-21,82,18
ORD,2025-07-21,83,22
ORD,2025-07-21,84,29
ORD,2025-07-21,85,38
ORD,2025-07-21,86,21
ORD,2025-07-21,87,8
ORD,2025-07-21,88,20
ORD,2025-07-21,89,12
ORD,2025-07-21,90,9
ORD,2025-07-21,91,7
ORD,2025-07-21,92,6
ORD,2025-07-21,93,1
ORD,2025-07-21,94,9
ORD,2025-07-21,95,6
ORD,2025-07-22,0,2
ORD,2025-07-22,1,4
ORD,2025-07-22,2,1
ORD,2025-07-22,3,4
ORD,2025-07-22,18,2
ORD,2025-07-22,19,2
ORD,2025-07-22,20,7
ORD,2025-07-22,21,7
ORD,2025-07-22,22,5
ORD,2025-07-22,23,8
ORD,2025-07-22,24,26
ORD,2025-07-22,25,13
ORD,2025-07-22,26,11
ORD,2025-07-22,27,14
ORD,2025-07-22,28,53
ORD,2025-07-22,29,37
ORD,2025-07-22,30,35
ORD,2025-07-22,31,27
ORD,2025-07-22,32,39
ORD,2025-07-22,33,22
ORD,2025-07-22,34,25
ORD,2025-07-22,35,56
ORD,2025-07-22,36,35
ORD,2025-07-22,37,31
ORD,2025-07-22,38,35
ORD,2025-07-22,39,42
ORD,2025-07-22,40,28
ORD,2025-07-22,41,10
ORD,2025-07-22,42,31
ORD,2025-07-22,43,42
ORD,2025-07-22,44,30
ORD,2025-07-22,45,14
ORD,2025-07-22,46,22
ORD,2025-07-22,47,39
ORD,2025-07-22,48,31
ORD,2025-07-22,49,14
ORD,2025-07-22,50,28
ORD,2025-07-22,51,48
ORD,2025-07-22,52,43
ORD,2025-07-22,53,34
ORD,2025-07-22,54,24
ORD,2025-07-22,55,26
ORD,2025-07-22,56,44
ORD,2025-07-22,57,36
ORD,2025-07-22,58,32
ORD,2025-07-22,59,37
ORD,2025-07-22,60,17
ORD,2025-07-22,61,17
ORD,2025-07-22,62,28
ORD,2025-07-22,63,31
ORD,2025-07-22,64,33
ORD,2025-07-22,65,16
ORD,2025-07-22,66,23
ORD,2025-07-22,67,62
ORD,2025-07-22,68,49
ORD,2025-07-22,69,13
ORD,2025-07-22,70,15
ORD,2025-07-22,71,39
ORD,2025-07-22,72,26
ORD,2025-07-22,73,53
ORD,2025-07-22,74,45
ORD,2025-07-22,75,47
ORD,2025-07-22,76,16
ORD,2025-07-22,77,20
ORD,2025-07-22,78,41
ORD,2025-07-22,79,40
ORD,2025-07-22,80,34
ORD,2025-07-22,81,35
ORD,2025-07-22,82,18
ORD,2025-07-22,83,21
ORD,2025-07-22,84,27
ORD,2025-07-22,85,35
ORD,2025-07-22,86,19
ORD,2025-07-22,87,6
ORD,2025-07-22,88,19
ORD,2025-07-22,89,12
ORD,2025-07-22,90,9
ORD,2025-07-22,91,5
ORD,2025-07-22,92,8
ORD,2025-07-22,93,1
ORD,2025-07-22,94,8
ORD,2025-07-22,95,5
ORD,2025-07-23,0,2
ORD,2025-07-23,1,2
ORD,2025-07-23,2,1
ORD,2025-07-23,3,4
ORD,2025-07-23,18,2
ORD,2025-07-23,19,2
ORD,2025-07-23,20,7
ORD,2025-07-23,21,6
ORD,2025-07-23,22,4
ORD,2025-07-23,23,8
ORD,2025-07-23,24,25
ORD,2025-07-23,25,14
ORD,2025-07-23,26,11
ORD,2025-07-23,27,14
ORD,2025-07-23,28,53
ORD,2025-07-23,29,36
ORD,2025-07-23,30,36
ORD,2025-07-23,31,31
ORD,2025-07-23,32,42
ORD,2025-07-23,33,23
ORD,2025-07-23,34,26
ORD,2025-07-23,35,56
ORD,2025-07-23,36,38
ORD,2025-07-23,37,32
ORD,2025-07-23,38,32
ORD,2025-07-23,39,43
ORD,2025-07-23,40,28
ORD,2025-07-23,41,9
ORD,2025-07-23,42,33
ORD,2025-07-23,43,41
ORD,2025-07-23,44,30
ORD,2025-07-23,45,13
ORD,2025-07-23,46,23
ORD,2025-07-23,47,40
ORD,2025-07-23,48,29
ORD,2025-07-23,49,16
ORD,2025-07-23,50,27
ORD,2025-07-23,51,48
ORD,2025-07-23,52,46
ORD,2025-07-23,53,35
ORD,2025-07-23,54,25
ORD,2025-07-23,55,27
ORD,2025-07-23,56,45
ORD,2025-07-23,57,35
ORD,2025-07-23,58,28
ORD,2025-07-23,59,38
ORD,2025-07-23,60,18
ORD,2025-07-23,61,18
ORD,2025-07-23,62,29
ORD,2025-07-23,63,32
ORD,2025-07-23,64,33
ORD,2025-07-23,65,16
ORD,2025-07-23,66,23
ORD,2025-07-23,67,64
ORD,2025-07-23,68,51
ORD,2025-07-23,69,13
ORD,2025-07-23,70,15
ORD,2025-07-23,71,41
ORD,2025-07-23,72,27
ORD,2025-07-23,73,54
ORD,2025-07-23,74,47
ORD,2025-07-23,75,46
ORD,2025-07-23,76,18
ORD,2025-07-23,77,18
ORD,2025-07-23,78,42
ORD,2025-07-23,79,43
ORD,2025-07-23,80,35
ORD,2025-07-23,81,40
ORD,2025-07-23,82,18
ORD,2025-07-23,83,21
ORD,2025-07-23,84,26
ORD,2025-07-23,85,35
ORD,2025-07-23,86,21
ORD,2025-07-23,87,8
ORD,2025-07-23,88,19
ORD,2025-07-23,89,11
ORD,2025-07-23,90,11
ORD,2025-07-23,91,5
ORD,2025-07-23,92,7
ORD,2025-07-23,93,1
ORD,2025-07-23,94,7
ORD,2025-07-23,95,5
ORD,2025-07-24,0,2
ORD,2025-07-24,1,2
ORD,2025-07-24,2,1
ORD,2025-07-24,3,4
ORD,2025-07-24,7,1
ORD,2025-07-24,18,2
ORD,2025-07-24,19,3
ORD,2025-07-24,20,7
ORD,2025-07-24,21,7
ORD,2025-07-24,22,5
ORD,2025-07-24,23,8
ORD,2025-07-24,24,29
ORD,2025-07-24,25,15
ORD,2025-07-24,26,12
ORD,2025-07-24,27,15
ORD,2025-07-24,28,59
ORD,2025-07-24,29,42
ORD,2025-07-24,30,37
ORD,2025-07-24,31,33
ORD,2025-07-24,32,42
ORD,2025-07-24,33,23
ORD,2025-07-24,34,25
ORD,2025-07-24,35,58
ORD,2025-07-24,36,39
ORD,2025-07-24,37,32
ORD,2025-07-24,38,34
ORD,2025-07-24,39,44
ORD,2025-07-24,40,29
ORD,2025-07-24,41,11
ORD,2025-07-24,42,33
ORD,2025-07-24,43,42
ORD,2025-07-24,44,31
ORD,2025-07-24,45,16
ORD,2025-07-24,46,23
ORD,2025-07-24,47,41
ORD,2025-07-24,48,30
ORD,2025-07-24,49,17
ORD,2025-07-24,50,29
ORD,2025-07-24,51,49
ORD,2025-07-24,52,44
ORD,2025-07-24,53,41
ORD,2025-07-24,54,26
ORD,2025-07-24,55,28
ORD,2025-07-24,56,46
ORD,2025-07-24,57,37
ORD,2025-07-24,58,27
ORD,2025-07-24,59,41
ORD,2025-07-24,60,18
ORD,2025-07-24,61,17
ORD,2025-07-24,62,32
ORD,2025-07-24,63,36
ORD,2025-07-24,64,32
ORD,2025-07-24,65,17
ORD,2025-07-24,66,22
ORD,2025-07-24,67,59
ORD,2025-07-24,68,49
ORD,2025-07-24,69,11
ORD,2025-07-24,70,12
ORD,2025-07-24,71,39
ORD,2025-07-24,72,29
ORD,2025-07-24,73,54
ORD,2025-07-24,74,51
ORD,2025-07-24,75,46
ORD,2025-07-24,76,17
ORD,2025-07-24,77,20
ORD,2025-07-24,78,37
ORD,2025-07-24,79,38
ORD,2025-07-24,80,34
ORD,2025-07-24,81,45
ORD,2025-07-24,82,16
ORD,2025-07-24,83,21
ORD,2025-07-24,84,25
ORD,2025-07-24,85,35
ORD,2025-07-24,86,21
ORD,2025-07-24,87,8
ORD,2025-07-24,88,20
ORD,2025-07-24,89,12
ORD,2025-07-24,90,9
ORD,2025-07-24,91,6
ORD,2025-07-24,92,6
ORD,2025-07-24,93,1
ORD,2025-07-24,94,9
ORD,2025-07-24,95,6
ORD,2025-07-25,0,2
ORD,2025-07-25,1,4
ORD,2025-07-25,2,1
ORD,2025-07-25,3,4
ORD,2025-07-25,18,2
ORD,2025-07-25,19,3
ORD,2025-07-25,20,7
ORD,2025-07-25,21,8
ORD,2025-07-25,22,6
ORD,2025-07-25,23,8
ORD,2025-07-25,24,30
ORD,2025-07-25,25,15
ORD,2025-07-25,26,12
ORD,2025-07-25,27,15
ORD,2025-07-25,28,58
ORD,2025-07-25,29,41
ORD,2025-07-25,30,37
ORD,2025-07-25,31,34
ORD,2025-07-25,32,42
ORD,2025-07-25,33,23
ORD,2025-07-25,34,25
ORD,2025-07-25,35,56
ORD,2025-07-25,36,40
ORD,2025-07-25,37,31
ORD,2025-07-25,38,34
ORD,2025-07-25,39,44
ORD,2025-07-25,40,28
ORD,2025-07-25,41,11
ORD,2025-07-25,42,33
ORD,2025-07-25,43,43
ORD,2025-07-25,44,29
ORD,2025-07-25,45,17
ORD,2025-07-25,46,23
ORD,2025-07-25,47,40
ORD,2025-07-25,48,30
ORD,2025-07-25,49,17
ORD,2025-07-25,50,28
ORD,2025-07-25,51,48
ORD,2025-07-25,52,44
ORD,2025-07-25,53,41
ORD,2025-07-25,54,25
ORD,2025-07-25,55,28
ORD,2025-07-25,56,44
ORD,2025-07-25,57,38
ORD,2025-07-25,58,29
ORD,2025-07-25,59,38
ORD,2025-07-25,60,19
ORD,2025-07-25,61,15
ORD,2025-07-25,62,32
ORD,2025-07-25,63,37
ORD,2025-07-25,64,32
ORD,2025-07-25,65,18
ORD,2025-07-25,66,26
ORD,2025-07-25,67,58
ORD,2025-07-25,68,54
ORD,2025-07-25,69,12
ORD,2025-07-25,70,14
ORD,2025-07-25,71,43
ORD,2025-07-25,72,28
ORD,2025-07-25,73,51
ORD,2025-07-25,74,53
ORD,2025-07-25,75,47
ORD,2025-07-25,76,16
ORD,2025-07-25,77,23
ORD,2025-07-25,78,47
ORD,2025-07-25,79,40
ORD,2025-07-25,80,36
ORD,2025-07-25,81,45
ORD,2025-07-25,82,19
ORD,2025-07-25,83,21
ORD,2025-07-25,84,29
ORD,2025-07-25,85,34
ORD,2025-07-25,86,21
ORD,2025-07-25,87,9
ORD,2025-07-25,88,18
ORD,2025-07-25,89,12
ORD,2025-07-25,90,9
ORD,2025-07-25,91,7
ORD,2025-07-25,92,6
ORD,2025-07-25,93,1
ORD,2025-07-25,94,9
ORD,2025-07-25,95,6
ORD,2025-07-26,0,2
ORD,2025-07-26,1,4
ORD,2025-07-26,2,1
ORD,2025-07-26,3,3
ORD,2025-07-26,18,2
ORD,2025-07-26,19,3
ORD,2025-07-26,20,7
ORD,2025-07-26,21,7
ORD,2025-07-26,22,5
ORD,2025-07-26,23,8
ORD,2025-07-26,24,25
ORD,2025-07-26,25,16
ORD,2025-07-26,26,9
ORD,2025-07-26,27,15
ORD,2025-07-26,28,58
ORD,2025-07-26,29,36
ORD,2025-07-26,30,36
ORD,2025-07-26,31,25
ORD,2025-07-26,32,39
ORD,2025-07-26,33,24
ORD,2025-07-26,34,22
ORD,2025-07-26,35,52
ORD,2025-07-26,36,36
ORD,2025-07-26,37,31
ORD,2025-07-26,38,32
ORD,2025-07-26,39,38
ORD,2025-07-26,40,24
ORD,2025-07-26,41,10
ORD,2025-07-26,42,37
ORD,2025-07-26,43,39
ORD,2025-07-26,44,28
ORD,2025-07-26,45,18
ORD,2025-07-26,46,17
ORD,2025-07-26,47,39
ORD,2025-07-26,48,29
ORD,2025-07-26,49,17
ORD,2025-07-26,50,28
ORD,2025-07-26,51,41
ORD,2025-07-26,52,34
ORD,2025-07-26,53,33
ORD,2025-07-26,54,25
ORD,2025-07-26,55,22
ORD,2025-07-26,56,42
ORD,2025-07-26,57,31
ORD,2025-07-26,58,25
ORD,2025-07-26,59,36
ORD,2025-07-26,60,18
ORD,2025-07-26,61,15
ORD,2025-07-26,62,27
ORD,2025-07-26,63,33
ORD,2025-07-26,64,36
ORD,2025-07-26,65,12
ORD,2025-07-26,66,25
ORD,2025-07-26,67,55
ORD,2025-07-26,68,50
ORD,2025-07-26,69,14
ORD,2025-07-26,70,14
ORD,2025-07-26,71,33
ORD,2025-07-26,72,29
ORD,2025-07-26,73,51
ORD,2025-07-26,74,44
ORD,2025-07-26,75,42
ORD,2025-07-26,76,13
ORD,2025-07-26,77,22
ORD,2025-07-26,78,40
ORD,2025-07-26,79,47
ORD,2025-07-26,80,33
ORD,2025-07-26,81,39
ORD,2025-07-26,82,18
ORD,2025-07-26,83,18
ORD,2025-07-26,84,31
ORD,2025-07-26,85,34
ORD,2025-07-26,86,19
ORD,2025-07-26,87,8
ORD,2025-07-26,88,18
ORD,2025-07-26,89,10
ORD,2025-07-26,90,7
ORD,2025-07-26,91,6
ORD,2025-07-26,92,5
ORD,2025-07-26,93,3
ORD,2025-07-26,94,7
ORD,2025-07-26,95,6
ORD,2025-07-27,0,2
ORD,2025-07-27,1,2
ORD,2025-07-27,2,1
ORD,2025-07-27,3,3
ORD,2025-07-27,18,2
ORD,2025-07-27,19,3
ORD,2025-07-27,20,7
ORD,2025-07-27,21,7
ORD,2025-07-27,22,5
ORD,2025-07-27,23,8
ORD,2025-07-27,24,27
ORD,2025-07-27,25,16
ORD,2025-07-27,26,11
ORD,2025-07-27,27,16
ORD,2025-07-27,28,57
ORD,2025-07-27,29,41
ORD,2025-07-27,30,38
ORD,2025-07-27,31,36
ORD,2025-07-27,32,43
ORD,2025-07-27,33,24
ORD,2025-07-27,34,24
ORD,2025-07-27,35,51
ORD,2025-07-27,36,35
ORD,2025-07-27,37,34
ORD,2025-07-27,38,34
ORD,2025-07-27,39,42
ORD,2025-07-27,40,29
ORD,2025-07-27,41,9
ORD,2025-07-27,42,32
ORD,2025-07-27,43,43
ORD,2025-07-27,44,30
ORD,2025-07-27,45,17
ORD,2025-07-27,46,23
ORD,2025-07-27,47,38
ORD,2025-07-27,48,30
ORD,2025-07-27,49,17
ORD,2025-07-27,50,30
ORD,2025-07-27,51,42
ORD,2025-07-27,52,45
ORD,2025-07-27,53,40
ORD,2025-07-27,54,23
ORD,2025-07-27,55,26
ORD,2025-07-27,56,44
ORD,2025-07-27,57,34
ORD,2025-07-27,58,31
ORD,2025-07-27,59,37
ORD,2025-07-27,60,20
ORD,2025-07-27,61,18
ORD,2025-07-27,62,32
ORD,2025-07-27,63,31
ORD,2025-07-27,64,32
ORD,2025-07-27,65,18
ORD,2025-07-27,66,24
ORD,2025-07-27,67,59
ORD,2025-07-27,68,54
ORD,2025-07-27,69,9
ORD,2025-07-27,70,10
ORD,2025-07-27,71,38
ORD,2025-07-27,72,27
ORD,2025-07-27,73,51
ORD,2025-07-27,74,54
ORD,2025-07-27,75,46
ORD,2025-07-27,76,15
ORD,2025-07-27,77,21
ORD,2025-07-27,78,44
ORD,2025-07-27,79,42
ORD,2025-07-27,80,38
ORD,2025-07-27,81,45
ORD,2025-07-27,82,15
ORD,2025-07-27,83,18
ORD,2025-07-27,84,28
ORD,2025-07-27,85,36
ORD,2025-07-27,86,22
ORD,2025-07-27,87,9
ORD,2025-07-27,88,17
ORD,2025-07-27,89,12
ORD,2025-07-27,90,9
ORD,2025-07-27,91,6
ORD,2025-07-27,92,6
ORD,2025-07-27,94,9
ORD,2025-07-27,95,6
ORD,2025-07-28,0,2
ORD,2025-07-28,1,3
ORD,2025-07-28,2,1
ORD,2025-07-28,3,3
ORD,2025-07-28,18,2
ORD,2025-07-28,19,3
ORD,2025-07-28,20,7
ORD,2025-07-28,21,8
ORD,2025-07-28,22,5
ORD,2025-07-28,23,8
ORD,2025-07-28,24,29
ORD,2025-07-28,25,13
ORD,2025-07-28,26,13
ORD,2025-07-28,27,13
ORD,2025-07-28,28,57
ORD,2025-07-28,29,41
ORD,2025-07-28,30,39
ORD,2025-07-28,31,32
ORD,2025-07-28,32,41
ORD,2025-07-28,33,23
ORD,2025-07-28,34,24
ORD,2025-07-28,35,55
ORD,2025-07-28,36,38
ORD,2025-07-28,37,32
ORD,2025-07-28,38,34
ORD,2025-07-28,39,43
ORD,2025-07-28,40,25
ORD,2025-07-28,41,10
ORD,2025-07-28,42,33
ORD,2025-07-28,43,41
ORD,2025-07-28,44,30
ORD,2025-07-28,45,17
ORD,2025-07-28,46,22
ORD,2025-07-28,47,40
ORD,2025-07-28,48,30
ORD,2025-07-28,49,16
ORD,2025-07-28,50,27
ORD,2025-07-28,51,50
ORD,2025-07-28,52,46
ORD,2025-07-28,53,37
ORD,2025-07-28,54,24
ORD,2025-07-28,55,30
ORD,2025-07-28,56,45
ORD,2025-07-28,57,38
ORD,2025-07-28,58,29
ORD,2025-07-28,59,39
ORD,2025-07-28,60,19
ORD,2025-07-28,61,16
ORD,2025-07-28,62,32
ORD,2025-07-28,63,36
ORD,2025-07-28,64,34
ORD,2025-07-28,65,21
ORD,2025-07-28,66,24
ORD,2025-07-28,67,63
ORD,2025-07-28,68,55
ORD,2025-07-28,69,12
ORD,2025-07-28,70,13
ORD,2025-07-28,71,44
ORD,2025-07-28,72,29
ORD,2025-07-28,73,54
ORD,2025-07-28,74,50
ORD,2025-07-28,75,48
ORD,2025-07-28,76,17
ORD,2025-07-28,77,21
ORD,2025-07-28,78,42
ORD,2025-07-28,79,44
ORD,2025-07-28,80,39
ORD,2025-07-28,81,47
ORD,2025-07-28,82,16
ORD,2025-07-28,83,21
ORD,2025-07-28,84,29
ORD,2025-07-28,85,39
ORD,2025-07-28,86,20
ORD,2025-07-28,87,7
ORD,2025-07-28,88,19
ORD,2025-07-28,89,12
ORD,2025-07-28,90,9
ORD,2025-07-28,91,7
ORD,2025-07-28,92,6
ORD,2025-07-28,93,1
ORD,2025-07-28,94,9
ORD,2025-07-28,95,6
ORD,2025-07-29,0,2
ORD,2025-07-29,1,4
ORD,2025-07-29,2,1
ORD,2025-07-29,3,4
ORD,2025-07-29,18,2
ORD,2025-07-29,19,2
ORD,2025-07-29,20,7
ORD,2025-07-29,21,7
ORD,2025-07-29,22,5
ORD,2025-07-29,23,8
ORD,2025-07-29,24,26
ORD,2025-07-29,25,14
ORD,2025-07-29,26,11
ORD,2025-07-29,27,14
ORD,2025-07-29,28,53
ORD,2025-07-29,29,36
ORD,2025-07-29,30,35
ORD,2025-07-29,31,27
ORD,2025-07-29,32,39
ORD,2025-07-29,33,21
ORD,2025-07-29,34,24
ORD,2025-07-29,35,56
ORD,2025-07-29,36,36
ORD,2025-07-29,37,31
ORD,2025-07-29,38,35
ORD,2025-07-29,39,42
ORD,2025-07-29,40,28
ORD,2025-07-29,41,10
ORD,2025-07-29,42,31
ORD,2025-07-29,43,42
ORD,2025-07-29,44,30
ORD,2025-07-29,45,14
ORD,2025-07-29,46,22
ORD,2025-07-29,47,38
ORD,2025-07-29,48,31
ORD,2025-07-29,49,13
ORD,2025-07-29,50,28
ORD,2025-07-29,51,47
ORD,2025-07-29,52,43
ORD,2025-07-29,53,34
ORD,2025-07-29,54,24
ORD,2025-07-29,55,26
ORD,2025-07-29,56,44
ORD,2025-07-29,57,36
ORD,2025-07-29,58,30
ORD,2025-07-29,59,38
ORD,2025-07-29,60,17
ORD,2025-07-29,61,16
ORD,2025-07-29,62,28
ORD,2025-07-29,63,31
ORD,2025-07-29,64,33
ORD,2025-07-29,65,16
ORD,2025-07-29,66,23
ORD,2025-07-29,67,62
ORD,2025-07-29,68,49
ORD,2025-07-29,69,13
ORD,2025-07-29,70,15
ORD,2025-07-29,71,39
ORD,2025-07-29,72,26
ORD,2025-07-29,73,53
ORD,2025-07-29,74,45
ORD,2025-07-29,75,46
ORD,2025-07-29,76,17
ORD,2025-07-29,77,20
ORD,2025-07-29,78,41
ORD,2025-07-29,79,40
ORD,2025-07-29,80,34
ORD,2025-07-29,81,35
ORD,2025-07-29,82,18
ORD,2025-07-29,83,21
ORD,2025-07-29,84,27
ORD,2025-07-29,85,35
ORD,2025-07-29,86,19
ORD,2025-07-29,87,6
ORD,2025-07-29,88,19
ORD,2025-07-29,89,12
ORD,2025-07-29,90,9
ORD,2025-07-29,91,5
ORD,2025-07-29,92,8
ORD,2025-07-29,93,1
ORD,2025-07-29,94,8
ORD,2025-07-29,95,5
ORD,2025-07-30,0,2
ORD,2025-07-30,1,2
ORD,2025-07-30,2,1
ORD,2025-07-30,3,4
ORD,2025-07-30,18,2
ORD,2025-07-30,19,2
ORD,2025-07-30,20,7
ORD,2025-07-30,21,6
ORD,2025-07-30,22,4
ORD,2025-07-30,23,8
ORD,2025-07-30,24,25
ORD,2025-07-30,25,14
ORD,2025-07-30,26,11
ORD,2025-07-30,27,14
ORD,2025-07-30,28,53
ORD,2025-07-30,29,36
ORD,2025-07-30,30,36
ORD,2025-07-30,31,32
ORD,2025-07-30,32,42
ORD,2025-07-30,33,23
ORD,2025-07-30,34,26
ORD,2025-07-30,35,56
ORD,2025-07-30,36,38
ORD,2025-07-30,37,32
ORD,2025-07-30,38,32
ORD,2025-07-30,39,43
ORD,2025-07-30,40,28
ORD,2025-07-30,41,10
ORD,2025-07-30,42,34
ORD,2025-07-30,43,40
ORD,2025-07-30,44,30
ORD,2025-07-30,45,13
ORD,2025-07-30,46,23
ORD,2025-07-30,47,40
ORD,2025-07-30,48,28
ORD,2025-07-30,49,15
ORD,2025-07-30,50,27
ORD,2025-07-30,51,48
ORD,2025-07-30,52,46
ORD,2025-07-30,53,34
ORD,2025-07-30,54,25
ORD,2025-07-30,55,27
ORD,2025-07-30,56,45
ORD,2025-07-30,57,34
ORD,2025-07-30,58,27
ORD,2025-07-30,59,37
ORD,2025-07-30,60,16
ORD,2025-07-30,61,18
ORD,2025-07-30,62,27
ORD,2025-07-30,63,31
ORD,2025-07-30,64,32
ORD,2025-07-30,65,16
ORD,2025-07-30,66,24
ORD,2025-07-30,67,63
ORD,2025-07-30,68,51
ORD,2025-07-30,69,13
ORD,2025-07-30,70,13
ORD,2025-07-30,71,41
ORD,2025-07-30,72,28
ORD,2025-07-30,73,52
ORD,2025-07-30,74,47
ORD,2025-07-30,75,45
ORD,2025-07-30,76,18
ORD,2025-07-30,77,17
ORD,2025-07-30,78,42
ORD,2025-07-30,79,43
ORD,2025-07-30,80,35
ORD,2025-07-30,81,40
ORD,2025-07-30,82,18
ORD,2025-07-30,83,21
ORD,2025-07-30,84,25
ORD,2025-07-30,85,36
ORD,2025-07-30,86,19
ORD,2025-07-30,87,8
ORD,2025-07-30,88,19
ORD,2025-07-30,89,11
ORD,2025-07-30,90,11
ORD,2025-07-30,91,5
ORD,2025-07-30,92,7
ORD,2025-07-30,93,1
ORD,2025-07-30,94,7
ORD,2025-07-30,95,5
ORD,2025-07-31,0,2
ORD,2025-07-31,1,2
ORD,2025-07-31,2,1
ORD,2025-07-31,3,3
ORD,2025-07-31,4,1
ORD,2025-07-31,18,2
ORD,2025-07-31,19,3
ORD,2025-07-31,20,7
ORD,2025-07-31,21,6
ORD,2025-07-31,22,5
ORD,2025-07-31,23,8
ORD,2025-07-31,24,29
ORD,2025-07-31,25,15
ORD,2025-07-31,26,12
ORD,2025-07-31,27,15
ORD,2025-07-31,28,58
ORD,2025-07-31,29,43
ORD,2025-07-31,30,37
ORD,2025-07-31,31,32
ORD,2025-07-31,32,42
ORD,2025-07-31,33,23
ORD,2025-07-31,34,25
ORD,2025-07-31,35,58
ORD,2025-07-31,36,39
ORD,2025-07-31,37,32
ORD,2025-07-31,38,34
ORD,2025-07-31,39,44
ORD,2025-07-31,40,29
ORD,2025-07-31,41,11
ORD,2025-07-31,42,29
ORD,2025-07-31,43,42
ORD,2025-07-31,44,30
ORD,2025-07-31,45,17
ORD,2025-07-31,46,21
ORD,2025-07-31,47,40
ORD,2025-07-31,48,29
ORD,2025-07-31,49,17
ORD,2025-07-31,50,29
ORD,2025-07-31,51,49
ORD,2025-07-31,52,44
ORD,2025-07-31,53,39
ORD,2025-07-31,54,25
ORD,2025-07-31,55,26
ORD,2025-07-31,56,43
ORD,2025-07-31,57,35
ORD,2025-07-31,58,27
ORD,2025-07-31,59,40
ORD,2025-07-31,60,18
ORD,2025-07-31,61,17
ORD,2025-07-31,62,30
ORD,2025-07-31,63,35
ORD,2025-07-31,64,31
ORD,2025-07-31,65,20
ORD,2025-07-31,66,25
ORD,2025-07-31,67,60
ORD,2025-07-31,68,53
ORD,2025-07-31,69,12
ORD,2025-07-31,70,11
ORD,2025-07-31,71,39
ORD,2025-07-31,72,28
ORD,2025-07-31,73,53
ORD,2025-07-31,74,52
ORD,2025-07-31,75,48
ORD,2025-07-31,76,17
ORD,2025-07-31,77,17
ORD,2025-07-31,78,42
ORD,2025-07-31,79,43
ORD,2025-07-31,80,37
ORD,2025-07-31,81,44
ORD,2025-07-31,82,16
ORD,2025-07-31,83,18
ORD,2025-07-31,84,26
ORD,2025-07-31,85,36
ORD,2025-07-31,86,21
ORD,2025-07-31,87,8
ORD,2025-07-31,88,17
ORD,2025-07-31,89,12
ORD,2025-07-31,90,9
ORD,2025-07-31,91,5
ORD,2025-07-31,92,6
ORD,2025-07-31,94,9
ORD,2025-07-31,95,6
ORD,2025-08-01,0,3
ORD,2025-08-01,1,4
ORD,2025-08-01,2,1
ORD,2025-08-01,3,3
ORD,2025-08-01,18,2
ORD,2025-08-01,19,3
ORD,2025-08-01,21,4
ORD,2025-08-01,22,2
ORD,2025-08-01,23,5
ORD,2025-08-01,24,4
ORD,2025-08-01,25,3
ORD,2025-08-01,28,1
ORD,2025-08-01,34,1
ORD,2025-08-01,37,1
