airport,date,bin,load
ATL,2025-07-01,20,1
ATL,2025-07-01,21,1
ATL,2025-07-01,22,1
ATL,2025-07-01,23,1
ATL,2025-07-01,24,8
ATL,2025-07-01,25,4
ATL,2025-07-01,26,5
ATL,2025-07-01,27,9
ATL,2025-07-01,28,12
ATL,2025-07-01,29,26
ATL,2025-07-01,30,26
ATL,2025-07-01,31,24
ATL,2025-07-01,32,37
ATL,2025-07-01,33,37
ATL,2025-07-01,34,38
ATL,2025-07-01,35,37
ATL,2025-07-01,36,37
ATL,2025-07-01,37,34
ATL,2025-07-01,38,36
ATL,2025-07-01,39,32
ATL,2025-07-01,40,33
ATL,2025-07-01,41,22
ATL,2025-07-01,42,22
ATL,2025-07-01,43,20
ATL,2025-07-01,44,37
ATL,2025-07-01,45,26
ATL,2025-07-01,46,20
ATL,2025-07-01,47,24
ATL,2025-07-01,48,13
ATL,2025-07-01,49,24
ATL,2025-07-01,50,29
ATL,2025-07-01,51,25
ATL,2025-07-01,52,25
ATL,2025-07-01,53,22
ATL,2025-07-01,54,21
ATL,2025-07-01,55,33
ATL,2025-07-01,56,30
ATL,2025-07-01,57,27
ATL,2025-07-01,58,28
ATL,2025-07-01,59,28
ATL,2025-07-01,60,22
ATL,2025-07-01,61,37
ATL,2025-07-01,62,33
ATL,2025-07-01,63,29
ATL,2025-07-01,64,24
ATL,2025-07-01,65,23
ATL,2025-07-01,66,20
ATL,2025-07-01,67,27
ATL,2025-07-01,68,22
ATL,2025-07-01,69,19
ATL,2025-07-01,70,20
ATL,2025-07-01,71,25
ATL,2025-07-01,72,23
ATL,2025-07-01,73,22
ATL,2025-07-01,74,22
ATL,2025-07-01,75,25
ATL,2025-07-01,76,21
ATL,2025-07-01,77,28
ATL,2025-07-01,78,31
ATL,2025-07-01,79,35
ATL,2025-07-01,80,13
ATL,2025-07-01,81,33
ATL,2025-07-01,82,28
ATL,2025-07-01,83,24
ATL,2025-07-01,84,15
ATL,2025-07-01,85,18
ATL,2025-07-01,86,26
ATL,2025-07-01,87,37
ATL,2025-07-01,88,6
ATL,2025-07-01,89,8
ATL,2025-07-01,90,13
ATL,2025-07-01,91,29
ATL,2025-07-01,92,19
ATL,2025-07-01,93,5
ATL,2025-07-01,94,3
ATL,2025-07-01,95,3
ATL,2025-07-02,1,4
ATL,2025-07-02,2,1
ATL,2025-07-02,3,1
ATL,2025-07-02,20,6
ATL,2025-07-02,21,3
ATL,2025-07-02,22,3
ATL,2025-07-02,23,3
ATL,2025-07-02,24,12
ATL,2025-07-02,25,9
ATL,2025-07-02,26,7
ATL,2025-07-02,27,11
ATL,2025-07-02,28,14
ATL,2025-07-02,29,26
ATL,2025-07-02,30,27
ATL,2025-07-02,31,23
ATL,2025-07-02,32,36
ATL,2025-07-02,33,36
ATL,2025-07-02,34,37
ATL,2025-07-02,35,36
ATL,2025-07-02,36,36
ATL,2025-07-02,37,33
ATL,2025-07-02,38,36
ATL,2025-07-02,39,32
ATL,2025-07-02,40,33
ATL,2025-07-02,41,22
ATL,2025-07-02,42,24
ATL,2025-07-02,43,19
ATL,2025-07-02,44,36
ATL,2025-07-02,45,25
ATL,2025-07-02,46,20
ATL,2025-07-02,47,24
ATL,2025-07-02,48,15
ATL,2025-07-02,49,23
ATL,2025-07-02,50,27
ATL,2025-07-02,51,25
ATL,2025-07-02,52,22
ATL,2025-07-02,53,20
ATL,2025-07-02,54,22
ATL,2025-07-02,55,31
ATL,2025-07-02,56,31
ATL,2025-07-02,57,27
ATL,2025-07-02,58,32
ATL,2025-07-02,59,30
ATL,2025-07-02,60,28
ATL,2025-07-02,61,36
ATL,2025-07-02,62,36
ATL,2025-07-02,63,32
ATL,2025-07-02,64,27
ATL,2025-07-02,65,22
ATL,2025-07-02,66,21
ATL,2025-07-02,67,35
ATL,2025-07-02,68,23
ATL,2025-07-02,69,22
ATL,2025-07-02,70,18
ATL,2025-07-02,71,28
ATL,2025-07-02,72,24
ATL,2025-07-02,73,25
ATL,2025-07-02,74,19
ATL,2025-07-02,75,26
ATL,2025-07-02,76,27
ATL,2025-07-02,77,31
ATL,2025-07-02,78,35
ATL,2025-07-02,79,36
ATL,2025-07-02,80,18
ATL,2025-07-02,81,33
ATL,2025-07-02,82,31
ATL,2025-07-02,83,26
ATL,2025-07-02,84,14
ATL,2025-07-02,85,19
ATL,2025-07-02,86,30
ATL,2025-07-02,87,36
ATL,2025-07-02,88,11
ATL,2025-07-02,89,11
ATL,2025-07-02,90,13
ATL,2025-07-02,91,28
ATL,2025-07-02,92,21
ATL,2025-07-02,93,7
ATL,2025-07-02,94,4
ATL,2025-07-02,95,4
ATL,2025-07-03,1,4
ATL,2025-07-03,2,1
ATL,2025-07-03,3,1
ATL,2025-07-03,20,7
ATL,2025-07-03,21,4
ATL,2025-07-03,22,5
ATL,2025-07-03,23,2
ATL,2025-07-03,24,14
ATL,2025-07-03,25,8
ATL,2025-07-03,26,6
ATL,2025-07-03,27,12
ATL,2025-07-03,28,16
ATL,2025-07-03,29,28
ATL,2025-07-03,30,25
ATL,2025-07-03,31,23
ATL,2025-07-03,32,40
ATL,2025-07-03,33,40
ATL,2025-07-03,34,41
ATL,2025-07-03,35,40
ATL,2025-07-03,36,40
ATL,2025-07-03,37,36
ATL,2025-07-03,38,40
ATL,2025-07-03,39,32
ATL,2025-07-03,40,36
ATL,2025-07-03,41,22
ATL,2025-07-03,42,22
ATL,2025-07-03,43,17
ATL,2025-07-03,44,36
ATL,2025-07-03,45,27
ATL,2025-07-03,46,22
ATL,2025-07-03,47,21
ATL,2025-07-03,48,14
ATL,2025-07-03,49,22
ATL,2025-07-03,50,27
ATL,2025-07-03,51,25
ATL,2025-07-03,52,24
ATL,2025-07-03,53,25
ATL,2025-07-03,54,22
ATL,2025-07-03,55,33
ATL,2025-07-03,56,30
ATL,2025-07-03,57,36
ATL,2025-07-03,58,30
ATL,2025-07-03,59,27
ATL,2025-07-03,60,23
ATL,2025-07-03,61,40
ATL,2025-07-03,62,40
ATL,2025-07-03,63,33
ATL,2025-07-03,64,27
ATL,2025-07-03,65,25
ATL,2025-07-03,66,23
ATL,2025-07-03,67,32
ATL,2025-07-03,68,21
ATL,2025-07-03,69,22
ATL,2025-07-03,70,21
ATL,2025-07-03,71,27
ATL,2025-07-03,72,28
ATL,2025-07-03,73,25
ATL,2025-07-03,74,24
ATL,2025-07-03,75,27
ATL,2025-07-03,76,22
ATL,2025-07-03,77,31
ATL,2025-07-03,78,36
ATL,2025-07-03,79,34
ATL,2025-07-03,80,18
ATL,2025-07-03,81,37
ATL,2025-07-03,82,33
ATL,2025-07-03,83,27
ATL,2025-07-03,84,19
ATL,2025-07-03,85,23
ATL,2025-07-03,86,31
ATL,2025-07-03,87,40
ATL,2025-07-03,88,10
ATL,2025-07-03,89,11
ATL,2025-07-03,90,13
ATL,2025-07-03,91,31
ATL,2025-07-03,92,17
ATL,2025-07-03,93,5
ATL,2025-07-03,94,7
ATL,2025-07-03,95,5
ATL,2025-07-04,1,4
ATL,2025-07-04,2,1
ATL,2025-07-04,3,1
ATL,2025-07-04,20,8
ATL,2025-07-04,21,4
ATL,2025-07-04,22,5
ATL,2025-07-04,23,2
ATL,2025-07-04,24,11
ATL,2025-07-04,25,6
ATL,2025-07-04,26,9
ATL,2025-07-04,27,9
ATL,2025-07-04,28,12
ATL,2025-07-04,29,28
ATL,2025-07-04,30,25
ATL,2025-07-04,31,18
ATL,2025-07-04,32,37
ATL,2025-07-04,33,37
ATL,2025-07-04,34,38
ATL,2025-07-04,35,37
ATL,2025-07-04,36,37
ATL,2025-07-04,37,35
ATL,2025-07-04,38,34
ATL,2025-07-04,39,21
ATL,2025-07-04,40,32
ATL,2025-07-04,41,19
ATL,2025-07-04,42,24
ATL,2025-07-04,43,13
ATL,2025-07-04,44,36
ATL,2025-07-04,45,23
ATL,2025-07-04,46,21
ATL,2025-07-04,47,19
ATL,2025-07-04,48,15
ATL,2025-07-04,49,21
ATL,2025-07-04,50,25
ATL,2025-07-04,51,24
ATL,2025-07-04,52,25
ATL,2025-07-04,53,20
ATL,2025-07-04,54,21
ATL,2025-07-04,55,29
ATL,2025-07-04,56,31
ATL,2025-07-04,57,27
ATL,2025-07-04,58,34
ATL,2025-07-04,59,24
ATL,2025-07-04,60,24
ATL,2025-07-04,61,37
ATL,2025-07-04,62,33
ATL,2025-07-04,63,30
ATL,2025-07-04,64,25
ATL,2025-07-04,65,22
ATL,2025-07-04,66,20
ATL,2025-07-04,67,28
ATL,2025-07-04,68,19
ATL,2025-07-04,69,14
ATL,2025-07-04,70,15
ATL,2025-07-04,71,17
ATL,2025-07-04,72,18
ATL,2025-07-04,73,19
ATL,2025-07-04,74,17
ATL,2025-07-04,75,18
ATL,2025-07-04,76,26
ATL,2025-07-04,77,34
ATL,2025-07-04,78,33
ATL,2025-07-04,79,32
ATL,2025-07-04,80,12
ATL,2025-07-04,81,23
ATL,2025-07-04,82,23
ATL,2025-07-04,83,9
ATL,2025-07-04,84,6
ATL,2025-07-04,85,19
ATL,2025-07-04,86,23
ATL,2025-07-04,87,23
ATL,2025-07-04,88,3
ATL,2025-07-04,89,12
ATL,2025-07-04,90,12
ATL,2025-07-04,91,21
ATL,2025-07-04,92,14
ATL,2025-07-04,93,6
ATL,2025-07-04,94,1
ATL,2025-07-04,95,1
ATL,2025-07-05,1,2
ATL,2025-07-05,2,1
ATL,2025-07-05,3,1
ATL,2025-07-05,20,7
ATL,2025-07-05,21,2
ATL,2025-07-05,22,2
ATL,2025-07-05,23,2
ATL,2025-07-05,24,10
ATL,2025-07-05,25,4
ATL,2025-07-05,26,6
ATL,2025-07-05,27,9
ATL,2025-07-05,28,13
ATL,2025-07-05,29,27
ATL,2025-07-05,30,22
ATL,2025-07-05,31,24
ATL,2025-07-05,32,34
ATL,2025-07-05,33,34
ATL,2025-07-05,34,35
ATL,2025-07-05,35,35
ATL,2025-07-05,36,34
ATL,2025-07-05,37,34
ATL,2025-07-05,38,30
ATL,2025-07-05,39,30
ATL,2025-07-05,40,34
ATL,2025-07-05,41,23
ATL,2025-07-05,42,22
ATL,2025-07-05,43,20
ATL,2025-07-05,44,34
ATL,2025-07-05,45,23
ATL,2025-07-05,46,20
ATL,2025-07-05,47,20
ATL,2025-07-05,48,12
ATL,2025-07-05,49,25
ATL,2025-07-05,50,20
ATL,2025-07-05,51,28
ATL,2025-07-05,52,24
ATL,2025-07-05,53,26
ATL,2025-07-05,54,22
ATL,2025-07-05,55,33
ATL,2025-07-05,56,32
ATL,2025-07-05,57,17
ATL,2025-07-05,58,26
ATL,2025-07-05,59,30
ATL,2025-07-05,60,26
ATL,2025-07-05,61,34
ATL,2025-07-05,62,28
ATL,2025-07-05,63,31
ATL,2025-07-05,64,27
ATL,2025-07-05,65,19
ATL,2025-07-05,66,22
ATL,2025-07-05,67,31
ATL,2025-07-05,68,22
ATL,2025-07-05,69,13
ATL,2025-07-05,70,18
ATL,2025-07-05,71,29
ATL,2025-07-05,72,24
ATL,2025-07-05,73,28
ATL,2025-07-05,74,29
ATL,2025-07-05,75,20
ATL,2025-07-05,76,23
ATL,2025-07-05,77,32
ATL,2025-07-05,78,33
ATL,2025-07-05,79,34
ATL,2025-07-05,80,21
ATL,2025-07-05,81,29
ATL,2025-07-05,82,26
ATL,2025-07-05,83,24
ATL,2025-07-05,84,17
ATL,2025-07-05,85,13
ATL,2025-07-05,86,33
ATL,2025-07-05,87,27
ATL,2025-07-05,88,12
ATL,2025-07-05,89,7
ATL,2025-07-05,90,14
ATL,2025-07-05,91,27
ATL,2025-07-05,92,21
ATL,2025-07-05,93,6
ATL,2025-07-05,94,3
ATL,2025-07-05,95,6
ATL,2025-07-06,1,5
ATL,2025-07-06,2,1
ATL,2025-07-06,20,7
ATL,2025-07-06,21,3
ATL,2025-07-06,22,3
ATL,2025-07-06,23,2
ATL,2025-07-06,24,11
ATL,2025-07-06,25,11
ATL,2025-07-06,26,8
ATL,2025-07-06,27,10
ATL,2025-07-06,28,18
ATL,2025-07-06,29,38
ATL,2025-07-06,30,38
ATL,2025-07-06,31,26
ATL,2025-07-06,32,42
ATL,2025-07-06,33,42
ATL,2025-07-06,34,43
ATL,2025-07-06,35,42
ATL,2025-07-06,36,42
ATL,2025-07-06,37,36
ATL,2025-07-06,38,32
ATL,2025-07-06,39,35
ATL,2025-07-06,40,39
ATL,2025-07-06,41,22
ATL,2025-07-06,42,26
ATL,2025-07-06,43,14
ATL,2025-07-06,44,39
ATL,2025-07-06,45,27
ATL,2025-07-06,46,31
ATL,2025-07-06,47,25
ATL,2025-07-06,48,16
ATL,2025-07-06,49,27
ATL,2025-07-06,50,35
ATL,2025-07-06,51,31
ATL,2025-07-06,52,26
ATL,2025-07-06,53,24
ATL,2025-07-06,54,27
ATL,2025-07-06,55,38
ATL,2025-07-06,56,33
ATL,2025-07-06,57,29
ATL,2025-07-06,58,36
ATL,2025-07-06,59,34
ATL,2025-07-06,60,21
ATL,2025-07-06,61,42
ATL,2025-07-06,62,40
ATL,2025-07-06,63,37
ATL,2025-07-06,64,33
ATL,2025-07-06,65,27
ATL,2025-07-06,66,28
ATL,2025-07-06,67,40
ATL,2025-07-06,68,27
ATL,2025-07-06,69,32
ATL,2025-07-06,70,22
ATL,2025-07-06,71,28
ATL,2025-07-06,72,26
ATL,2025-07-06,73,25
ATL,2025-07-06,74,26
ATL,2025-07-06,75,30
ATL,2025-07-06,76,20
ATL,2025-07-06,77,33
ATL,2025-07-06,78,39
ATL,2025-07-06,79,41
ATL,2025-07-06,80,22
ATL,2025-07-06,81,42
ATL,2025-07-06,82,41
ATL,2025-07-06,83,37
ATL,2025-07-06,84,28
ATL,2025-07-06,85,29
ATL,2025-07-06,86,42
ATL,2025-07-06,87,42
ATL,2025-07-06,88,29
ATL,2025-07-06,89,28
ATL,2025-07-06,90,17
ATL,2025-07-06,91,38
ATL,2025-07-06,92,31
ATL,2025-07-06,93,9
ATL,2025-07-06,94,6
ATL,2025-07-06,95,10
ATL,2025-07-07,0,1
ATL,2025-07-07,1,4
ATL,2025-07-07,2,1
ATL,2025-07-07,3,1
ATL,2025-07-07,6,1
ATL,2025-07-07,17,1
ATL,2025-07-07,20,10
ATL,2025-07-07,21,4
ATL,2025-07-07,22,5
ATL,2025-07-07,23,3
ATL,2025-07-07,24,15
ATL,2025-07-07,25,17
ATL,2025-07-07,26,8
ATL,2025-07-07,27,8
ATL,2025-07-07,28,21
ATL,2025-07-07,29,34
ATL,2025-07-07,30,41
ATL,2025-07-07,31,26
ATL,2025-07-07,32,41
ATL,2025-07-07,33,41
ATL,2025-07-07,34,42
ATL,2025-07-07,35,42
ATL,2025-07-07,36,41
ATL,2025-07-07,37,41
ATL,2025-07-07,38,37
ATL,2025-07-07,39,32
ATL,2025-07-07,40,41
ATL,2025-07-07,41,25
ATL,2025-07-07,42,27
ATL,2025-07-07,43,19
ATL,2025-07-07,44,39
ATL,2025-07-07,45,28
ATL,2025-07-07,46,29
ATL,2025-07-07,47,24
ATL,2025-07-07,48,20
ATL,2025-07-07,49,24
ATL,2025-07-07,50,28
ATL,2025-07-07,51,41
ATL,2025-07-07,52,20
ATL,2025-07-07,53,26
ATL,2025-07-07,54,18
ATL,2025-07-07,55,40
ATL,2025-07-07,56,39
ATL,2025-07-07,57,29
ATL,2025-07-07,58,38
ATL,2025-07-07,59,30
ATL,2025-07-07,60,24
ATL,2025-07-07,61,41
ATL,2025-07-07,62,39
ATL,2025-07-07,63,38
ATL,2025-07-07,64,30
ATL,2025-07-07,65,27
ATL,2025-07-07,66,25
ATL,2025-07-07,67,41
ATL,2025-07-07,68,29
ATL,2025-07-07,69,36
ATL,2025-07-07,70,16
ATL,2025-07-07,71,29
ATL,2025-07-07,72,24
ATL,2025-07-07,73,28
ATL,2025-07-07,74,26
ATL,2025-07-07,75,32
ATL,2025-07-07,76,18
ATL,2025-07-07,77,28
ATL,2025-07-07,78,36
ATL,2025-07-07,79,40
ATL,2025-07-07,80,27
ATL,2025-07-07,81,36
ATL,2025-07-07,82,40
ATL,2025-07-07,83,41
ATL,2025-07-07,84,22
ATL,2025-07-07,85,35
ATL,2025-07-07,86,35
ATL,2025-07-07,87,40
ATL,2025-07-07,88,33
ATL,2025-07-07,89,33
ATL,2025-07-07,90,14
ATL,2025-07-07,91,35
ATL,2025-07-07,92,27
ATL,2025-07-07,93,13
ATL,2025-07-07,94,7
ATL,2025-07-07,95,10
ATL,2025-07-08,1,3
ATL,2025-07-08,2,2
ATL,2025-07-08,3,1
ATL,2025-07-08,6,1
ATL,2025-07-08,18,1
ATL,2025-07-08,20,7
ATL,2025-07-08,21,4
ATL,2025-07-08,22,3
ATL,2025-07-08,23,4
ATL,2025-07-08,24,17
ATL,2025-07-08,25,16
ATL,2025-07-08,26,9
ATL,2025-07-08,27,8
ATL,2025-07-08,28,20
ATL,2025-07-08,29,35
ATL,2025-07-08,30,38
ATL,2025-07-08,31,30
ATL,2025-07-08,32,38
ATL,2025-07-08,33,38
ATL,2025-07-08,34,39
ATL,2025-07-08,35,39
ATL,2025-07-08,36,38
ATL,2025-07-08,37,38
ATL,2025-07-08,38,36
ATL,2025-07-08,39,31
ATL,2025-07-08,40,37
ATL,2025-07-08,41,23
ATL,2025-07-08,42,29
ATL,2025-07-08,43,22
ATL,2025-07-08,44,38
ATL,2025-07-08,45,29
ATL,2025-07-08,46,27
ATL,2025-07-08,47,28
ATL,2025-07-08,48,20
ATL,2025-07-08,49,23
ATL,2025-07-08,50,31
ATL,2025-07-08,51,38
ATL,2025-07-08,52,22
ATL,2025-07-08,53,23
ATL,2025-07-08,54,19
ATL,2025-07-08,55,38
ATL,2025-07-08,56,34
ATL,2025-07-08,57,25
ATL,2025-07-08,58,35
ATL,2025-07-08,59,31
ATL,2025-07-08,60,25
ATL,2025-07-08,61,38
ATL,2025-07-08,62,38
ATL,2025-07-08,63,37
ATL,2025-07-08,64,29
ATL,2025-07-08,65,27
ATL,2025-07-08,66,25
ATL,2025-07-08,67,37
ATL,2025-07-08,68,33
ATL,2025-07-08,69,31
ATL,2025-07-08,70,14
ATL,2025-07-08,71,26
ATL,2025-07-08,72,19
ATL,2025-07-08,73,26
ATL,2025-07-08,74,29
ATL,2025-07-08,75,27
ATL,2025-07-08,76,25
ATL,2025-07-08,77,27
ATL,2025-07-08,78,33
ATL,2025-07-08,79,33
ATL,2025-07-08,80,21
ATL,2025-07-08,81,33
ATL,2025-07-08,82,38
ATL,2025-07-08,83,33
ATL,2025-07-08,84,18
ATL,2025-07-08,85,25
ATL,2025-07-08,86,26
ATL,2025-07-08,87,38
ATL,2025-07-08,88,10
ATL,2025-07-08,89,10
ATL,2025-07-08,90,17
ATL,2025-07-08,91,30
ATL,2025-07-08,92,17
ATL,2025-07-08,93,6
ATL,2025-07-08,94,3
ATL,2025-07-08,95,4
ATL,2025-07-09,0,1
ATL,2025-07-09,1,3
ATL,2025-07-09,2,2
ATL,2025-07-09,3,1
ATL,2025-07-09,20,5
ATL,2025-07-09,21,4
ATL,2025-07-09,22,2
ATL,2025-07-09,23,2
ATL,2025-07-09,24,15
ATL,2025-07-09,25,13
ATL,2025-07-09,26,9
ATL,2025-07-09,27,8
ATL,2025-07-09,28,20
ATL,2025-07-09,29,33
ATL,2025-07-09,30,37
ATL,2025-07-09,31,27
ATL,2025-07-09,32,37
ATL,2025-07-09,33,37
ATL,2025-07-09,34,38
ATL,2025-07-09,35,37
ATL,2025-07-09,36,37
ATL,2025-07-09,37,37
ATL,2025-07-09,38,36
ATL,2025-07-09,39,30
ATL,2025-07-09,40,37
ATL,2025-07-09,41,21
ATL,2025-07-09,42,29
ATL,2025-07-09,43,24
ATL,2025-07-09,44,37
ATL,2025-07-09,45,29
ATL,2025-07-09,46,28
ATL,2025-07-09,47,27
ATL,2025-07-09,48,23
ATL,2025-07-09,49,23
ATL,2025-07-09,50,30
ATL,2025-07-09,51,37
ATL,2025-07-09,52,19
ATL,2025-07-09,53,23
ATL,2025-07-09,54,19
ATL,2025-07-09,55,37
ATL,2025-07-09,56,33
ATL,2025-07-09,57,24
ATL,2025-07-09,58,37
ATL,2025-07-09,59,31
ATL,2025-07-09,60,26
ATL,2025-07-09,61,37
ATL,2025-07-09,62,37
ATL,2025-07-09,63,34
ATL,2025-07-09,64,32
ATL,2025-07-09,65,27
ATL,2025-07-09,66,25
ATL,2025-07-09,67,37
ATL,2025-07-09,68,30
ATL,2025-07-09,69,30
ATL,2025-07-09,70,15
ATL,2025-07-09,71,28
ATL,2025-07-09,72,17
ATL,2025-07-09,73,25
ATL,2025-07-09,74,28
ATL,2025-07-09,75,27
ATL,2025-07-09,76,26
ATL,2025-07-09,77,27
ATL,2025-07-09,78,33
ATL,2025-07-09,79,33
ATL,2025-07-09,80,21
ATL,2025-07-09,81,36
ATL,2025-07-09,82,37
ATL,2025-07-09,83,34
ATL,2025-07-09,84,18
ATL,2025-07-09,85,26
ATL,2025-07-09,86,29
ATL,2025-07-09,87,37
ATL,2025-07-09,88,10
ATL,2025-07-09,89,9
ATL,2025-07-09,90,18
ATL,2025-07-09,91,31
ATL,2025-07-09,92,17
ATL,2025-07-09,93,8
ATL,2025-07-09,94,5
ATL,2025-07-09,95,7
ATL,2025-07-10,2,2
ATL,2025-07-10,3,1
ATL,2025-07-10,20,6
ATL,2025-07-10,21,3
ATL,2025-07-10,22,2
ATL,2025-07-10,23,4
ATL,2025-07-10,24,16
ATL,2025-07-10,25,12
ATL,2025-07-10,26,9
ATL,2025-07-10,27,10
ATL,2025-07-10,28,18
ATL,2025-07-10,29,35
ATL,2025-07-10,30,39
ATL,2025-07-10,31,26
ATL,2025-07-10,32,40
ATL,2025-07-10,33,40
ATL,2025-07-10,34,41
ATL,2025-07-10,35,40
ATL,2025-07-10,36,40
ATL,2025-07-10,37,40
ATL,2025-07-10,38,37
ATL,2025-07-10,39,31
ATL,2025-07-10,40,40
ATL,2025-07-10,41,25
ATL,2025-07-10,42,27
ATL,2025-07-10,43,19
ATL,2025-07-10,44,40
ATL,2025-07-10,45,30
ATL,2025-07-10,46,29
ATL,2025-07-10,47,24
ATL,2025-07-10,48,21
ATL,2025-07-10,49,23
ATL,2025-07-10,50,28
ATL,2025-07-10,51,40
ATL,2025-07-10,52,21
ATL,2025-07-10,53,26
ATL,2025-07-10,54,19
ATL,2025-07-10,55,40
ATL,2025-07-10,56,37
ATL,2025-07-10,57,29
ATL,2025-07-10,58,34
ATL,2025-07-10,59,29
ATL,2025-07-10,60,23
ATL,2025-07-10,61,40
ATL,2025-07-10,62,39
ATL,2025-07-10,63,35
ATL,2025-07-10,64,31
ATL,2025-07-10,65,27
ATL,2025-07-10,66,27
ATL,2025-07-10,67,40
ATL,2025-07-10,68,28
ATL,2025-07-10,69,34
ATL,2025-07-10,70,19
ATL,2025-07-10,71,28
ATL,2025-07-10,72,26
ATL,2025-07-10,73,24
ATL,2025-07-10,74,26
ATL,2025-07-10,75,33
ATL,2025-07-10,76,19
ATL,2025-07-10,77,27
ATL,2025-07-10,78,36
ATL,2025-07-10,79,38
ATL,2025-07-10,80,30
ATL,2025-07-10,81,37
ATL,2025-07-10,82,39
ATL,2025-07-10,83,40
ATL,2025-07-10,84,28
ATL,2025-07-10,85,34
ATL,2025-07-10,86,36
ATL,2025-07-10,87,39
ATL,2025-07-10,88,33
ATL,2025-07-10,89,32
ATL,2025-07-10,90,15
ATL,2025-07-10,91,34
ATL,2025-07-10,92,27
ATL,2025-07-10,93,14
ATL,2025-07-10,94,7
ATL,2025-07-10,95,9
ATL,2025-07-11,2,3
ATL,2025-07-11,3,1
ATL,2025-07-11,6,1
ATL,2025-07-11,18,1
ATL,2025-07-11,20,7
ATL,2025-07-11,21,4
ATL,2025-07-11,22,3
ATL,2025-07-11,23,5
ATL,2025-07-11,24,15
ATL,2025-07-11,25,14
ATL,2025-07-11,26,8
ATL,2025-07-11,27,10
ATL,2025-07-11,28,21
ATL,2025-07-11,29,35
ATL,2025-07-11,30,40
ATL,2025-07-11,31,24
ATL,2025-07-11,32,40
ATL,2025-07-11,33,40
ATL,2025-07-11,34,41
ATL,2025-07-11,35,40
ATL,2025-07-11,36,40
ATL,2025-07-11,37,40
ATL,2025-07-11,38,37
ATL,2025-07-11,39,30
ATL,2025-07-11,40,40
ATL,2025-07-11,41,25
ATL,2025-07-11,42,27
ATL,2025-07-11,43,17
ATL,2025-07-11,44,39
ATL,2025-07-11,45,30
ATL,2025-07-11,46,29
ATL,2025-07-11,47,24
ATL,2025-07-11,48,21
ATL,2025-07-11,49,25
ATL,2025-07-11,50,27
ATL,2025-07-11,51,40
ATL,2025-07-11,52,22
ATL,2025-07-11,53,25
ATL,2025-07-11,54,19
ATL,2025-07-11,55,40
ATL,2025-07-11,56,39
ATL,2025-07-11,57,28
ATL,2025-07-11,58,36
ATL,2025-07-11,59,29
ATL,2025-07-11,60,23
ATL,2025-07-11,61,40
ATL,2025-07-11,62,40
ATL,2025-07-11,63,34
ATL,2025-07-11,64,31
ATL,2025-07-11,65,27
ATL,2025-07-11,66,25
ATL,2025-07-11,67,40
ATL,2025-07-11,68,28
ATL,2025-07-11,69,33
ATL,2025-07-11,70,15
ATL,2025-07-11,71,28
ATL,2025-07-11,72,26
ATL,2025-07-11,73,25
ATL,2025-07-11,74,26
ATL,2025-07-11,75,31
ATL,2025-07-11,76,19
ATL,2025-07-11,77,26
ATL,2025-07-11,78,35
ATL,2025-07-11,79,35
ATL,2025-07-11,80,29
ATL,2025-07-11,81,33
ATL,2025-07-11,82,39
ATL,2025-07-11,83,40
ATL,2025-07-11,84,25
ATL,2025-07-11,85,35
ATL,2025-07-11,86,31
ATL,2025-07-11,87,40
ATL,2025-07-11,88,31
ATL,2025-07-11,89,30
ATL,2025-07-11,90,11
ATL,2025-07-11,91,31
ATL,2025-07-11,92,22
ATL,2025-07-11,93,12
ATL,2025-07-11,94,7
ATL,2025-07-11,95,10
ATL,2025-07-12,2,3
ATL,2025-07-12,3,1
ATL,2025-07-12,6,1
ATL,2025-07-12,18,1
ATL,2025-07-12,20,8
ATL,2025-07-12,21,4
ATL,2025-07-12,22,3
ATL,2025-07-12,23,4
ATL,2025-07-12,24,14
ATL,2025-07-12,25,12
ATL,2025-07-12,26,8
ATL,2025-07-12,27,6
ATL,2025-07-12,28,14
ATL,2025-07-12,29,31
ATL,2025-07-12,30,25
ATL,2025-07-12,31,27
ATL,2025-07-12,32,31
ATL,2025-07-12,33,31
ATL,2025-07-12,34,32
ATL,2025-07-12,35,32
ATL,2025-07-12,36,31
ATL,2025-07-12,37,31
ATL,2025-07-12,38,30
ATL,2025-07-12,39,30
ATL,2025-07-12,40,31
ATL,2025-07-12,41,29
ATL,2025-07-12,42,29
ATL,2025-07-12,43,23
ATL,2025-07-12,44,31
ATL,2025-07-12,45,29
ATL,2025-07-12,46,23
ATL,2025-07-12,47,18
ATL,2025-07-12,48,17
ATL,2025-07-12,49,22
ATL,2025-07-12,50,22
ATL,2025-07-12,51,31
ATL,2025-07-12,52,23
ATL,2025-07-12,53,22
ATL,2025-07-12,54,22
ATL,2025-07-12,55,31
ATL,2025-07-12,56,28
ATL,2025-07-12,57,24
ATL,2025-07-12,58,31
ATL,2025-07-12,59,29
ATL,2025-07-12,60,25
ATL,2025-07-12,61,31
ATL,2025-07-12,62,27
ATL,2025-07-12,63,31
ATL,2025-07-12,64,28
ATL,2025-07-12,65,26
ATL,2025-07-12,66,21
ATL,2025-07-12,67,28
ATL,2025-07-12,68,20
ATL,2025-07-12,69,21
ATL,2025-07-12,70,14
ATL,2025-07-12,71,31
ATL,2025-07-12,72,23
ATL,2025-07-12,73,25
ATL,2025-07-12,74,30
ATL,2025-07-12,75,20
ATL,2025-07-12,76,23
ATL,2025-07-12,77,30
ATL,2025-07-12,78,29
ATL,2025-07-12,79,30
ATL,2025-07-12,80,19
ATL,2025-07-12,81,30
ATL,2025-07-12,82,26
ATL,2025-07-12,83,31
ATL,2025-07-12,84,15
ATL,2025-07-12,85,31
ATL,2025-07-12,86,23
ATL,2025-07-12,87,24
ATL,2025-07-12,88,10
ATL,2025-07-12,89,9
ATL,2025-07-12,90,18
ATL,2025-07-12,91,23
ATL,2025-07-12,92,17
ATL,2025-07-12,93,5
ATL,2025-07-12,94,2
ATL,2025-07-12,95,6
ATL,2025-07-13,1,1
ATL,2025-07-13,2,2
ATL,2025-07-13,20,5
ATL,2025-07-13,21,2
ATL,2025-07-13,22,1
ATL,2025-07-13,23,4
ATL,2025-07-13,24,10
ATL,2025-07-13,25,13
ATL,2025-07-13,26,8
ATL,2025-07-13,27,8
ATL,2025-07-13,28,18
ATL,2025-07-13,29,33
ATL,2025-07-13,30,38
ATL,2025-07-13,31,27
ATL,2025-07-13,32,38
ATL,2025-07-13,33,38
ATL,2025-07-13,34,39
ATL,2025-07-13,35,39
ATL,2025-07-13,36,38
ATL,2025-07-13,37,38
ATL,2025-07-13,38,33
ATL,2025-07-13,39,30
ATL,2025-07-13,40,38
ATL,2025-07-13,41,24
ATL,2025-07-13,42,27
ATL,2025-07-13,43,15
ATL,2025-07-13,44,38
ATL,2025-07-13,45,29
ATL,2025-07-13,46,30
ATL,2025-07-13,47,26
ATL,2025-07-13,48,19
ATL,2025-07-13,49,25
ATL,2025-07-13,50,30
ATL,2025-07-13,51,38
ATL,2025-07-13,52,22
ATL,2025-07-13,53,23
ATL,2025-07-13,54,23
ATL,2025-07-13,55,38
ATL,2025-07-13,56,37
ATL,2025-07-13,57,25
ATL,2025-07-13,58,36
ATL,2025-07-13,59,30
ATL,2025-07-13,60,23
ATL,2025-07-13,61,38
ATL,2025-07-13,62,38
ATL,2025-07-13,63,38
ATL,2025-07-13,64,31
ATL,2025-07-13,65,26
ATL,2025-07-13,66,26
ATL,2025-07-13,67,38
ATL,2025-07-13,68,30
ATL,2025-07-13,69,30
ATL,2025-07-13,70,18
ATL,2025-07-13,71,25
ATL,2025-07-13,72,27
ATL,2025-07-13,73,23
ATL,2025-07-13,74,25
ATL,2025-07-13,75,36
ATL,2025-07-13,76,20
ATL,2025-07-13,77,30
ATL,2025-07-13,78,37
ATL,2025-07-13,79,38
ATL,2025-07-13,80,30
ATL,2025-07-13,81,37
ATL,2025-07-13,82,38
ATL,2025-07-13,83,38
ATL,2025-07-13,84,29
ATL,2025-07-13,85,32
ATL,2025-07-13,86,35
ATL,2025-07-13,87,38
ATL,2025-07-13,88,28
ATL,2025-07-13,89,28
ATL,2025-07-13,90,15
ATL,2025-07-13,91,36
ATL,2025-07-13,92,25
ATL,2025-07-13,93,16
ATL,2025-07-13,94,4
ATL,2025-07-13,95,12
ATL,2025-07-14,2,3
ATL,2025-07-14,3,1
ATL,2025-07-14,6,1
ATL,2025-07-14,18,1
ATL,2025-07-14,20,8
ATL,2025-07-14,21,5
ATL,2025-07-14,22,3
ATL,2025-07-14,23,5
ATL,2025-07-14,24,15
ATL,2025-07-14,25,13
ATL,2025-07-14,26,8
ATL,2025-07-14,27,9
ATL,2025-07-14,28,20
ATL,2025-07-14,29,33
ATL,2025-07-14,30,40
ATL,2025-07-14,31,24
ATL,2025-07-14,32,40
ATL,2025-07-14,33,40
ATL,2025-07-14,34,41
ATL,2025-07-14,35,40
ATL,2025-07-14,36,40
ATL,2025-07-14,37,40
ATL,2025-07-14,38,35
ATL,2025-07-14,39,31
ATL,2025-07-14,40,40
ATL,2025-07-14,41,24
ATL,2025-07-14,42,27
ATL,2025-07-14,43,18
ATL,2025-07-14,44,39
ATL,2025-07-14,45,30
ATL,2025-07-14,46,29
ATL,2025-07-14,47,24
ATL,2025-07-14,48,21
ATL,2025-07-14,49,24
ATL,2025-07-14,50,27
ATL,2025-07-14,51,40
ATL,2025-07-14,52,21
ATL,2025-07-14,53,26
ATL,2025-07-14,54,18
ATL,2025-07-14,55,40
ATL,2025-07-14,56,38
ATL,2025-07-14,57,29
ATL,2025-07-14,58,35
ATL,2025-07-14,59,29
ATL,2025-07-14,60,20
ATL,2025-07-14,61,39
ATL,2025-07-14,62,34
ATL,2025-07-14,63,36
ATL,2025-07-14,64,29
ATL,2025-07-14,65,26
ATL,2025-07-14,66,25
ATL,2025-07-14,67,40
ATL,2025-07-14,68,28
ATL,2025-07-14,69,33
ATL,2025-07-14,70,13
ATL,2025-07-14,71,27
ATL,2025-07-14,72,22
ATL,2025-07-14,73,27
ATL,2025-07-14,74,24
ATL,2025-07-14,75,30
ATL,2025-07-14,76,18
ATL,2025-07-14,77,24
ATL,2025-07-14,78,36
ATL,2025-07-14,79,38
ATL,2025-07-14,80,25
ATL,2025-07-14,81,34
ATL,2025-07-14,82,38
ATL,2025-07-14,83,40
ATL,2025-07-14,84,21
ATL,2025-07-14,85,32
ATL,2025-07-14,86,34
ATL,2025-07-14,87,39
ATL,2025-07-14,88,28
ATL,2025-07-14,89,27
ATL,2025-07-14,90,14
ATL,2025-07-14,91,31
ATL,2025-07-14,92,26
ATL,2025-07-14,93,13
ATL,2025-07-14,94,5
ATL,2025-07-14,95,11
ATL,2025-07-15,0,1
ATL,2025-07-15,2,2
ATL,2025-07-15,3,1
ATL,2025-07-15,6,1
ATL,2025-07-15,18,1
ATL,2025-07-15,20,7
ATL,2025-07-15,21,4
ATL,2025-07-15,22,3
ATL,2025-07-15,23,3
ATL,2025-07-15,24,13
ATL,2025-07-15,25,15
ATL,2025-07-15,26,9
ATL,2025-07-15,27,8
ATL,2025-07-15,28,17
ATL,2025-07-15,29,32
ATL,2025-07-15,30,36
ATL,2025-07-15,31,27
ATL,2025-07-15,32,37
ATL,2025-07-15,33,37
ATL,2025-07-15,34,38
ATL,2025-07-15,35,37
ATL,2025-07-15,36,37
ATL,2025-07-15,37,37
ATL,2025-07-15,38,34
ATL,2025-07-15,39,26
ATL,2025-07-15,40,36
ATL,2025-07-15,41,22
ATL,2025-07-15,42,29
ATL,2025-07-15,43,22
ATL,2025-07-15,44,37
ATL,2025-07-15,45,31
ATL,2025-07-15,46,27
ATL,2025-07-15,47,27
ATL,2025-07-15,48,20
ATL,2025-07-15,49,24
ATL,2025-07-15,50,30
ATL,2025-07-15,51,37
ATL,2025-07-15,52,22
ATL,2025-07-15,53,23
ATL,2025-07-15,54,19
ATL,2025-07-15,55,37
ATL,2025-07-15,56,32
ATL,2025-07-15,57,26
ATL,2025-07-15,58,33
ATL,2025-07-15,59,30
ATL,2025-07-15,60,26
ATL,2025-07-15,61,37
ATL,2025-07-15,62,37
ATL,2025-07-15,63,37
ATL,2025-07-15,64,30
ATL,2025-07-15,65,27
ATL,2025-07-15,66,25
ATL,2025-07-15,67,37
ATL,2025-07-15,68,32
ATL,2025-07-15,69,30
ATL,2025-07-15,70,14
ATL,2025-07-15,71,27
ATL,2025-07-15,72,19
ATL,2025-07-15,73,26
ATL,2025-07-15,74,29
ATL,2025-07-15,75,28
ATL,2025-07-15,76,26
ATL,2025-07-15,77,26
ATL,2025-07-15,78,33
ATL,2025-07-15,79,34
ATL,2025-07-15,80,23
ATL,2025-07-15,81,35
ATL,2025-07-15,82,37
ATL,2025-07-15,83,34
ATL,2025-07-15,84,20
ATL,2025-07-15,85,25
ATL,2025-07-15,86,28
ATL,2025-07-15,87,36
ATL,2025-07-15,88,11
ATL,2025-07-15,89,12
ATL,2025-07-15,90,18
ATL,2025-07-15,91,31
ATL,2025-07-15,92,17
ATL,2025-07-15,93,8
ATL,2025-07-15,94,4
ATL,2025-07-15,95,5
ATL,2025-07-16,0,1
ATL,2025-07-16,2,2
ATL,2025-07-16,3,1
ATL,2025-07-16,20,4
ATL,2025-07-16,21,3
ATL,2025-07-16,22,2
ATL,2025-07-16,23,3
ATL,2025-07-16,24,17
ATL,2025-07-16,25,13
ATL,2025-07-16,26,9
ATL,2025-07-16,27,8
ATL,2025-07-16,28,20
ATL,2025-07-16,29,33
ATL,2025-07-16,30,37
ATL,2025-07-16,31,28
ATL,2025-07-16,32,37
ATL,2025-07-16,33,37
ATL,2025-07-16,34,38
ATL,2025-07-16,35,38
ATL,2025-07-16,36,38
ATL,2025-07-16,37,37
ATL,2025-07-16,38,37
ATL,2025-07-16,39,31
ATL,2025-07-16,40,37
ATL,2025-07-16,41,23
ATL,2025-07-16,42,29
ATL,2025-07-16,43,25
ATL,2025-07-16,44,37
ATL,2025-07-16,45,30
ATL,2025-07-16,46,29
ATL,2025-07-16,47,26
ATL,2025-07-16,48,23
ATL,2025-07-16,49,23
ATL,2025-07-16,50,28
ATL,2025-07-16,51,37
ATL,2025-07-16,52,21
ATL,2025-07-16,53,23
ATL,2025-07-16,54,19
ATL,2025-07-16,55,37
ATL,2025-07-16,56,32
ATL,2025-07-16,57,24
ATL,2025-07-16,58,37
ATL,2025-07-16,59,31
ATL,2025-07-16,60,24
ATL,2025-07-16,61,37
ATL,2025-07-16,62,37
ATL,2025-07-16,63,35
ATL,2025-07-16,64,31
ATL,2025-07-16,65,26
ATL,2025-07-16,66,26
ATL,2025-07-16,67,37
ATL,2025-07-16,68,30
ATL,2025-07-16,69,30
ATL,2025-07-16,70,15
ATL,2025-07-16,71,29
ATL,2025-07-16,72,18
ATL,2025-07-16,73,26
ATL,2025-07-16,74,27
ATL,2025-07-16,75,26
ATL,2025-07-16,76,25
ATL,2025-07-16,77,27
ATL,2025-07-16,78,32
ATL,2025-07-16,79,33
ATL,2025-07-16,80,21
ATL,2025-07-16,81,35
ATL,2025-07-16,82,37
ATL,2025-07-16,83,33
ATL,2025-07-16,84,19
ATL,2025-07-16,85,25
ATL,2025-07-16,86,29
ATL,2025-07-16,87,36
ATL,2025-07-16,88,9
ATL,2025-07-16,89,9
ATL,2025-07-16,90,18
ATL,2025-07-16,91,30
ATL,2025-07-16,92,17
ATL,2025-07-16,93,6
ATL,2025-07-16,94,5
ATL,2025-07-16,95,5
ATL,2025-07-17,0,1
ATL,2025-07-17,2,2
ATL,2025-07-17,3,1
ATL,2025-07-17,20,5
ATL,2025-07-17,21,3
ATL,2025-07-17,22,2
ATL,2025-07-17,23,4
ATL,2025-07-17,24,13
ATL,2025-07-17,25,14
ATL,2025-07-17,26,8
ATL,2025-07-17,27,9
ATL,2025-07-17,28,19
ATL,2025-07-17,29,35
ATL,2025-07-17,30,38
ATL,2025-07-17,31,29
ATL,2025-07-17,32,38
ATL,2025-07-17,33,38
ATL,2025-07-17,34,39
ATL,2025-07-17,35,39
ATL,2025-07-17,36,38
ATL,2025-07-17,37,38
ATL,2025-07-17,38,37
ATL,2025-07-17,39,32
ATL,2025-07-17,40,38
ATL,2025-07-17,41,27
ATL,2025-07-17,42,27
ATL,2025-07-17,43,21
ATL,2025-07-17,44,38
ATL,2025-07-17,45,30
ATL,2025-07-17,46,28
ATL,2025-07-17,47,24
ATL,2025-07-17,48,21
ATL,2025-07-17,49,23
ATL,2025-07-17,50,28
ATL,2025-07-17,51,38
ATL,2025-07-17,52,23
ATL,2025-07-17,53,26
ATL,2025-07-17,54,21
ATL,2025-07-17,55,38
ATL,2025-07-17,56,38
ATL,2025-07-17,57,28
ATL,2025-07-17,58,34
ATL,2025-07-17,59,29
ATL,2025-07-17,60,26
ATL,2025-07-17,61,38
ATL,2025-07-17,62,37
ATL,2025-07-17,63,35
ATL,2025-07-17,64,30
ATL,2025-07-17,65,28
ATL,2025-07-17,66,28
ATL,2025-07-17,67,38
ATL,2025-07-17,68,28
ATL,2025-07-17,69,35
ATL,2025-07-17,70,18
ATL,2025-07-17,71,28
ATL,2025-07-17,72,26
ATL,2025-07-17,73,26
ATL,2025-07-17,74,25
ATL,2025-07-17,75,33
ATL,2025-07-17,76,19
ATL,2025-07-17,77,29
ATL,2025-07-17,78,36
ATL,2025-07-17,79,38
ATL,2025-07-17,80,29
ATL,2025-07-17,81,38
ATL,2025-07-17,82,38
ATL,2025-07-17,83,38
ATL,2025-07-17,84,31
ATL,2025-07-17,85,34
ATL,2025-07-17,86,36
ATL,2025-07-17,87,37
ATL,2025-07-17,88,33
ATL,2025-07-17,89,33
ATL,2025-07-17,90,15
ATL,2025-07-17,91,35
ATL,2025-07-17,92,27
ATL,2025-07-17,93,15
ATL,2025-07-17,94,6
ATL,2025-07-17,95,10
ATL,2025-07-18,0,1
ATL,2025-07-18,2,3
ATL,2025-07-18,3,1
ATL,2025-07-18,6,1
ATL,2025-07-18,18,1
ATL,2025-07-18,20,7
ATL,2025-07-18,21,4
ATL,2025-07-18,22,3
ATL,2025-07-18,23,5
ATL,2025-07-18,24,15
ATL,2025-07-18,25,12
ATL,2025-07-18,26,8
ATL,2025-07-18,27,10
ATL,2025-07-18,28,20
ATL,2025-07-18,29,34
ATL,2025-07-18,30,40
ATL,2025-07-18,31,26
ATL,2025-07-18,32,40
ATL,2025-07-18,33,40
ATL,2025-07-18,34,41
ATL,2025-07-18,35,41
ATL,2025-07-18,36,40
ATL,2025-07-18,37,40
ATL,2025-07-18,38,37
ATL,2025-07-18,39,29
ATL,2025-07-18,40,40
ATL,2025-07-18,41,27
ATL,2025-07-18,42,27
ATL,2025-07-18,43,19
ATL,2025-07-18,44,40
ATL,2025-07-18,45,30
ATL,2025-07-18,46,29
ATL,2025-07-18,47,24
ATL,2025-07-18,48,22
ATL,2025-07-18,49,24
ATL,2025-07-18,50,27
ATL,2025-07-18,51,40
ATL,2025-07-18,52,21
ATL,2025-07-18,53,25
ATL,2025-07-18,54,18
ATL,2025-07-18,55,40
ATL,2025-07-18,56,39
ATL,2025-07-18,57,28
ATL,2025-07-18,58,36
ATL,2025-07-18,59,29
ATL,2025-07-18,60,22
ATL,2025-07-18,61,40
ATL,2025-07-18,62,39
ATL,2025-07-18,63,35
ATL,2025-07-18,64,29
ATL,2025-07-18,65,27
ATL,2025-07-18,66,27
ATL,2025-07-18,67,40
ATL,2025-07-18,68,29
ATL,2025-07-18,69,34
ATL,2025-07-18,70,16
ATL,2025-07-18,71,29
ATL,2025-07-18,72,24
ATL,2025-07-18,73,24
ATL,2025-07-18,74,26
ATL,2025-07-18,75,32
ATL,2025-07-18,76,20
ATL,2025-07-18,77,25
ATL,2025-07-18,78,35
ATL,2025-07-18,79,39
ATL,2025-07-18,80,29
ATL,2025-07-18,81,38
ATL,2025-07-18,82,39
ATL,2025-07-18,83,40
ATL,2025-07-18,84,27
ATL,2025-07-18,85,35
ATL,2025-07-18,86,36
ATL,2025-07-18,87,39
ATL,2025-07-18,88,34
ATL,2025-07-18,89,33
ATL,2025-07-18,90,14
ATL,2025-07-18,91,36
ATL,2025-07-18,92,27
ATL,2025-07-18,93,15
ATL,2025-07-18,94,7
ATL,2025-07-18,95,10
ATL,2025-07-19,2,3
ATL,2025-07-19,3,1
ATL,2025-07-19,6,1
ATL,2025-07-19,18,1
ATL,2025-07-19,20,7
ATL,2025-07-19,21,4
ATL,2025-07-19,22,3
ATL,2025-07-19,23,4
ATL,2025-07-19,24,15
ATL,2025-07-19,25,12
ATL,2025-07-19,26,9
ATL,2025-07-19,27,7
ATL,2025-07-19,28,16
ATL,2025-07-19,29,31
ATL,2025-07-19,30,26
ATL,2025-07-19,31,27
ATL,2025-07-19,32,35
ATL,2025-07-19,33,35
ATL,2025-07-19,34,36
ATL,2025-07-19,35,36
ATL,2025-07-19,36,35
ATL,2025-07-19,37,35
ATL,2025-07-19,38,29
ATL,2025-07-19,39,29
ATL,2025-07-19,40,35
ATL,2025-07-19,41,29
ATL,2025-07-19,42,29
ATL,2025-07-19,43,20
ATL,2025-07-19,44,35
ATL,2025-07-19,45,30
ATL,2025-07-19,46,23
ATL,2025-07-19,47,19
ATL,2025-07-19,48,17
ATL,2025-07-19,49,21
ATL,2025-07-19,50,21
ATL,2025-07-19,51,33
ATL,2025-07-19,52,24
ATL,2025-07-19,53,20
ATL,2025-07-19,54,20
ATL,2025-07-19,55,35
ATL,2025-07-19,56,28
ATL,2025-07-19,57,21
ATL,2025-07-19,58,35
ATL,2025-07-19,59,29
ATL,2025-07-19,60,24
ATL,2025-07-19,61,35
ATL,2025-07-19,62,26
ATL,2025-07-19,63,35
ATL,2025-07-19,64,28
ATL,2025-07-19,65,23
ATL,2025-07-19,66,22
ATL,2025-07-19,67,28
ATL,2025-07-19,68,20
ATL,2025-07-19,69,21
ATL,2025-07-19,70,14
ATL,2025-07-19,71,34
ATL,2025-07-19,72,25
ATL,2025-07-19,73,28
ATL,2025-07-19,74,31
ATL,2025-07-19,75,20
ATL,2025-07-19,76,23
ATL,2025-07-19,77,32
ATL,2025-07-19,78,29
ATL,2025-07-19,79,31
ATL,2025-07-19,80,19
ATL,2025-07-19,81,31
ATL,2025-07-19,82,27
ATL,2025-07-19,83,31
ATL,2025-07-19,84,14
ATL,2025-07-19,85,32
ATL,2025-07-19,86,26
ATL,2025-07-19,87,25
ATL,2025-07-19,88,13
ATL,2025-07-19,89,8
ATL,2025-07-19,90,18
ATL,2025-07-19,91,26
ATL,2025-07-19,92,19
ATL,2025-07-19,93,6
ATL,2025-07-19,94,4
ATL,2025-07-19,95,6
ATL,2025-07-20,1,1
ATL,2025-07-20,2,2
ATL,2025-07-20,20,5
ATL,2025-07-20,21,2
ATL,2025-07-20,22,1
ATL,2025-07-20,23,3
ATL,2025-07-20,24,11
ATL,2025-07-20,25,14
ATL,2025-07-20,26,8
ATL,2025-07-20,27,8
ATL,2025-07-20,28,18
ATL,2025-07-20,29,33
ATL,2025-07-20,30,39
ATL,2025-07-20,31,32
ATL,2025-07-20,32,39
ATL,2025-07-20,33,39
ATL,2025-07-20,34,40
ATL,2025-07-20,35,40
ATL,2025-07-20,36,39
ATL,2025-07-20,37,39
ATL,2025-07-20,38,33
ATL,2025-07-20,39,32
ATL,2025-07-20,40,39
ATL,2025-07-20,41,25
ATL,2025-07-20,42,28
ATL,2025-07-20,43,16
ATL,2025-07-20,44,39
ATL,2025-07-20,45,30
ATL,2025-07-20,46,31
ATL,2025-07-20,47,25
ATL,2025-07-20,48,20
ATL,2025-07-20,49,25
ATL,2025-07-20,50,31
ATL,2025-07-20,51,39
ATL,2025-07-20,52,21
ATL,2025-07-20,53,24
ATL,2025-07-20,54,23
ATL,2025-07-20,55,39
ATL,2025-07-20,56,37
ATL,2025-07-20,57,25
ATL,2025-07-20,58,38
ATL,2025-07-20,59,30
ATL,2025-07-20,60,23
ATL,2025-07-20,61,39
ATL,2025-07-20,62,38
ATL,2025-07-20,63,39
ATL,2025-07-20,64,30
ATL,2025-07-20,65,26
ATL,2025-07-20,66,28
ATL,2025-07-20,67,39
ATL,2025-07-20,68,30
ATL,2025-07-20,69,33
ATL,2025-07-20,70,16
ATL,2025-07-20,71,25
ATL,2025-07-20,72,27
ATL,2025-07-20,73,23
ATL,2025-07-20,74,26
ATL,2025-07-20,75,36
ATL,2025-07-20,76,18
ATL,2025-07-20,77,30
ATL,2025-07-20,78,37
ATL,2025-07-20,79,39
ATL,2025-07-20,80,31
ATL,2025-07-20,81,37
ATL,2025-07-20,82,39
ATL,2025-07-20,83,39
ATL,2025-07-20,84,31
ATL,2025-07-20,85,35
ATL,2025-07-20,86,35
ATL,2025-07-20,87,38
ATL,2025-07-20,88,30
ATL,2025-07-20,89,30
ATL,2025-07-20,90,16
ATL,2025-07-20,91,36
ATL,2025-07-20,92,27
ATL,2025-07-20,93,17
ATL,2025-07-20,94,4
ATL,2025-07-20,95,11
ATL,2025-07-21,0,1
ATL,2025-07-21,2,3
ATL,2025-07-21,3,1
ATL,2025-07-21,6,1
ATL,2025-07-21,18,1
ATL,2025-07-21,20,8
ATL,2025-07-21,21,4
ATL,2025-07-21,22,3
ATL,2025-07-21,23,5
ATL,2025-07-21,24,15
ATL,2025-07-21,25,14
ATL,2025-07-21,26,8
ATL,2025-07-21,27,10
ATL,2025-07-21,28,21
ATL,2025-07-21,29,34
ATL,2025-07-21,30,40
ATL,2025-07-21,31,27
ATL,2025-07-21,32,40
ATL,2025-07-21,33,40
ATL,2025-07-21,34,41
ATL,2025-07-21,35,40
ATL,2025-07-21,36,40
ATL,2025-07-21,37,40
ATL,2025-07-21,38,36
ATL,2025-07-21,39,30
ATL,2025-07-21,40,40
ATL,2025-07-21,41,26
ATL,2025-07-21,42,27
ATL,2025-07-21,43,19
ATL,2025-07-21,44,39
ATL,2025-07-21,45,30
ATL,2025-07-21,46,30
ATL,2025-07-21,47,23
ATL,2025-07-21,48,22
ATL,2025-07-21,49,25
ATL,2025-07-21,50,28
ATL,2025-07-21,51,40
ATL,2025-07-21,52,20
ATL,2025-07-21,53,25
ATL,2025-07-21,54,19
ATL,2025-07-21,55,39
ATL,2025-07-21,56,37
ATL,2025-07-21,57,30
ATL,2025-07-21,58,36
ATL,2025-07-21,59,29
ATL,2025-07-21,60,23
ATL,2025-07-21,61,40
ATL,2025-07-21,62,39
ATL,2025-07-21,63,37
ATL,2025-07-21,64,28
ATL,2025-07-21,65,28
ATL,2025-07-21,66,27
ATL,2025-07-21,67,40
ATL,2025-07-21,68,29
ATL,2025-07-21,69,34
ATL,2025-07-21,70,15
ATL,2025-07-21,71,30
ATL,2025-07-21,72,25
ATL,2025-07-21,73,25
ATL,2025-07-21,74,26
ATL,2025-07-21,75,33
ATL,2025-07-21,76,19
ATL,2025-07-21,77,28
ATL,2025-07-21,78,35
ATL,2025-07-21,79,38
ATL,2025-07-21,80,29
ATL,2025-07-21,81,37
ATL,2025-07-21,82,40
ATL,2025-07-21,83,40
ATL,2025-07-21,84,27
ATL,2025-07-21,85,36
ATL,2025-07-21,86,36
ATL,2025-07-21,87,39
ATL,2025-07-21,88,33
ATL,2025-07-21,89,32
ATL,2025-07-21,90,15
ATL,2025-07-21,91,34
ATL,2025-07-21,92,27
ATL,2025-07-21,93,15
ATL,2025-07-21,94,6
ATL,2025-07-21,95,11
ATL,2025-07-22,0,1
ATL,2025-07-22,2,3
ATL,2025-07-22,3,1
ATL,2025-07-22,6,1
ATL,2025-07-22,18,1
ATL,2025-07-22,20,7
ATL,2025-07-22,21,4
ATL,2025-07-22,22,3
ATL,2025-07-22,23,4
ATL,2025-07-22,24,16
ATL,2025-07-22,25,15
ATL,2025-07-22,26,9
ATL,2025-07-22,27,8
ATL,2025-07-22,28,20
ATL,2025-07-22,29,33
ATL,2025-07-22,30,38
ATL,2025-07-22,31,28
ATL,2025-07-22,32,38
ATL,2025-07-22,33,38
ATL,2025-07-22,34,39
ATL,2025-07-22,35,38
ATL,2025-07-22,36,38
ATL,2025-07-22,37,38
ATL,2025-07-22,38,36
ATL,2025-07-22,39,29
ATL,2025-07-22,40,38
ATL,2025-07-22,41,24
ATL,2025-07-22,42,28
ATL,2025-07-22,43,23
ATL,2025-07-22,44,38
ATL,2025-07-22,45,31
ATL,2025-07-22,46,28
ATL,2025-07-22,47,28
ATL,2025-07-22,48,21
ATL,2025-07-22,49,25
ATL,2025-07-22,50,31
ATL,2025-07-22,51,38
ATL,2025-07-22,52,19
ATL,2025-07-22,53,23
ATL,2025-07-22,54,19
ATL,2025-07-22,55,38
ATL,2025-07-22,56,32
ATL,2025-07-22,57,26
ATL,2025-07-22,58,34
ATL,2025-07-22,59,31
ATL,2025-07-22,60,25
ATL,2025-07-22,61,38
ATL,2025-07-22,62,38
ATL,2025-07-22,63,36
ATL,2025-07-22,64,30
ATL,2025-07-22,65,28
ATL,2025-07-22,66,25
ATL,2025-07-22,67,38
ATL,2025-07-22,68,30
ATL,2025-07-22,69,31
ATL,2025-07-22,70,15
ATL,2025-07-22,71,27
ATL,2025-07-22,72,19
ATL,2025-07-22,73,27
ATL,2025-07-22,74,28
ATL,2025-07-22,75,29
ATL,2025-07-22,76,25
ATL,2025-07-22,77,29
ATL,2025-07-22,78,33
ATL,2025-07-22,79,33
ATL,2025-07-22,80,22
ATL,2025-07-22,81,37
ATL,2025-07-22,82,38
ATL,2025-07-22,83,34
ATL,2025-07-22,84,19
ATL,2025-07-22,85,25
ATL,2025-07-22,86,28
ATL,2025-07-22,87,37
ATL,2025-07-22,88,10
ATL,2025-07-22,89,11
ATL,2025-07-22,90,18
ATL,2025-07-22,91,31
ATL,2025-07-22,92,17
ATL,2025-07-22,93,8
ATL,2025-07-22,94,4
ATL,2025-07-22,95,6
ATL,2025-07-23,0,1
ATL,2025-07-23,2,2
ATL,2025-07-23,3,1
ATL,2025-07-23,20,5
ATL,2025-07-23,21,3
ATL,2025-07-23,22,2
ATL,2025-07-23,23,3
ATL,2025-07-23,24,16
ATL,2025-07-23,25,14
ATL,2025-07-23,26,9
ATL,2025-07-23,27,8
ATL,2025-07-23,28,20
ATL,2025-07-23,29,33
ATL,2025-07-23,30,37
ATL,2025-07-23,31,29
ATL,2025-07-23,32,37
ATL,2025-07-23,33,37
ATL,2025-07-23,34,38
ATL,2025-07-23,35,38
ATL,2025-07-23,36,38
ATL,2025-07-23,37,37
ATL,2025-07-23,38,37
ATL,2025-07-23,39,30
ATL,2025-07-23,40,37
ATL,2025-07-23,41,24
ATL,2025-07-23,42,28
ATL,2025-07-23,43,25
ATL,2025-07-23,44,37
ATL,2025-07-23,45,30
ATL,2025-07-23,46,29
ATL,2025-07-23,47,26
ATL,2025-07-23,48,23
ATL,2025-07-23,49,24
ATL,2025-07-23,50,29
ATL,2025-07-23,51,37
ATL,2025-07-23,52,19
ATL,2025-07-23,53,23
ATL,2025-07-23,54,20
ATL,2025-07-23,55,37
ATL,2025-07-23,56,32
ATL,2025-07-23,57,24
ATL,2025-07-23,58,37
ATL,2025-07-23,59,31
ATL,2025-07-23,60,26
ATL,2025-07-23,61,37
ATL,2025-07-23,62,37
ATL,2025-07-23,63,36
ATL,2025-07-23,64,30
ATL,2025-07-23,65,28
ATL,2025-07-23,66,27
ATL,2025-07-23,67,37
ATL,2025-07-23,68,29
ATL,2025-07-23,69,29
ATL,2025-07-23,70,16
ATL,2025-07-23,71,29
ATL,2025-07-23,72,18
ATL,2025-07-23,73,26
ATL,2025-07-23,74,27
ATL,2025-07-23,75,28
ATL,2025-07-23,76,26
ATL,2025-07-23,77,29
ATL,2025-07-23,78,34
ATL,2025-07-23,79,32
ATL,2025-07-23,80,21
ATL,2025-07-23,81,37
ATL,2025-07-23,82,37
ATL,2025-07-23,83,35
ATL,2025-07-23,84,19
ATL,2025-07-23,85,25
ATL,2025-07-23,86,29
ATL,2025-07-23,87,36
ATL,2025-07-23,88,11
ATL,2025-07-23,89,11
ATL,2025-07-23,90,18
ATL,2025-07-23,91,31
ATL,2025-07-23,92,17
ATL,2025-07-23,93,8
ATL,2025-07-23,94,5
ATL,2025-07-23,95,6
ATL,2025-07-24,0,1
ATL,2025-07-24,2,2
ATL,2025-07-24,3,1
ATL,2025-07-24,20,6
ATL,2025-07-24,21,3
ATL,2025-07-24,22,2
ATL,2025-07-24,23,4
ATL,2025-07-24,24,15
ATL,2025-07-24,25,14
ATL,2025-07-24,26,8
ATL,2025-07-24,27,10
ATL,2025-07-24,28,19
ATL,2025-07-24,29,35
ATL,2025-07-24,30,39
ATL,2025-07-24,31,30
ATL,2025-07-24,32,40
ATL,2025-07-24,33,40
ATL,2025-07-24,34,41
ATL,2025-07-24,35,40
ATL,2025-07-24,36,40
ATL,2025-07-24,37,40
ATL,2025-07-24,38,36
ATL,2025-07-24,39,31
ATL,2025-07-24,40,40
ATL,2025-07-24,41,27
ATL,2025-07-24,42,26
ATL,2025-07-24,43,20
ATL,2025-07-24,44,40
ATL,2025-07-24,45,30
ATL,2025-07-24,46,30
ATL,2025-07-24,47,23
ATL,2025-07-24,48,22
ATL,2025-07-24,49,24
ATL,2025-07-24,50,29
ATL,2025-07-24,51,40
ATL,2025-07-24,52,19
ATL,2025-07-24,53,26
ATL,2025-07-24,54,19
ATL,2025-07-24,55,40
ATL,2025-07-24,56,37
ATL,2025-07-24,57,28
ATL,2025-07-24,58,35
ATL,2025-07-24,59,29
ATL,2025-07-24,60,23
ATL,2025-07-24,61,40
ATL,2025-07-24,62,39
ATL,2025-07-24,63,36
ATL,2025-07-24,64,29
ATL,2025-07-24,65,28
ATL,2025-07-24,66,28
ATL,2025-07-24,67,40
ATL,2025-07-24,68,28
ATL,2025-07-24,69,35
ATL,2025-07-24,70,19
ATL,2025-07-24,71,27
ATL,2025-07-24,72,27
ATL,2025-07-24,73,23
ATL,2025-07-24,74,26
ATL,2025-07-24,75,33
ATL,2025-07-24,76,18
ATL,2025-07-24,77,28
ATL,2025-07-24,78,36
ATL,2025-07-24,79,38
ATL,2025-07-24,80,29
ATL,2025-07-24,81,39
ATL,2025-07-24,82,40
ATL,2025-07-24,83,40
ATL,2025-07-24,84,28
ATL,2025-07-24,85,34
ATL,2025-07-24,86,36
ATL,2025-07-24,87,39
ATL,2025-07-24,88,33
ATL,2025-07-24,89,32
ATL,2025-07-24,90,14
ATL,2025-07-24,91,36
ATL,2025-07-24,92,27
ATL,2025-07-24,93,15
ATL,2025-07-24,94,6
ATL,2025-07-24,95,11
ATL,2025-07-25,0,1
ATL,2025-07-25,2,3
ATL,2025-07-25,3,1
ATL,2025-07-25,6,1
ATL,2025-07-25,18,1
ATL,2025-07-25,20,8
ATL,2025-07-25,21,4
ATL,2025-07-25,22,3
ATL,2025-07-25,23,5
ATL,2025-07-25,24,15
ATL,2025-07-25,25,15
ATL,2025-07-25,26,8
ATL,2025-07-25,27,9
ATL,2025-07-25,28,21
ATL,2025-07-25,29,34
ATL,2025-07-25,30,40
ATL,2025-07-25,31,28
ATL,2025-07-25,32,40
ATL,2025-07-25,33,40
ATL,2025-07-25,34,41
ATL,2025-07-25,35,40
ATL,2025-07-25,36,40
ATL,2025-07-25,37,40
ATL,2025-07-25,38,38
ATL,2025-07-25,39,30
ATL,2025-07-25,40,40
ATL,2025-07-25,41,27
ATL,2025-07-25,42,27
ATL,2025-07-25,43,19
ATL,2025-07-25,44,40
ATL,2025-07-25,45,30
ATL,2025-07-25,46,30
ATL,2025-07-25,47,23
ATL,2025-07-25,48,22
ATL,2025-07-25,49,25
ATL,2025-07-25,50,27
ATL,2025-07-25,51,40
ATL,2025-07-25,52,20
ATL,2025-07-25,53,26
ATL,2025-07-25,54,19
ATL,2025-07-25,55,40
ATL,2025-07-25,56,38
ATL,2025-07-25,57,28
ATL,2025-07-25,58,36
ATL,2025-07-25,59,29
ATL,2025-07-25,60,23
ATL,2025-07-25,61,40
ATL,2025-07-25,62,39
ATL,2025-07-25,63,36
ATL,2025-07-25,64,28
ATL,2025-07-25,65,27
ATL,2025-07-25,66,27
ATL,2025-07-25,67,40
ATL,2025-07-25,68,28
ATL,2025-07-25,69,34
ATL,2025-07-25,70,16
ATL,2025-07-25,71,29
ATL,2025-07-25,72,26
ATL,2025-07-25,73,23
ATL,2025-07-25,74,26
ATL,2025-07-25,75,32
ATL,2025-07-25,76,19
ATL,2025-07-25,77,26
ATL,2025-07-25,78,35
ATL,2025-07-25,79,37
ATL,2025-07-25,80,29
ATL,2025-07-25,81,39
ATL,2025-07-25,82,40
ATL,2025-07-25,83,40
ATL,2025-07-25,84,25
ATL,2025-07-25,85,34
ATL,2025-07-25,86,35
ATL,2025-07-25,87,39
ATL,2025-07-25,88,33
ATL,2025-07-25,89,33
ATL,2025-07-25,90,13
ATL,2025-07-25,91,35
ATL,2025-07-25,92,27
ATL,2025-07-25,93,14
ATL,2025-07-25,94,6
ATL,2025-07-25,95,11
ATL,2025-07-26,0,1
ATL,2025-07-26,2,3
ATL,2025-07-26,3,1
ATL,2025-07-26,6,1
ATL,2025-07-26,18,1
ATL,2025-07-26,20,7
ATL,2025-07-26,21,4
ATL,2025-07-26,22,3
ATL,2025-07-26,23,4
ATL,2025-07-26,24,14
ATL,2025-07-26,25,13
ATL,2025-07-26,26,9
ATL,2025-07-26,27,7
ATL,2025-07-26,28,16
ATL,2025-07-26,29,31
ATL,2025-07-26,30,25
ATL,2025-07-26,31,26
ATL,2025-07-26,32,35
ATL,2025-07-26,33,35
ATL,2025-07-26,34,36
ATL,2025-07-26,35,35
ATL,2025-07-26,36,35
ATL,2025-07-26,37,35
ATL,2025-07-26,38,29
ATL,2025-07-26,39,29
ATL,2025-07-26,40,35
ATL,2025-07-26,41,29
ATL,2025-07-26,42,29
ATL,2025-07-26,43,22
ATL,2025-07-26,44,35
ATL,2025-07-26,45,29
ATL,2025-07-26,46,23
ATL,2025-07-26,47,18
ATL,2025-07-26,48,17
ATL,2025-07-26,49,23
ATL,2025-07-26,50,21
ATL,2025-07-26,51,34
ATL,2025-07-26,52,23
ATL,2025-07-26,53,21
ATL,2025-07-26,54,21
ATL,2025-07-26,55,35
ATL,2025-07-26,56,26
ATL,2025-07-26,57,22
ATL,2025-07-26,58,35
ATL,2025-07-26,59,29
ATL,2025-07-26,60,24
ATL,2025-07-26,61,35
ATL,2025-07-26,62,27
ATL,2025-07-26,63,35
ATL,2025-07-26,64,28
ATL,2025-07-26,65,24
ATL,2025-07-26,66,20
ATL,2025-07-26,67,29
ATL,2025-07-26,68,20
ATL,2025-07-26,69,21
ATL,2025-07-26,70,14
ATL,2025-07-26,71,34
ATL,2025-07-26,72,24
ATL,2025-07-26,73,28
ATL,2025-07-26,74,32
ATL,2025-07-26,75,19
ATL,2025-07-26,76,22
ATL,2025-07-26,77,33
ATL,2025-07-26,78,29
ATL,2025-07-26,79,29
ATL,2025-07-26,80,19
ATL,2025-07-26,81,32
ATL,2025-07-26,82,27
ATL,2025-07-26,83,31
ATL,2025-07-26,84,14
ATL,2025-07-26,85,32
ATL,2025-07-26,86,26
ATL,2025-07-26,87,24
ATL,2025-07-26,88,12
ATL,2025-07-26,89,9
ATL,2025-07-26,90,18
ATL,2025-07-26,91,26
ATL,2025-07-26,92,19
ATL,2025-07-26,93,6
ATL,2025-07-26,94,3
ATL,2025-07-26,95,7
ATL,2025-07-27,1,1
ATL,2025-07-27,2,2
ATL,2025-07-27,20,5
ATL,2025-07-27,21,2
ATL,2025-07-27,22,1
ATL,2025-07-27,23,3
ATL,2025-07-27,24,12
ATL,2025-07-27,25,13
ATL,2025-07-27,26,8
ATL,2025-07-27,27,8
ATL,2025-07-27,28,18
ATL,2025-07-27,29,33
ATL,2025-07-27,30,38
ATL,2025-07-27,31,31
ATL,2025-07-27,32,39
ATL,2025-07-27,33,39
ATL,2025-07-27,34,40
ATL,2025-07-27,35,40
ATL,2025-07-27,36,39
ATL,2025-07-27,37,39
ATL,2025-07-27,38,34
ATL,2025-07-27,39,33
ATL,2025-07-27,40,39
ATL,2025-07-27,41,24
ATL,2025-07-27,42,27
ATL,2025-07-27,43,15
ATL,2025-07-27,44,39
ATL,2025-07-27,45,30
ATL,2025-07-27,46,30
ATL,2025-07-27,47,25
ATL,2025-07-27,48,20
ATL,2025-07-27,49,24
ATL,2025-07-27,50,31
ATL,2025-07-27,51,39
ATL,2025-07-27,52,21
ATL,2025-07-27,53,24
ATL,2025-07-27,54,23
ATL,2025-07-27,55,39
ATL,2025-07-27,56,37
ATL,2025-07-27,57,25
ATL,2025-07-27,58,36
ATL,2025-07-27,59,29
ATL,2025-07-27,60,21
ATL,2025-07-27,61,39
ATL,2025-07-27,62,35
ATL,2025-07-27,63,38
ATL,2025-07-27,64,29
ATL,2025-07-27,65,25
ATL,2025-07-27,66,27
ATL,2025-07-27,67,38
ATL,2025-07-27,68,30
ATL,2025-07-27,69,32
ATL,2025-07-27,70,17
ATL,2025-07-27,71,24
ATL,2025-07-27,72,26
ATL,2025-07-27,73,22
ATL,2025-07-27,74,25
ATL,2025-07-27,75,35
ATL,2025-07-27,76,18
ATL,2025-07-27,77,25
ATL,2025-07-27,78,37
ATL,2025-07-27,79,38
ATL,2025-07-27,80,29
ATL,2025-07-27,81,38
ATL,2025-07-27,82,39
ATL,2025-07-27,83,39
ATL,2025-07-27,84,27
ATL,2025-07-27,85,31
ATL,2025-07-27,86,35
ATL,2025-07-27,87,38
ATL,2025-07-27,88,27
ATL,2025-07-27,89,26
ATL,2025-07-27,90,15
ATL,2025-07-27,91,34
ATL,2025-07-27,92,27
ATL,2025-07-27,93,15
ATL,2025-07-27,94,4
ATL,2025-07-27,95,11
ATL,2025-07-28,0,1
ATL,2025-07-28,2,2
ATL,2025-07-28,3,1
ATL,2025-07-28,6,1
ATL,2025-07-28,20,8
ATL,2025-07-28,21,4
ATL,2025-07-28,22,3
ATL,2025-07-28,23,4
ATL,2025-07-28,24,15
ATL,2025-07-28,25,14
ATL,2025-07-28,26,8
ATL,2025-07-28,27,9
ATL,2025-07-28,28,20
ATL,2025-07-28,29,34
ATL,2025-07-28,30,39
ATL,2025-07-28,31,25
ATL,2025-07-28,32,39
ATL,2025-07-28,33,39
ATL,2025-07-28,34,40
ATL,2025-07-28,35,40
ATL,2025-07-28,36,39
ATL,2025-07-28,37,39
ATL,2025-07-28,38,37
ATL,2025-07-28,39,30
ATL,2025-07-28,40,39
ATL,2025-07-28,41,25
ATL,2025-07-28,42,26
ATL,2025-07-28,43,19
ATL,2025-07-28,44,39
ATL,2025-07-28,45,29
ATL,2025-07-28,46,29
ATL,2025-07-28,47,23
ATL,2025-07-28,48,21
ATL,2025-07-28,49,25
ATL,2025-07-28,50,28
ATL,2025-07-28,51,39
ATL,2025-07-28,52,22
ATL,2025-07-28,53,26
ATL,2025-07-28,54,19
ATL,2025-07-28,55,38
ATL,2025-07-28,56,37
ATL,2025-07-28,57,30
ATL,2025-07-28,58,35
ATL,2025-07-28,59,29
ATL,2025-07-28,60,24
ATL,2025-07-28,61,39
ATL,2025-07-28,62,38
ATL,2025-07-28,63,37
ATL,2025-07-28,64,28
ATL,2025-07-28,65,27
ATL,2025-07-28,66,28
ATL,2025-07-28,67,39
ATL,2025-07-28,68,28
ATL,2025-07-28,69,34
ATL,2025-07-28,70,16
ATL,2025-07-28,71,30
ATL,2025-07-28,72,25
ATL,2025-07-28,73,25
ATL,2025-07-28,74,26
ATL,2025-07-28,75,31
ATL,2025-07-28,76,18
ATL,2025-07-28,77,27
ATL,2025-07-28,78,36
ATL,2025-07-28,79,38
ATL,2025-07-28,80,28
ATL,2025-07-28,81,36
ATL,2025-07-28,82,39
ATL,2025-07-28,83,39
ATL,2025-07-28,84,28
ATL,2025-07-28,85,36
ATL,2025-07-28,86,35
ATL,2025-07-28,87,39
ATL,2025-07-28,88,32
ATL,2025-07-28,89,32
ATL,2025-07-28,90,15
ATL,2025-07-28,91,35
ATL,2025-07-28,92,27
ATL,2025-07-28,93,15
ATL,2025-07-28,94,6
ATL,2025-07-28,95,10
ATL,2025-07-29,0,1
ATL,2025-07-29,2,3
ATL,2025-07-29,3,1
ATL,2025-07-29,6,1
ATL,2025-07-29,18,1
ATL,2025-07-29,20,6
ATL,2025-07-29,21,4
ATL,2025-07-29,22,3
ATL,2025-07-29,23,4
ATL,2025-07-29,24,17
ATL,2025-07-29,25,14
ATL,2025-07-29,26,9
ATL,2025-07-29,27,8
ATL,2025-07-29,28,20
ATL,2025-07-29,29,34
ATL,2025-07-29,30,38
ATL,2025-07-29,31,27
ATL,2025-07-29,32,38
ATL,2025-07-29,33,38
ATL,2025-07-29,34,39
ATL,2025-07-29,35,39
ATL,2025-07-29,36,38
ATL,2025-07-29,37,38
ATL,2025-07-29,38,36
ATL,2025-07-29,39,29
ATL,2025-07-29,40,38
ATL,2025-07-29,41,24
ATL,2025-07-29,42,27
ATL,2025-07-29,43,23
ATL,2025-07-29,44,38
ATL,2025-07-29,45,30
ATL,2025-07-29,46,28
ATL,2025-07-29,47,28
ATL,2025-07-29,48,21
ATL,2025-07-29,49,25
ATL,2025-07-29,50,31
ATL,2025-07-29,51,38
ATL,2025-07-29,52,19
ATL,2025-07-29,53,23
ATL,2025-07-29,54,19
ATL,2025-07-29,55,38
ATL,2025-07-29,56,32
ATL,2025-07-29,57,26
ATL,2025-07-29,58,34
ATL,2025-07-29,59,31
ATL,2025-07-29,60,24
ATL,2025-07-29,61,38
ATL,2025-07-29,62,38
ATL,2025-07-29,63,35
ATL,2025-07-29,64,30
ATL,2025-07-29,65,28
ATL,2025-07-29,66,25
ATL,2025-07-29,67,38
ATL,2025-07-29,68,31
ATL,2025-07-29,69,30
ATL,2025-07-29,70,15
ATL,2025-07-29,71,27
ATL,2025-07-29,72,19
ATL,2025-07-29,73,25
ATL,2025-07-29,74,29
ATL,2025-07-29,75,29
ATL,2025-07-29,76,25
ATL,2025-07-29,77,27
ATL,2025-07-29,78,33
ATL,2025-07-29,79,32
ATL,2025-07-29,80,23
ATL,2025-07-29,81,35
ATL,2025-07-29,82,38
ATL,2025-07-29,83,34
ATL,2025-07-29,84,19
ATL,2025-07-29,85,26
ATL,2025-07-29,86,28
ATL,2025-07-29,87,37
ATL,2025-07-29,88,11
ATL,2025-07-29,89,11
ATL,2025-07-29,90,18
ATL,2025-07-29,91,31
ATL,2025-07-29,92,17
ATL,2025-07-29,93,8
ATL,2025-07-29,94,4
ATL,2025-07-29,95,5
ATL,2025-07-30,0,1
ATL,2025-07-30,2,2
ATL,2025-07-30,3,1
ATL,2025-07-30,20,4
ATL,2025-07-30,21,3
ATL,2025-07-30,22,2
ATL,2025-07-30,23,3
ATL,2025-07-30,24,16
ATL,2025-07-30,25,14
ATL,2025-07-30,26,9
ATL,2025-07-30,27,8
ATL,2025-07-30,28,20
ATL,2025-07-30,29,33
ATL,2025-07-30,30,37
ATL,2025-07-30,31,29
ATL,2025-07-30,32,37
ATL,2025-07-30,33,37
ATL,2025-07-30,34,38
ATL,2025-07-30,35,38
ATL,2025-07-30,36,38
ATL,2025-07-30,37,37
ATL,2025-07-30,38,37
ATL,2025-07-30,39,30
ATL,2025-07-30,40,37
ATL,2025-07-30,41,25
ATL,2025-07-30,42,27
ATL,2025-07-30,43,25
ATL,2025-07-30,44,37
ATL,2025-07-30,45,30
ATL,2025-07-30,46,29
ATL,2025-07-30,47,27
ATL,2025-07-30,48,22
ATL,2025-07-30,49,24
ATL,2025-07-30,50,30
ATL,2025-07-30,51,37
ATL,2025-07-30,52,18
ATL,2025-07-30,53,23
ATL,2025-07-30,54,20
ATL,2025-07-30,55,37
ATL,2025-07-30,56,32
ATL,2025-07-30,57,24
ATL,2025-07-30,58,36
ATL,2025-07-30,59,31
ATL,2025-07-30,60,27
ATL,2025-07-30,61,37
ATL,2025-07-30,62,37
ATL,2025-07-30,63,37
ATL,2025-07-30,64,30
ATL,2025-07-30,65,28
ATL,2025-07-30,66,27
ATL,2025-07-30,67,37
ATL,2025-07-30,68,28
ATL,2025-07-30,69,29
ATL,2025-07-30,70,16
ATL,2025-07-30,71,29
ATL,2025-07-30,72,18
ATL,2025-07-30,73,26
ATL,2025-07-30,74,28
ATL,2025-07-30,75,28
ATL,2025-07-30,76,25
ATL,2025-07-30,77,29
ATL,2025-07-30,78,34
ATL,2025-07-30,79,32
ATL,2025-07-30,80,21
ATL,2025-07-30,81,37
ATL,2025-07-30,82,37
ATL,2025-07-30,83,35
ATL,2025-07-30,84,19
ATL,2025-07-30,85,25
ATL,2025-07-30,86,29
ATL,2025-07-30,87,37
ATL,2025-07-30,88,11
ATL,2025-07-30,89,10
ATL,2025-07-30,90,18
ATL,2025-07-30,91,31
ATL,2025-07-30,92,17
ATL,2025-07-30,93,8
ATL,2025-07-30,94,5
ATL,2025-07-30,95,6
ATL,2025-07-31,0,1
ATL,2025-07-31,2,2
ATL,2025-07-31,3,1
ATL,2025-07-31,20,6
ATL,2025-07-31,21,3
ATL,2025-07-31,22,2
ATL,2025-07-31,23,4
ATL,2025-07-31,24,16
ATL,2025-07-31,25,14
ATL,2025-07-31,26,8
ATL,2025-07-31,27,9
ATL,2025-07-31,28,19
ATL,2025-07-31,29,35
ATL,2025-07-31,30,38
ATL,2025-07-31,31,32
ATL,2025-07-31,32,39
ATL,2025-07-31,33,39
ATL,2025-07-31,34,40
ATL,2025-07-31,35,40
ATL,2025-07-31,36,39
ATL,2025-07-31,37,39
ATL,2025-07-31,38,37
ATL,2025-07-31,39,31
ATL,2025-07-31,40,39
ATL,2025-07-31,41,27
ATL,2025-07-31,42,27
ATL,2025-07-31,43,20
ATL,2025-07-31,44,39
ATL,2025-07-31,45,29
ATL,2025-07-31,46,30
ATL,2025-07-31,47,22
ATL,2025-07-31,48,21
ATL,2025-07-31,49,24
ATL,2025-07-31,50,29
ATL,2025-07-31,51,39
ATL,2025-07-31,52,19
ATL,2025-07-31,53,25
ATL,2025-07-31,54,18
ATL,2025-07-31,55,39
ATL,2025-07-31,56,33
ATL,2025-07-31,57,27
ATL,2025-07-31,58,32
ATL,2025-07-31,59,26
ATL,2025-07-31,60,16
ATL,2025-07-31,61,38
ATL,2025-07-31,62,37
ATL,2025-07-31,63,36
ATL,2025-07-31,64,29
ATL,2025-07-31,65,26
ATL,2025-07-31,66,25
ATL,2025-07-31,67,39
ATL,2025-07-31,68,27
ATL,2025-07-31,69,35
ATL,2025-07-31,70,14
ATL,2025-07-31,71,28
ATL,2025-07-31,72,25
ATL,2025-07-31,73,21
ATL,2025-07-31,74,24
ATL,2025-07-31,75,26
ATL,2025-07-31,76,15
ATL,2025-07-31,77,21
ATL,2025-07-31,78,31
ATL,2025-07-31,79,27
ATL,2025-07-31,80,26
ATL,2025-07-31,81,32
ATL,2025-07-31,82,32
ATL,2025-07-31,83,29
ATL,2025-07-31,84,21
ATL,2025-07-31,85,27
ATL,2025-07-31,86,33
ATL,2025-07-31,87,39
ATL,2025-07-31,88,20
ATL,2025-07-31,89,20
ATL,2025-07-31,90,9
ATL,2025-07-31,91,27
ATL,2025-07-31,92,19
ATL,2025-07-31,93,10
ATL,2025-07-31,94,4
ATL,2025-07-31,95,9
CLT,2025-07-01,21,1
CLT,2025-07-01,22,2
CLT,2025-07-01,23,1
CLT,2025-07-01,24,8
CLT,2025-07-01,25,16
CLT,2025-07-01,26,11
CLT,2025-07-01,27,3
CLT,2025-07-01,28,20
CLT,2025-07-01,29,16
CLT,2025-07-01,30,17
CLT,2025-07-01,31,20
CLT,2025-07-01,32,20
CLT,2025-07-01,33,20
CLT,2025-07-01,34,18
CLT,2025-07-01,35,19
CLT,2025-07-01,36,20
CLT,2025-07-01,37,20
CLT,2025-07-01,38,20
CLT,2025-07-01,39,20
CLT,2025-07-01,40,20
CLT,2025-07-01,41,21
CLT,2025-07-01,42,20
CLT,2025-07-01,43,20
CLT,2025-07-01,44,21
CLT,2025-07-01,45,20
CLT,2025-07-01,46,20
CLT,2025-07-01,47,19
CLT,2025-07-01,48,19
CLT,2025-07-01,49,14
CLT,2025-07-01,50,16
CLT,2025-07-01,51,18
CLT,2025-07-01,52,20
CLT,2025-07-01,53,20
CLT,2025-07-01,54,18
CLT,2025-07-01,55,20
CLT,2025-07-01,56,16
CLT,2025-07-01,57,17
CLT,2025-07-01,58,20
CLT,2025-07-01,59,20
CLT,2025-07-01,60,18
CLT,2025-07-01,61,20
CLT,2025-07-01,62,21
CLT,2025-07-01,63,20
CLT,2025-07-01,64,20
CLT,2025-07-01,65,21
CLT,2025-07-01,66,20
CLT,2025-07-01,67,21
CLT,2025-07-01,68,20
CLT,2025-07-01,69,20
CLT,2025-07-01,70,18
CLT,2025-07-01,71,18
CLT,2025-07-01,72,20
CLT,2025-07-01,73,17
CLT,2025-07-01,74,16
CLT,2025-07-01,75,11
CLT,2025-07-01,76,20
CLT,2025-07-01,77,20
CLT,2025-07-01,78,20
CLT,2025-07-01,79,14
CLT,2025-07-01,80,7
CLT,2025-07-01,81,20
CLT,2025-07-01,82,20
CLT,2025-07-01,83,20
CLT,2025-07-01,84,15
CLT,2025-07-01,85,16
CLT,2025-07-01,86,19
CLT,2025-07-01,87,20
CLT,2025-07-01,88,7
CLT,2025-07-01,89,11
CLT,2025-07-01,90,20
CLT,2025-07-01,91,20
CLT,2025-07-01,92,6
CLT,2025-07-01,93,1
CLT,2025-07-01,95,3
CLT,2025-07-02,0,1
CLT,2025-07-02,1,1
CLT,2025-07-02,20,2
CLT,2025-07-02,21,2
CLT,2025-07-02,22,3
CLT,2025-07-02,23,4
CLT,2025-07-02,24,11
CLT,2025-07-02,25,16
CLT,2025-07-02,26,12
CLT,2025-07-02,27,5
CLT,2025-07-02,28,19
CLT,2025-07-02,29,18
CLT,2025-07-02,30,15
CLT,2025-07-02,31,21
CLT,2025-07-02,32,21
CLT,2025-07-02,33,21
CLT,2025-07-02,34,16
CLT,2025-07-02,35,17
CLT,2025-07-02,36,21
CLT,2025-07-02,37,21
CLT,2025-07-02,38,17
CLT,2025-07-02,39,19
CLT,2025-07-02,40,21
CLT,2025-07-02,41,21
CLT,2025-07-02,42,17
CLT,2025-07-02,43,17
CLT,2025-07-02,44,21
CLT,2025-07-02,45,21
CLT,2025-07-02,46,21
CLT,2025-07-02,47,18
CLT,2025-07-02,48,17
CLT,2025-07-02,49,19
CLT,2025-07-02,50,15
CLT,2025-07-02,51,16
CLT,2025-07-02,52,21
CLT,2025-07-02,53,21
CLT,2025-07-02,54,16
CLT,2025-07-02,55,20
CLT,2025-07-02,56,15
CLT,2025-07-02,57,16
CLT,2025-07-02,58,21
CLT,2025-07-02,59,21
CLT,2025-07-02,60,19
CLT,2025-07-02,61,21
CLT,2025-07-02,62,21
CLT,2025-07-02,63,21
CLT,2025-07-02,64,21
CLT,2025-07-02,65,21
CLT,2025-07-02,66,21
CLT,2025-07-02,67,22
CLT,2025-07-02,68,21
CLT,2025-07-02,69,21
CLT,2025-07-02,70,19
CLT,2025-07-02,71,19
CLT,2025-07-02,72,21
CLT,2025-07-02,73,21
CLT,2025-07-02,74,18
CLT,2025-07-02,75,16
CLT,2025-07-02,76,21
CLT,2025-07-02,77,21
CLT,2025-07-02,78,21
CLT,2025-07-02,79,17
CLT,2025-07-02,80,17
CLT,2025-07-02,81,21
CLT,2025-07-02,82,21
CLT,2025-07-02,83,22
CLT,2025-07-02,84,21
CLT,2025-07-02,85,22
CLT,2025-07-02,86,21
CLT,2025-07-02,87,21
CLT,2025-07-02,88,12
CLT,2025-07-02,89,12
CLT,2025-07-02,90,21
CLT,2025-07-02,91,21
CLT,2025-07-02,92,11
CLT,2025-07-02,93,6
CLT,2025-07-02,95,3
CLT,2025-07-03,0,1
CLT,2025-07-03,1,1
CLT,2025-07-03,20,2
CLT,2025-07-03,21,2
CLT,2025-07-03,22,4
CLT,2025-07-03,23,4
CLT,2025-07-03,24,11
CLT,2025-07-03,25,18
CLT,2025-07-03,26,11
CLT,2025-07-03,27,6
CLT,2025-07-03,28,18
CLT,2025-07-03,29,21
CLT,2025-07-03,30,21
CLT,2025-07-03,31,21
CLT,2025-07-03,32,21
CLT,2025-07-03,33,22
CLT,2025-07-03,34,21
CLT,2025-07-03,35,21
CLT,2025-07-03,36,22
CLT,2025-07-03,37,22
CLT,2025-07-03,38,21
CLT,2025-07-03,39,22
CLT,2025-07-03,40,21
CLT,2025-07-03,41,22
CLT,2025-07-03,42,21
CLT,2025-07-03,43,21
CLT,2025-07-03,44,22
CLT,2025-07-03,45,21
CLT,2025-07-03,46,21
CLT,2025-07-03,47,21
CLT,2025-07-03,48,20
CLT,2025-07-03,49,21
CLT,2025-07-03,50,13
CLT,2025-07-03,51,15
CLT,2025-07-03,52,21
CLT,2025-07-03,53,21
CLT,2025-07-03,54,21
CLT,2025-07-03,55,21
CLT,2025-07-03,56,17
CLT,2025-07-03,57,18
CLT,2025-07-03,58,21
CLT,2025-07-03,59,21
CLT,2025-07-03,60,21
CLT,2025-07-03,61,21
CLT,2025-07-03,62,22
CLT,2025-07-03,63,21
CLT,2025-07-03,64,22
CLT,2025-07-03,65,22
CLT,2025-07-03,66,22
CLT,2025-07-03,67,21
CLT,2025-07-03,68,21
CLT,2025-07-03,69,21
CLT,2025-07-03,70,21
CLT,2025-07-03,71,18
CLT,2025-07-03,72,21
CLT,2025-07-03,73,21
CLT,2025-07-03,74,18
CLT,2025-07-03,75,18
CLT,2025-07-03,76,21
CLT,2025-07-03,77,21
CLT,2025-07-03,78,21
CLT,2025-07-03,79,20
CLT,2025-07-03,80,21
CLT,2025-07-03,81,21
CLT,2025-07-03,82,21
CLT,2025-07-03,83,22
CLT,2025-07-03,84,21
CLT,2025-07-03,85,22
CLT,2025-07-03,86,21
CLT,2025-07-03,87,21
CLT,2025-07-03,88,15
CLT,2025-07-03,89,15
CLT,2025-07-03,90,21
CLT,2025-07-03,91,21
CLT,2025-07-03,92,14
CLT,2025-07-03,93,6
CLT,2025-07-03,94,1
CLT,2025-07-03,95,3
CLT,2025-07-04,0,1
CLT,2025-07-04,1,1
CLT,2025-07-04,20,2
CLT,2025-07-04,21,2
CLT,2025-07-04,22,3
CLT,2025-07-04,23,4
CLT,2025-07-04,24,12
CLT,2025-07-04,25,19
CLT,2025-07-04,26,12
CLT,2025-07-04,27,5
CLT,2025-07-04,28,20
CLT,2025-07-04,29,20
CLT,2025-07-04,30,20
CLT,2025-07-04,31,21
CLT,2025-07-04,32,21
CLT,2025-07-04,33,21
CLT,2025-07-04,34,21
CLT,2025-07-04,35,21
CLT,2025-07-04,36,21
CLT,2025-07-04,37,22
CLT,2025-07-04,38,21
CLT,2025-07-04,39,21
CLT,2025-07-04,40,22
CLT,2025-07-04,41,22
CLT,2025-07-04,42,21
CLT,2025-07-04,43,22
CLT,2025-07-04,44,22
CLT,2025-07-04,45,21
CLT,2025-07-04,46,21
CLT,2025-07-04,47,18
CLT,2025-07-04,48,18
CLT,2025-07-04,49,20
CLT,2025-07-04,50,14
CLT,2025-07-04,51,15
CLT,2025-07-04,52,21
CLT,2025-07-04,53,21
CLT,2025-07-04,54,21
CLT,2025-07-04,55,21
CLT,2025-07-04,56,16
CLT,2025-07-04,57,17
CLT,2025-07-04,58,21
CLT,2025-07-04,59,21
CLT,2025-07-04,60,18
CLT,2025-07-04,61,20
CLT,2025-07-04,62,21
CLT,2025-07-04,63,20
CLT,2025-07-04,64,21
CLT,2025-07-04,65,21
CLT,2025-07-04,66,22
CLT,2025-07-04,67,22
CLT,2025-07-04,68,21
CLT,2025-07-04,69,21
CLT,2025-07-04,70,15
CLT,2025-07-04,71,15
CLT,2025-07-04,72,21
CLT,2025-07-04,73,17
CLT,2025-07-04,74,15
CLT,2025-07-04,75,3
CLT,2025-07-04,76,6
CLT,2025-07-04,77,6
CLT,2025-07-04,78,2
CLT,2025-07-04,79,2
CLT,2025-07-04,80,2
CLT,2025-07-04,81,3
CLT,2025-07-04,82,4
CLT,2025-07-04,84,2
CLT,2025-07-04,85,2
CLT,2025-07-04,87,2
CLT,2025-07-04,90,1
CLT,2025-07-04,91,2
CLT,2025-07-04,95,4
CLT,2025-07-05,20,3
CLT,2025-07-05,21,1
CLT,2025-07-05,22,2
CLT,2025-07-05,23,4
CLT,2025-07-05,24,11
CLT,2025-07-05,25,10
CLT,2025-07-05,26,7
CLT,2025-07-05,27,5
CLT,2025-07-05,28,13
CLT,2025-07-05,29,12
CLT,2025-07-05,30,15
CLT,2025-07-05,31,18
CLT,2025-07-05,32,19
CLT,2025-07-05,33,19
CLT,2025-07-05,34,16
CLT,2025-07-05,35,18
CLT,2025-07-05,36,19
CLT,2025-07-05,37,19
CLT,2025-07-05,38,19
CLT,2025-07-05,39,19
CLT,2025-07-05,40,19
CLT,2025-07-05,41,19
CLT,2025-07-05,42,19
CLT,2025-07-05,43,19
CLT,2025-07-05,44,20
CLT,2025-07-05,45,19
CLT,2025-07-05,46,19
CLT,2025-07-05,47,11
CLT,2025-07-05,48,15
CLT,2025-07-05,49,19
CLT,2025-07-05,50,9
CLT,2025-07-05,51,9
CLT,2025-07-05,52,19
CLT,2025-07-05,53,17
CLT,2025-07-05,54,17
CLT,2025-07-05,55,19
CLT,2025-07-05,56,17
CLT,2025-07-05,57,18
CLT,2025-07-05,58,19
CLT,2025-07-05,59,18
CLT,2025-07-05,60,19
CLT,2025-07-05,61,19
CLT,2025-07-05,62,19
CLT,2025-07-05,63,18
CLT,2025-07-05,64,19
CLT,2025-07-05,65,19
CLT,2025-07-05,66,18
CLT,2025-07-05,67,18
CLT,2025-07-05,68,19
CLT,2025-07-05,69,19
CLT,2025-07-05,70,17
CLT,2025-07-05,71,18
CLT,2025-07-05,72,19
CLT,2025-07-05,73,19
CLT,2025-07-05,74,18
CLT,2025-07-05,75,18
CLT,2025-07-05,76,19
CLT,2025-07-05,77,19
CLT,2025-07-05,78,19
CLT,2025-07-05,79,19
CLT,2025-07-05,80,19
CLT,2025-07-05,81,19
CLT,2025-07-05,82,19
CLT,2025-07-05,83,19
CLT,2025-07-05,84,18
CLT,2025-07-05,85,18
CLT,2025-07-05,86,19
CLT,2025-07-05,87,19
CLT,2025-07-05,88,16
CLT,2025-07-05,89,16
CLT,2025-07-05,90,19
CLT,2025-07-05,91,19
CLT,2025-07-05,92,15
CLT,2025-07-05,93,9
CLT,2025-07-05,95,3
CLT,2025-07-06,1,1
CLT,2025-07-06,2,2
CLT,2025-07-06,20,1
CLT,2025-07-06,21,2
CLT,2025-07-06,22,5
CLT,2025-07-06,23,3
CLT,2025-07-06,24,11
CLT,2025-07-06,25,18
CLT,2025-07-06,26,11
CLT,2025-07-06,27,10
CLT,2025-07-06,28,19
CLT,2025-07-06,29,21
CLT,2025-07-06,30,20
CLT,2025-07-06,31,21
CLT,2025-07-06,32,21
CLT,2025-07-06,33,21
CLT,2025-07-06,34,21
CLT,2025-07-06,35,21
CLT,2025-07-06,36,22
CLT,2025-07-06,37,22
CLT,2025-07-06,38,21
CLT,2025-07-06,39,22
CLT,2025-07-06,40,22
CLT,2025-07-06,41,22
CLT,2025-07-06,42,22
CLT,2025-07-06,43,22
CLT,2025-07-06,44,22
CLT,2025-07-06,45,21
CLT,2025-07-06,46,21
CLT,2025-07-06,47,18
CLT,2025-07-06,48,17
CLT,2025-07-06,49,21
CLT,2025-07-06,50,11
CLT,2025-07-06,51,11
CLT,2025-07-06,52,21
CLT,2025-07-06,53,20
CLT,2025-07-06,54,21
CLT,2025-07-06,55,21
CLT,2025-07-06,56,20
CLT,2025-07-06,57,20
CLT,2025-07-06,58,21
CLT,2025-07-06,59,21
CLT,2025-07-06,60,21
CLT,2025-07-06,61,22
CLT,2025-07-06,62,22
CLT,2025-07-06,63,22
CLT,2025-07-06,64,21
CLT,2025-07-06,65,22
CLT,2025-07-06,66,22
CLT,2025-07-06,67,21
CLT,2025-07-06,68,21
CLT,2025-07-06,69,21
CLT,2025-07-06,70,19
CLT,2025-07-06,71,18
CLT,2025-07-06,72,21
CLT,2025-07-06,73,21
CLT,2025-07-06,74,18
CLT,2025-07-06,75,19
CLT,2025-07-06,76,21
CLT,2025-07-06,77,22
CLT,2025-07-06,78,22
CLT,2025-07-06,79,21
CLT,2025-07-06,80,22
CLT,2025-07-06,81,22
CLT,2025-07-06,82,21
CLT,2025-07-06,83,21
CLT,2025-07-06,84,20
CLT,2025-07-06,85,20
CLT,2025-07-06,86,21
CLT,2025-07-06,87,21
CLT,2025-07-06,88,18
CLT,2025-07-06,89,18
CLT,2025-07-06,90,21
CLT,2025-07-06,91,21
CLT,2025-07-06,92,14
CLT,2025-07-06,93,7
CLT,2025-07-06,94,1
CLT,2025-07-06,95,4
CLT,2025-07-07,0,1
CLT,2025-07-07,1,2
CLT,2025-07-07,20,2
CLT,2025-07-07,21,2
CLT,2025-07-07,22,4
CLT,2025-07-07,23,4
CLT,2025-07-07,24,12
CLT,2025-07-07,25,20
CLT,2025-07-07,26,11
CLT,2025-07-07,27,9
CLT,2025-07-07,28,19
CLT,2025-07-07,29,21
CLT,2025-07-07,30,19
CLT,2025-07-07,31,21
CLT,2025-07-07,32,21
CLT,2025-07-07,33,21
CLT,2025-07-07,34,20
CLT,2025-07-07,35,21
CLT,2025-07-07,36,21
CLT,2025-07-07,37,22
CLT,2025-07-07,38,22
CLT,2025-07-07,39,22
CLT,2025-07-07,40,22
CLT,2025-07-07,41,22
CLT,2025-07-07,42,21
CLT,2025-07-07,43,21
CLT,2025-07-07,44,22
CLT,2025-07-07,45,22
CLT,2025-07-07,46,21
CLT,2025-07-07,47,15
CLT,2025-07-07,48,16
CLT,2025-07-07,49,21
CLT,2025-07-07,50,12
CLT,2025-07-07,51,13
CLT,2025-07-07,52,21
CLT,2025-07-07,53,21
CLT,2025-07-07,54,21
CLT,2025-07-07,55,21
CLT,2025-07-07,56,20
CLT,2025-07-07,57,19
CLT,2025-07-07,58,21
CLT,2025-07-07,59,20
CLT,2025-07-07,60,21
CLT,2025-07-07,61,21
CLT,2025-07-07,62,22
CLT,2025-07-07,63,21
CLT,2025-07-07,64,21
CLT,2025-07-07,65,22
CLT,2025-07-07,66,22
CLT,2025-07-07,67,21
CLT,2025-07-07,68,22
CLT,2025-07-07,69,21
CLT,2025-07-07,70,21
CLT,2025-07-07,71,17
CLT,2025-07-07,72,21
CLT,2025-07-07,73,20
CLT,2025-07-07,74,17
CLT,2025-07-07,75,21
CLT,2025-07-07,76,21
CLT,2025-07-07,77,21
CLT,2025-07-07,78,22
CLT,2025-07-07,79,21
CLT,2025-07-07,80,21
CLT,2025-07-07,81,22
CLT,2025-07-07,82,22
CLT,2025-07-07,83,21
CLT,2025-07-07,84,21
CLT,2025-07-07,85,21
CLT,2025-07-07,86,21
CLT,2025-07-07,87,21
CLT,2025-07-07,88,17
CLT,2025-07-07,89,16
CLT,2025-07-07,90,21
CLT,2025-07-07,91,21
CLT,2025-07-07,92,14
CLT,2025-07-07,93,7
CLT,2025-07-07,94,2
CLT,2025-07-07,95,2
CLT,2025-07-08,0,1
CLT,2025-07-08,1,2
CLT,2025-07-08,20,1
CLT,2025-07-08,21,2
CLT,2025-07-08,22,3
CLT,2025-07-08,23,5
CLT,2025-07-08,24,13
CLT,2025-07-08,25,20
CLT,2025-07-08,26,12
CLT,2025-07-08,27,12
CLT,2025-07-08,28,19
CLT,2025-07-08,29,20
CLT,2025-07-08,30,18
CLT,2025-07-08,31,20
CLT,2025-07-08,32,20
CLT,2025-07-08,33,20
CLT,2025-07-08,34,19
CLT,2025-07-08,35,20
CLT,2025-07-08,36,20
CLT,2025-07-08,37,21
CLT,2025-07-08,38,21
CLT,2025-07-08,39,21
CLT,2025-07-08,40,21
CLT,2025-07-08,41,21
CLT,2025-07-08,42,20
CLT,2025-07-08,43,20
CLT,2025-07-08,44,21
CLT,2025-07-08,45,21
CLT,2025-07-08,46,20
CLT,2025-07-08,47,15
CLT,2025-07-08,48,15
CLT,2025-07-08,49,20
CLT,2025-07-08,50,14
CLT,2025-07-08,51,14
CLT,2025-07-08,52,20
CLT,2025-07-08,53,20
CLT,2025-07-08,54,19
CLT,2025-07-08,55,20
CLT,2025-07-08,56,18
CLT,2025-07-08,57,19
CLT,2025-07-08,58,20
CLT,2025-07-08,59,19
CLT,2025-07-08,60,20
CLT,2025-07-08,61,20
CLT,2025-07-08,62,21
CLT,2025-07-08,63,21
CLT,2025-07-08,64,21
CLT,2025-07-08,65,21
CLT,2025-07-08,66,21
CLT,2025-07-08,67,20
CLT,2025-07-08,68,21
CLT,2025-07-08,69,20
CLT,2025-07-08,70,20
CLT,2025-07-08,71,16
CLT,2025-07-08,72,20
CLT,2025-07-08,73,19
CLT,2025-07-08,74,16
CLT,2025-07-08,75,17
CLT,2025-07-08,76,17
CLT,2025-07-08,77,20
CLT,2025-07-08,78,20
CLT,2025-07-08,79,17
CLT,2025-07-08,80,17
CLT,2025-07-08,81,20
CLT,2025-07-08,82,20
CLT,2025-07-08,83,20
CLT,2025-07-08,84,18
CLT,2025-07-08,85,18
CLT,2025-07-08,86,20
CLT,2025-07-08,87,20
CLT,2025-07-08,88,14
CLT,2025-07-08,89,13
CLT,2025-07-08,90,20
CLT,2025-07-08,91,20
CLT,2025-07-08,92,11
CLT,2025-07-08,93,5
CLT,2025-07-08,94,1
CLT,2025-07-08,95,1
CLT,2025-07-09,0,1
CLT,2025-07-09,1,1
CLT,2025-07-09,20,1
CLT,2025-07-09,21,2
CLT,2025-07-09,22,3
CLT,2025-07-09,23,4
CLT,2025-07-09,24,13
CLT,2025-07-09,25,19
CLT,2025-07-09,26,11
CLT,2025-07-09,27,6
CLT,2025-07-09,28,20
CLT,2025-07-09,29,21
CLT,2025-07-09,30,18
CLT,2025-07-09,31,21
CLT,2025-07-09,32,21
CLT,2025-07-09,33,21
CLT,2025-07-09,34,18
CLT,2025-07-09,35,20
CLT,2025-07-09,36,21
CLT,2025-07-09,37,21
CLT,2025-07-09,38,20
CLT,2025-07-09,39,21
CLT,2025-07-09,40,21
CLT,2025-07-09,41,21
CLT,2025-07-09,42,21
CLT,2025-07-09,43,21
CLT,2025-07-09,44,21
CLT,2025-07-09,45,22
CLT,2025-07-09,46,21
CLT,2025-07-09,47,15
CLT,2025-07-09,48,15
CLT,2025-07-09,49,21
CLT,2025-07-09,50,12
CLT,2025-07-09,51,13
CLT,2025-07-09,52,21
CLT,2025-07-09,53,21
CLT,2025-07-09,54,18
CLT,2025-07-09,55,21
CLT,2025-07-09,56,16
CLT,2025-07-09,57,15
CLT,2025-07-09,58,21
CLT,2025-07-09,59,18
CLT,2025-07-09,60,19
CLT,2025-07-09,61,20
CLT,2025-07-09,62,21
CLT,2025-07-09,63,20
CLT,2025-07-09,64,20
CLT,2025-07-09,65,21
CLT,2025-07-09,66,19
CLT,2025-07-09,67,19
CLT,2025-07-09,68,21
CLT,2025-07-09,69,21
CLT,2025-07-09,70,18
CLT,2025-07-09,71,12
CLT,2025-07-09,72,20
CLT,2025-07-09,73,19
CLT,2025-07-09,74,15
CLT,2025-07-09,75,11
CLT,2025-07-09,76,14
CLT,2025-07-09,77,18
CLT,2025-07-09,78,21
CLT,2025-07-09,79,11
CLT,2025-07-09,80,7
CLT,2025-07-09,81,21
CLT,2025-07-09,82,20
CLT,2025-07-09,83,18
CLT,2025-07-09,84,10
CLT,2025-07-09,85,14
CLT,2025-07-09,86,17
CLT,2025-07-09,87,18
CLT,2025-07-09,89,9
CLT,2025-07-09,90,18
CLT,2025-07-09,91,13
CLT,2025-07-09,92,3
CLT,2025-07-09,94,2
CLT,2025-07-09,95,1
CLT,2025-07-10,0,1
CLT,2025-07-10,1,1
CLT,2025-07-10,20,1
CLT,2025-07-10,21,1
CLT,2025-07-10,22,4
CLT,2025-07-10,23,3
CLT,2025-07-10,24,12
CLT,2025-07-10,25,15
CLT,2025-07-10,26,9
CLT,2025-07-10,27,9
CLT,2025-07-10,28,18
CLT,2025-07-10,29,20
CLT,2025-07-10,30,16
CLT,2025-07-10,31,20
CLT,2025-07-10,32,20
CLT,2025-07-10,33,20
CLT,2025-07-10,34,17
CLT,2025-07-10,35,19
CLT,2025-07-10,36,20
CLT,2025-07-10,37,20
CLT,2025-07-10,38,20
CLT,2025-07-10,39,21
CLT,2025-07-10,40,21
CLT,2025-07-10,41,21
CLT,2025-07-10,42,20
CLT,2025-07-10,43,20
CLT,2025-07-10,44,21
CLT,2025-07-10,45,21
CLT,2025-07-10,46,20
CLT,2025-07-10,47,17
CLT,2025-07-10,48,16
CLT,2025-07-10,49,20
CLT,2025-07-10,50,13
CLT,2025-07-10,51,14
CLT,2025-07-10,52,20
CLT,2025-07-10,53,20
CLT,2025-07-10,54,21
CLT,2025-07-10,55,20
CLT,2025-07-10,56,20
CLT,2025-07-10,57,16
CLT,2025-07-10,58,20
CLT,2025-07-10,59,20
CLT,2025-07-10,60,21
CLT,2025-07-10,61,20
CLT,2025-07-10,62,21
CLT,2025-07-10,63,20
CLT,2025-07-10,64,20
CLT,2025-07-10,65,20
CLT,2025-07-10,66,20
CLT,2025-07-10,67,20
CLT,2025-07-10,68,20
CLT,2025-07-10,69,20
CLT,2025-07-10,70,20
CLT,2025-07-10,71,18
CLT,2025-07-10,72,20
CLT,2025-07-10,73,20
CLT,2025-07-10,74,18
CLT,2025-07-10,75,20
CLT,2025-07-10,76,20
CLT,2025-07-10,77,21
CLT,2025-07-10,78,20
CLT,2025-07-10,79,20
CLT,2025-07-10,80,20
CLT,2025-07-10,81,21
CLT,2025-07-10,82,20
CLT,2025-07-10,83,20
CLT,2025-07-10,84,19
CLT,2025-07-10,85,19
CLT,2025-07-10,86,20
CLT,2025-07-10,87,20
CLT,2025-07-10,88,12
CLT,2025-07-10,89,15
CLT,2025-07-10,90,20
CLT,2025-07-10,91,20
CLT,2025-07-10,92,10
CLT,2025-07-10,93,4
CLT,2025-07-10,94,3
CLT,2025-07-10,95,2
CLT,2025-07-11,0,1
CLT,2025-07-11,1,2
CLT,2025-07-11,20,1
CLT,2025-07-11,21,2
CLT,2025-07-11,22,4
CLT,2025-07-11,23,4
CLT,2025-07-11,24,15
CLT,2025-07-11,25,20
CLT,2025-07-11,26,11
CLT,2025-07-11,27,6
CLT,2025-07-11,28,18
CLT,2025-07-11,29,22
CLT,2025-07-11,30,16
CLT,2025-07-11,31,22
CLT,2025-07-11,32,22
CLT,2025-07-11,33,22
CLT,2025-07-11,34,16
CLT,2025-07-11,35,18
CLT,2025-07-11,36,22
CLT,2025-07-11,37,22
CLT,2025-07-11,38,21
CLT,2025-07-11,39,21
CLT,2025-07-11,40,22
CLT,2025-07-11,41,22
CLT,2025-07-11,42,21
CLT,2025-07-11,43,22
CLT,2025-07-11,44,22
CLT,2025-07-11,45,23
CLT,2025-07-11,46,22
CLT,2025-07-11,47,13
CLT,2025-07-11,48,16
CLT,2025-07-11,49,22
CLT,2025-07-11,50,9
CLT,2025-07-11,51,11
CLT,2025-07-11,52,22
CLT,2025-07-11,53,22
CLT,2025-07-11,54,22
CLT,2025-07-11,55,20
CLT,2025-07-11,56,20
CLT,2025-07-11,57,18
CLT,2025-07-11,58,22
CLT,2025-07-11,59,20
CLT,2025-07-11,60,22
CLT,2025-07-11,61,22
CLT,2025-07-11,62,22
CLT,2025-07-11,63,21
CLT,2025-07-11,64,22
CLT,2025-07-11,65,22
CLT,2025-07-11,66,22
CLT,2025-07-11,67,20
CLT,2025-07-11,68,22
CLT,2025-07-11,69,22
CLT,2025-07-11,70,20
CLT,2025-07-11,71,16
CLT,2025-07-11,72,22
CLT,2025-07-11,73,21
CLT,2025-07-11,74,16
CLT,2025-07-11,75,18
CLT,2025-07-11,76,22
CLT,2025-07-11,77,22
CLT,2025-07-11,78,22
CLT,2025-07-11,79,21
CLT,2025-07-11,80,22
CLT,2025-07-11,81,22
CLT,2025-07-11,82,22
CLT,2025-07-11,83,22
CLT,2025-07-11,84,21
CLT,2025-07-11,85,21
CLT,2025-07-11,86,22
CLT,2025-07-11,87,22
CLT,2025-07-11,88,15
CLT,2025-07-11,89,15
CLT,2025-07-11,90,22
CLT,2025-07-11,91,22
CLT,2025-07-11,92,12
CLT,2025-07-11,93,4
CLT,2025-07-11,94,3
CLT,2025-07-11,95,2
CLT,2025-07-12,0,1
CLT,2025-07-12,1,2
CLT,2025-07-12,18,1
CLT,2025-07-12,20,2
CLT,2025-07-12,21,2
CLT,2025-07-12,22,2
CLT,2025-07-12,23,3
CLT,2025-07-12,24,14
CLT,2025-07-12,25,20
CLT,2025-07-12,26,12
CLT,2025-07-12,27,4
CLT,2025-07-12,28,20
CLT,2025-07-12,29,20
CLT,2025-07-12,30,18
CLT,2025-07-12,31,20
CLT,2025-07-12,32,20
CLT,2025-07-12,33,20
CLT,2025-07-12,34,18
CLT,2025-07-12,35,20
CLT,2025-07-12,36,20
CLT,2025-07-12,37,20
CLT,2025-07-12,38,20
CLT,2025-07-12,39,21
CLT,2025-07-12,40,21
CLT,2025-07-12,41,21
CLT,2025-07-12,42,20
CLT,2025-07-12,43,20
CLT,2025-07-12,44,21
CLT,2025-07-12,45,21
CLT,2025-07-12,46,20
CLT,2025-07-12,47,12
CLT,2025-07-12,48,13
CLT,2025-07-12,49,19
CLT,2025-07-12,50,10
CLT,2025-07-12,51,10
CLT,2025-07-12,52,20
CLT,2025-07-12,53,17
CLT,2025-07-12,54,20
CLT,2025-07-12,55,20
CLT,2025-07-12,56,17
CLT,2025-07-12,57,17
CLT,2025-07-12,58,20
CLT,2025-07-12,59,19
CLT,2025-07-12,60,20
CLT,2025-07-12,61,18
CLT,2025-07-12,62,20
CLT,2025-07-12,63,18
CLT,2025-07-12,64,18
CLT,2025-07-12,65,20
CLT,2025-07-12,66,18
CLT,2025-07-12,67,17
CLT,2025-07-12,68,20
CLT,2025-07-12,69,20
CLT,2025-07-12,70,16
CLT,2025-07-12,71,16
CLT,2025-07-12,72,20
CLT,2025-07-12,73,20
CLT,2025-07-12,74,15
CLT,2025-07-12,75,16
CLT,2025-07-12,76,20
CLT,2025-07-12,77,20
CLT,2025-07-12,78,20
CLT,2025-07-12,79,16
CLT,2025-07-12,80,17
CLT,2025-07-12,81,20
CLT,2025-07-12,82,20
CLT,2025-07-12,83,19
CLT,2025-07-12,84,15
CLT,2025-07-12,85,19
CLT,2025-07-12,86,20
CLT,2025-07-12,87,20
CLT,2025-07-12,88,13
CLT,2025-07-12,89,12
CLT,2025-07-12,90,20
CLT,2025-07-12,91,20
CLT,2025-07-12,92,11
CLT,2025-07-12,93,6
CLT,2025-07-12,94,2
CLT,2025-07-12,95,2
CLT,2025-07-13,2,2
CLT,2025-07-13,20,1
CLT,2025-07-13,21,2
CLT,2025-07-13,22,5
CLT,2025-07-13,23,2
CLT,2025-07-13,24,14
CLT,2025-07-13,25,20
CLT,2025-07-13,26,11
CLT,2025-07-13,27,10
CLT,2025-07-13,28,19
CLT,2025-07-13,29,20
CLT,2025-07-13,30,18
CLT,2025-07-13,31,20
CLT,2025-07-13,32,20
CLT,2025-07-13,33,20
CLT,2025-07-13,34,19
CLT,2025-07-13,35,19
CLT,2025-07-13,36,20
CLT,2025-07-13,37,20
CLT,2025-07-13,38,20
CLT,2025-07-13,39,20
CLT,2025-07-13,40,20
CLT,2025-07-13,41,20
CLT,2025-07-13,42,20
CLT,2025-07-13,43,20
CLT,2025-07-13,44,21
CLT,2025-07-13,45,21
CLT,2025-07-13,46,20
CLT,2025-07-13,47,15
CLT,2025-07-13,48,16
CLT,2025-07-13,49,20
CLT,2025-07-13,50,12
CLT,2025-07-13,51,12
CLT,2025-07-13,52,20
CLT,2025-07-13,53,19
CLT,2025-07-13,54,20
CLT,2025-07-13,55,20
CLT,2025-07-13,56,19
CLT,2025-07-13,57,18
CLT,2025-07-13,58,20
CLT,2025-07-13,59,19
CLT,2025-07-13,60,20
CLT,2025-07-13,61,20
CLT,2025-07-13,62,20
CLT,2025-07-13,63,20
CLT,2025-07-13,64,20
CLT,2025-07-13,65,21
CLT,2025-07-13,66,21
CLT,2025-07-13,67,20
CLT,2025-07-13,68,20
CLT,2025-07-13,69,20
CLT,2025-07-13,70,20
CLT,2025-07-13,71,18
CLT,2025-07-13,72,20
CLT,2025-07-13,73,20
CLT,2025-07-13,74,19
CLT,2025-07-13,75,20
CLT,2025-07-13,76,20
CLT,2025-07-13,77,21
CLT,2025-07-13,78,21
CLT,2025-07-13,79,21
CLT,2025-07-13,80,21
CLT,2025-07-13,81,21
CLT,2025-07-13,82,21
CLT,2025-07-13,83,20
CLT,2025-07-13,84,20
CLT,2025-07-13,85,20
CLT,2025-07-13,86,20
CLT,2025-07-13,87,20
CLT,2025-07-13,88,15
CLT,2025-07-13,89,14
CLT,2025-07-13,90,20
CLT,2025-07-13,91,20
CLT,2025-07-13,92,12
CLT,2025-07-13,93,4
CLT,2025-07-13,94,3
CLT,2025-07-13,95,3
CLT,2025-07-14,0,1
CLT,2025-07-14,1,2
CLT,2025-07-14,21,2
CLT,2025-07-14,22,5
CLT,2025-07-14,23,2
CLT,2025-07-14,24,14
CLT,2025-07-14,25,21
CLT,2025-07-14,26,11
CLT,2025-07-14,27,8
CLT,2025-07-14,28,18
CLT,2025-07-14,29,21
CLT,2025-07-14,30,16
CLT,2025-07-14,31,21
CLT,2025-07-14,32,21
CLT,2025-07-14,33,21
CLT,2025-07-14,34,17
CLT,2025-07-14,35,19
CLT,2025-07-14,36,21
CLT,2025-07-14,37,21
CLT,2025-07-14,38,21
CLT,2025-07-14,39,21
CLT,2025-07-14,40,22
CLT,2025-07-14,41,22
CLT,2025-07-14,42,21
CLT,2025-07-14,43,21
CLT,2025-07-14,44,22
CLT,2025-07-14,45,21
CLT,2025-07-14,46,21
CLT,2025-07-14,47,16
CLT,2025-07-14,48,15
CLT,2025-07-14,49,21
CLT,2025-07-14,50,10
CLT,2025-07-14,51,12
CLT,2025-07-14,52,21
CLT,2025-07-14,53,21
CLT,2025-07-14,54,21
CLT,2025-07-14,55,21
CLT,2025-07-14,56,20
CLT,2025-07-14,57,15
CLT,2025-07-14,58,21
CLT,2025-07-14,59,19
CLT,2025-07-14,60,21
CLT,2025-07-14,61,19
CLT,2025-07-14,62,21
CLT,2025-07-14,63,19
CLT,2025-07-14,64,19
CLT,2025-07-14,65,21
CLT,2025-07-14,66,19
CLT,2025-07-14,67,18
CLT,2025-07-14,68,21
CLT,2025-07-14,69,21
CLT,2025-07-14,70,17
CLT,2025-07-14,71,14
CLT,2025-07-14,72,21
CLT,2025-07-14,73,19
CLT,2025-07-14,74,14
CLT,2025-07-14,75,15
CLT,2025-07-14,76,21
CLT,2025-07-14,77,21
CLT,2025-07-14,78,21
CLT,2025-07-14,79,17
CLT,2025-07-14,80,18
CLT,2025-07-14,81,21
CLT,2025-07-14,82,21
CLT,2025-07-14,83,21
CLT,2025-07-14,84,19
CLT,2025-07-14,85,18
CLT,2025-07-14,86,21
CLT,2025-07-14,87,21
CLT,2025-07-14,88,10
CLT,2025-07-14,89,10
CLT,2025-07-14,90,21
CLT,2025-07-14,91,21
CLT,2025-07-14,92,9
CLT,2025-07-14,93,4
CLT,2025-07-14,94,3
CLT,2025-07-14,95,2
CLT,2025-07-15,1,2
CLT,2025-07-15,20,1
CLT,2025-07-15,21,1
CLT,2025-07-15,22,3
CLT,2025-07-15,23,3
CLT,2025-07-15,24,16
CLT,2025-07-15,25,20
CLT,2025-07-15,26,12
CLT,2025-07-15,27,8
CLT,2025-07-15,28,17
CLT,2025-07-15,29,20
CLT,2025-07-15,30,17
CLT,2025-07-15,31,20
CLT,2025-07-15,32,20
CLT,2025-07-15,33,20
CLT,2025-07-15,34,18
CLT,2025-07-15,35,19
CLT,2025-07-15,36,20
CLT,2025-07-15,37,20
CLT,2025-07-15,38,19
CLT,2025-07-15,39,20
CLT,2025-07-15,40,20
CLT,2025-07-15,41,20
CLT,2025-07-15,42,20
CLT,2025-07-15,43,20
CLT,2025-07-15,44,21
CLT,2025-07-15,45,20
CLT,2025-07-15,46,19
CLT,2025-07-15,47,16
CLT,2025-07-15,48,15
CLT,2025-07-15,49,20
CLT,2025-07-15,50,12
CLT,2025-07-15,51,14
CLT,2025-07-15,52,20
CLT,2025-07-15,53,20
CLT,2025-07-15,54,17
CLT,2025-07-15,55,20
CLT,2025-07-15,56,18
CLT,2025-07-15,57,17
CLT,2025-07-15,58,20
CLT,2025-07-15,59,20
CLT,2025-07-15,60,20
CLT,2025-07-15,61,20
CLT,2025-07-15,62,20
CLT,2025-07-15,63,20
CLT,2025-07-15,64,20
CLT,2025-07-15,65,21
CLT,2025-07-15,66,21
CLT,2025-07-15,67,21
CLT,2025-07-15,68,21
CLT,2025-07-15,69,20
CLT,2025-07-15,70,20
CLT,2025-07-15,71,14
CLT,2025-07-15,72,20
CLT,2025-07-15,73,20
CLT,2025-07-15,74,14
CLT,2025-07-15,75,16
CLT,2025-07-15,76,18
CLT,2025-07-15,77,20
CLT,2025-07-15,78,20
CLT,2025-07-15,79,17
CLT,2025-07-15,80,13
CLT,2025-07-15,81,20
CLT,2025-07-15,82,20
CLT,2025-07-15,83,20
CLT,2025-07-15,84,13
CLT,2025-07-15,85,17
CLT,2025-07-15,86,20
CLT,2025-07-15,87,20
CLT,2025-07-15,88,11
CLT,2025-07-15,89,13
CLT,2025-07-15,90,20
CLT,2025-07-15,91,20
CLT,2025-07-15,92,10
CLT,2025-07-15,93,4
CLT,2025-07-15,94,2
CLT,2025-07-15,95,2
CLT,2025-07-16,0,1
CLT,2025-07-16,1,1
CLT,2025-07-16,20,1
CLT,2025-07-16,21,2
CLT,2025-07-16,22,2
CLT,2025-07-16,23,4
CLT,2025-07-16,24,14
CLT,2025-07-16,25,18
CLT,2025-07-16,26,9
CLT,2025-07-16,27,4
CLT,2025-07-16,28,19
CLT,2025-07-16,29,20
CLT,2025-07-16,30,18
CLT,2025-07-16,31,20
CLT,2025-07-16,32,20
CLT,2025-07-16,33,20
CLT,2025-07-16,34,19
CLT,2025-07-16,35,20
CLT,2025-07-16,36,20
CLT,2025-07-16,37,20
CLT,2025-07-16,38,20
CLT,2025-07-16,39,20
CLT,2025-07-16,40,21
CLT,2025-07-16,41,21
CLT,2025-07-16,42,20
CLT,2025-07-16,43,20
CLT,2025-07-16,44,21
CLT,2025-07-16,45,20
CLT,2025-07-16,46,20
CLT,2025-07-16,47,20
CLT,2025-07-16,48,16
CLT,2025-07-16,49,20
CLT,2025-07-16,50,14
CLT,2025-07-16,51,16
CLT,2025-07-16,52,20
CLT,2025-07-16,53,20
CLT,2025-07-16,54,17
CLT,2025-07-16,55,20
CLT,2025-07-16,56,17
CLT,2025-07-16,57,17
CLT,2025-07-16,58,20
CLT,2025-07-16,59,20
CLT,2025-07-16,60,20
CLT,2025-07-16,61,21
CLT,2025-07-16,62,21
CLT,2025-07-16,63,21
CLT,2025-07-16,64,21
CLT,2025-07-16,65,21
CLT,2025-07-16,66,21
CLT,2025-07-16,67,21
CLT,2025-07-16,68,21
CLT,2025-07-16,69,20
CLT,2025-07-16,70,20
CLT,2025-07-16,71,16
CLT,2025-07-16,72,20
CLT,2025-07-16,73,20
CLT,2025-07-16,74,17
CLT,2025-07-16,75,18
CLT,2025-07-16,76,18
CLT,2025-07-16,77,20
CLT,2025-07-16,78,20
CLT,2025-07-16,79,18
CLT,2025-07-16,80,18
CLT,2025-07-16,81,20
CLT,2025-07-16,82,20
CLT,2025-07-16,83,20
CLT,2025-07-16,84,17
CLT,2025-07-16,85,19
CLT,2025-07-16,86,20
CLT,2025-07-16,87,20
CLT,2025-07-16,88,16
CLT,2025-07-16,89,15
CLT,2025-07-16,90,20
CLT,2025-07-16,91,20
CLT,2025-07-16,92,13
CLT,2025-07-16,93,4
CLT,2025-07-16,94,2
CLT,2025-07-16,95,1
CLT,2025-07-17,1,2
CLT,2025-07-17,20,1
CLT,2025-07-17,21,2
CLT,2025-07-17,22,5
CLT,2025-07-17,23,3
CLT,2025-07-17,24,14
CLT,2025-07-17,25,19
CLT,2025-07-17,26,10
CLT,2025-07-17,27,7
CLT,2025-07-17,28,19
CLT,2025-07-17,29,22
CLT,2025-07-17,30,16
CLT,2025-07-17,31,22
CLT,2025-07-17,32,22
CLT,2025-07-17,33,22
CLT,2025-07-17,34,16
CLT,2025-07-17,35,18
CLT,2025-07-17,36,22
CLT,2025-07-17,37,22
CLT,2025-07-17,38,22
CLT,2025-07-17,39,22
CLT,2025-07-17,40,22
CLT,2025-07-17,41,22
CLT,2025-07-17,42,22
CLT,2025-07-17,43,22
CLT,2025-07-17,44,22
CLT,2025-07-17,45,23
CLT,2025-07-17,46,22
CLT,2025-07-17,47,14
CLT,2025-07-17,48,16
CLT,2025-07-17,49,22
CLT,2025-07-17,50,10
CLT,2025-07-17,51,12
CLT,2025-07-17,52,22
CLT,2025-07-17,53,22
CLT,2025-07-17,54,22
CLT,2025-07-17,55,19
CLT,2025-07-17,56,18
CLT,2025-07-17,57,14
CLT,2025-07-17,58,22
CLT,2025-07-17,59,20
CLT,2025-07-17,60,22
CLT,2025-07-17,61,21
CLT,2025-07-17,62,22
CLT,2025-07-17,63,21
CLT,2025-07-17,64,21
CLT,2025-07-17,65,22
CLT,2025-07-17,66,21
CLT,2025-07-17,67,20
CLT,2025-07-17,68,22
CLT,2025-07-17,69,22
CLT,2025-07-17,70,19
CLT,2025-07-17,71,17
CLT,2025-07-17,72,22
CLT,2025-07-17,73,22
CLT,2025-07-17,74,18
CLT,2025-07-17,75,20
CLT,2025-07-17,76,21
CLT,2025-07-17,77,22
CLT,2025-07-17,78,22
CLT,2025-07-17,79,21
CLT,2025-07-17,80,21
CLT,2025-07-17,81,22
CLT,2025-07-17,82,22
CLT,2025-07-17,83,22
CLT,2025-07-17,84,21
CLT,2025-07-17,85,21
CLT,2025-07-17,86,22
CLT,2025-07-17,87,22
CLT,2025-07-17,88,16
CLT,2025-07-17,89,15
CLT,2025-07-17,90,22
CLT,2025-07-17,91,22
CLT,2025-07-17,92,12
CLT,2025-07-17,93,6
CLT,2025-07-17,94,3
CLT,2025-07-17,95,2
CLT,2025-07-18,0,1
CLT,2025-07-18,1,2
CLT,2025-07-18,20,1
CLT,2025-07-18,21,2
CLT,2025-07-18,22,5
CLT,2025-07-18,23,3
CLT,2025-07-18,24,15
CLT,2025-07-18,25,19
CLT,2025-07-18,26,11
CLT,2025-07-18,27,7
CLT,2025-07-18,28,18
CLT,2025-07-18,29,22
CLT,2025-07-18,30,17
CLT,2025-07-18,31,22
CLT,2025-07-18,32,22
CLT,2025-07-18,33,22
CLT,2025-07-18,34,17
CLT,2025-07-18,35,19
CLT,2025-07-18,36,22
CLT,2025-07-18,37,22
CLT,2025-07-18,38,22
CLT,2025-07-18,39,22
CLT,2025-07-18,40,23
CLT,2025-07-18,41,23
CLT,2025-07-18,42,22
CLT,2025-07-18,43,22
CLT,2025-07-18,44,23
CLT,2025-07-18,45,23
CLT,2025-07-18,46,22
CLT,2025-07-18,47,12
CLT,2025-07-18,48,15
CLT,2025-07-18,49,22
CLT,2025-07-18,50,11
CLT,2025-07-18,51,12
CLT,2025-07-18,52,22
CLT,2025-07-18,53,22
CLT,2025-07-18,54,22
CLT,2025-07-18,55,21
CLT,2025-07-18,56,19
CLT,2025-07-18,57,17
CLT,2025-07-18,58,22
CLT,2025-07-18,59,19
CLT,2025-07-18,60,22
CLT,2025-07-18,61,21
CLT,2025-07-18,62,22
CLT,2025-07-18,63,21
CLT,2025-07-18,64,21
CLT,2025-07-18,65,22
CLT,2025-07-18,66,22
CLT,2025-07-18,67,21
CLT,2025-07-18,68,22
CLT,2025-07-18,69,22
CLT,2025-07-18,70,20
CLT,2025-07-18,71,16
CLT,2025-07-18,72,22
CLT,2025-07-18,73,21
CLT,2025-07-18,74,16
CLT,2025-07-18,75,19
CLT,2025-07-18,76,22
CLT,2025-07-18,77,22
CLT,2025-07-18,78,22
CLT,2025-07-18,79,21
CLT,2025-07-18,80,21
CLT,2025-07-18,81,22
CLT,2025-07-18,82,22
CLT,2025-07-18,83,22
CLT,2025-07-18,84,21
CLT,2025-07-18,85,21
CLT,2025-07-18,86,22
CLT,2025-07-18,87,22
CLT,2025-07-18,88,15
CLT,2025-07-18,89,14
CLT,2025-07-18,90,22
CLT,2025-07-18,91,22
CLT,2025-07-18,92,12
CLT,2025-07-18,93,7
CLT,2025-07-18,94,3
CLT,2025-07-18,95,2
CLT,2025-07-19,0,1
CLT,2025-07-19,1,2
CLT,2025-07-19,18,1
CLT,2025-07-19,20,1
CLT,2025-07-19,21,2
CLT,2025-07-19,22,4
CLT,2025-07-19,23,3
CLT,2025-07-19,24,14
CLT,2025-07-19,25,19
CLT,2025-07-19,26,11
CLT,2025-07-19,27,3
CLT,2025-07-19,28,20
CLT,2025-07-19,29,20
CLT,2025-07-19,30,19
CLT,2025-07-19,31,20
CLT,2025-07-19,32,20
CLT,2025-07-19,33,20
CLT,2025-07-19,34,19
CLT,2025-07-19,35,19
CLT,2025-07-19,36,20
CLT,2025-07-19,37,20
CLT,2025-07-19,38,20
CLT,2025-07-19,39,21
CLT,2025-07-19,40,21
CLT,2025-07-19,41,21
CLT,2025-07-19,42,20
CLT,2025-07-19,43,20
CLT,2025-07-19,44,21
CLT,2025-07-19,45,20
CLT,2025-07-19,46,20
CLT,2025-07-19,47,13
CLT,2025-07-19,48,12
CLT,2025-07-19,49,20
CLT,2025-07-19,50,11
CLT,2025-07-19,51,11
CLT,2025-07-19,52,20
CLT,2025-07-19,53,17
CLT,2025-07-19,54,19
CLT,2025-07-19,55,20
CLT,2025-07-19,56,17
CLT,2025-07-19,57,17
CLT,2025-07-19,58,20
CLT,2025-07-19,59,18
CLT,2025-07-19,60,20
CLT,2025-07-19,61,18
CLT,2025-07-19,62,20
CLT,2025-07-19,63,19
CLT,2025-07-19,64,18
CLT,2025-07-19,65,20
CLT,2025-07-19,66,19
CLT,2025-07-19,67,18
CLT,2025-07-19,68,20
CLT,2025-07-19,69,20
CLT,2025-07-19,70,18
CLT,2025-07-19,71,18
CLT,2025-07-19,72,20
CLT,2025-07-19,73,20
CLT,2025-07-19,74,17
CLT,2025-07-19,75,18
CLT,2025-07-19,76,20
CLT,2025-07-19,77,20
CLT,2025-07-19,78,20
CLT,2025-07-19,79,18
CLT,2025-07-19,80,19
CLT,2025-07-19,81,20
CLT,2025-07-19,82,20
CLT,2025-07-19,83,19
CLT,2025-07-19,84,18
CLT,2025-07-19,85,20
CLT,2025-07-19,86,20
CLT,2025-07-19,87,20
CLT,2025-07-19,88,16
CLT,2025-07-19,89,16
CLT,2025-07-19,90,20
CLT,2025-07-19,91,20
CLT,2025-07-19,92,13
CLT,2025-07-19,93,9
CLT,2025-07-19,94,2
CLT,2025-07-19,95,2
CLT,2025-07-20,1,1
CLT,2025-07-20,2,2
CLT,2025-07-20,20,1
CLT,2025-07-20,21,2
CLT,2025-07-20,22,5
CLT,2025-07-20,23,2
CLT,2025-07-20,24,14
CLT,2025-07-20,25,20
CLT,2025-07-20,26,11
CLT,2025-07-20,27,10
CLT,2025-07-20,28,19
CLT,2025-07-20,29,21
CLT,2025-07-20,30,20
CLT,2025-07-20,31,21
CLT,2025-07-20,32,21
CLT,2025-07-20,33,21
CLT,2025-07-20,34,21
CLT,2025-07-20,35,21
CLT,2025-07-20,36,21
CLT,2025-07-20,37,22
CLT,2025-07-20,38,21
CLT,2025-07-20,39,21
CLT,2025-07-20,40,22
CLT,2025-07-20,41,22
CLT,2025-07-20,42,21
CLT,2025-07-20,43,21
CLT,2025-07-20,44,22
CLT,2025-07-20,45,22
CLT,2025-07-20,46,21
CLT,2025-07-20,47,16
CLT,2025-07-20,48,16
CLT,2025-07-20,49,21
CLT,2025-07-20,50,12
CLT,2025-07-20,51,12
CLT,2025-07-20,52,21
CLT,2025-07-20,53,20
CLT,2025-07-20,54,21
CLT,2025-07-20,55,21
CLT,2025-07-20,56,20
CLT,2025-07-20,57,19
CLT,2025-07-20,58,21
CLT,2025-07-20,59,20
CLT,2025-07-20,60,21
CLT,2025-07-20,61,21
CLT,2025-07-20,62,22
CLT,2025-07-20,63,21
CLT,2025-07-20,64,21
CLT,2025-07-20,65,21
CLT,2025-07-20,66,22
CLT,2025-07-20,67,21
CLT,2025-07-20,68,21
CLT,2025-07-20,69,21
CLT,2025-07-20,70,19
CLT,2025-07-20,71,19
CLT,2025-07-20,72,21
CLT,2025-07-20,73,21
CLT,2025-07-20,74,19
CLT,2025-07-20,75,21
CLT,2025-07-20,76,21
CLT,2025-07-20,77,21
CLT,2025-07-20,78,22
CLT,2025-07-20,79,21
CLT,2025-07-20,80,21
CLT,2025-07-20,81,22
CLT,2025-07-20,82,22
CLT,2025-07-20,83,22
CLT,2025-07-20,84,21
CLT,2025-07-20,85,21
CLT,2025-07-20,86,21
CLT,2025-07-20,87,21
CLT,2025-07-20,88,17
CLT,2025-07-20,89,17
CLT,2025-07-20,90,21
CLT,2025-07-20,91,21
CLT,2025-07-20,92,13
CLT,2025-07-20,93,5
CLT,2025-07-20,94,2
CLT,2025-07-20,95,4
CLT,2025-07-21,0,1
CLT,2025-07-21,1,2
CLT,2025-07-21,20,1
CLT,2025-07-21,21,2
CLT,2025-07-21,22,5
CLT,2025-07-21,23,3
CLT,2025-07-21,24,15
CLT,2025-07-21,25,20
CLT,2025-07-21,26,11
CLT,2025-07-21,27,8
CLT,2025-07-21,28,19
CLT,2025-07-21,29,21
CLT,2025-07-21,30,18
CLT,2025-07-21,31,21
CLT,2025-07-21,32,21
CLT,2025-07-21,33,21
CLT,2025-07-21,34,19
CLT,2025-07-21,35,21
CLT,2025-07-21,36,21
CLT,2025-07-21,37,21
CLT,2025-07-21,38,21
CLT,2025-07-21,39,22
CLT,2025-07-21,40,22
CLT,2025-07-21,41,22
CLT,2025-07-21,42,21
CLT,2025-07-21,43,22
CLT,2025-07-21,44,22
CLT,2025-07-21,45,21
CLT,2025-07-21,46,21
CLT,2025-07-21,47,16
CLT,2025-07-21,48,16
CLT,2025-07-21,49,21
CLT,2025-07-21,50,12
CLT,2025-07-21,51,13
CLT,2025-07-21,52,21
CLT,2025-07-21,53,21
CLT,2025-07-21,54,21
CLT,2025-07-21,55,21
CLT,2025-07-21,56,21
CLT,2025-07-21,57,18
CLT,2025-07-21,58,21
CLT,2025-07-21,59,20
CLT,2025-07-21,60,21
CLT,2025-07-21,61,21
CLT,2025-07-21,62,21
CLT,2025-07-21,63,21
CLT,2025-07-21,64,21
CLT,2025-07-21,65,21
CLT,2025-07-21,66,21
CLT,2025-07-21,67,21
CLT,2025-07-21,68,21
CLT,2025-07-21,69,21
CLT,2025-07-21,70,21
CLT,2025-07-21,71,17
CLT,2025-07-21,72,21
CLT,2025-07-21,73,21
CLT,2025-07-21,74,18
CLT,2025-07-21,75,20
CLT,2025-07-21,76,21
CLT,2025-07-21,77,21
CLT,2025-07-21,78,22
CLT,2025-07-21,79,21
CLT,2025-07-21,80,21
CLT,2025-07-21,81,22
CLT,2025-07-21,82,22
CLT,2025-07-21,83,22
CLT,2025-07-21,84,22
CLT,2025-07-21,85,21
CLT,2025-07-21,86,21
CLT,2025-07-21,87,21
CLT,2025-07-21,88,15
CLT,2025-07-21,89,15
CLT,2025-07-21,90,21
CLT,2025-07-21,91,21
CLT,2025-07-21,92,13
CLT,2025-07-21,93,8
CLT,2025-07-21,94,3
CLT,2025-07-21,95,2
CLT,2025-07-22,0,1
CLT,2025-07-22,1,2
CLT,2025-07-22,20,1
CLT,2025-07-22,21,2
CLT,2025-07-22,22,4
CLT,2025-07-22,23,4
CLT,2025-07-22,24,15
CLT,2025-07-22,25,20
CLT,2025-07-22,26,12
CLT,2025-07-22,27,11
CLT,2025-07-22,28,19
CLT,2025-07-22,29,20
CLT,2025-07-22,30,18
CLT,2025-07-22,31,20
CLT,2025-07-22,32,20
CLT,2025-07-22,33,20
CLT,2025-07-22,34,19
CLT,2025-07-22,35,20
CLT,2025-07-22,36,20
CLT,2025-07-22,37,21
CLT,2025-07-22,38,20
CLT,2025-07-22,39,20
CLT,2025-07-22,40,21
CLT,2025-07-22,41,21
CLT,2025-07-22,42,20
CLT,2025-07-22,43,20
CLT,2025-07-22,44,21
CLT,2025-07-22,45,20
CLT,2025-07-22,46,20
CLT,2025-07-22,47,17
CLT,2025-07-22,48,16
CLT,2025-07-22,49,20
CLT,2025-07-22,50,14
CLT,2025-07-22,51,16
CLT,2025-07-22,52,20
CLT,2025-07-22,53,20
CLT,2025-07-22,54,17
CLT,2025-07-22,55,20
CLT,2025-07-22,56,18
CLT,2025-07-22,57,18
CLT,2025-07-22,58,20
CLT,2025-07-22,59,20
CLT,2025-07-22,60,20
CLT,2025-07-22,61,20
CLT,2025-07-22,62,21
CLT,2025-07-22,63,20
CLT,2025-07-22,64,21
CLT,2025-07-22,65,21
CLT,2025-07-22,66,21
CLT,2025-07-22,67,21
CLT,2025-07-22,68,21
CLT,2025-07-22,69,20
CLT,2025-07-22,70,20
CLT,2025-07-22,71,18
CLT,2025-07-22,72,20
CLT,2025-07-22,73,20
CLT,2025-07-22,74,18
CLT,2025-07-22,75,19
CLT,2025-07-22,76,19
CLT,2025-07-22,77,20
CLT,2025-07-22,78,20
CLT,2025-07-22,79,18
CLT,2025-07-22,80,18
CLT,2025-07-22,81,20
CLT,2025-07-22,82,20
CLT,2025-07-22,83,20
CLT,2025-07-22,84,19
CLT,2025-07-22,85,19
CLT,2025-07-22,86,20
CLT,2025-07-22,87,20
CLT,2025-07-22,88,16
CLT,2025-07-22,89,15
CLT,2025-07-22,90,20
CLT,2025-07-22,91,20
CLT,2025-07-22,92,13
CLT,2025-07-22,93,6
CLT,2025-07-22,94,2
CLT,2025-07-22,95,2
CLT,2025-07-23,0,1
CLT,2025-07-23,1,2
CLT,2025-07-23,20,2
CLT,2025-07-23,21,2
CLT,2025-07-23,22,3
CLT,2025-07-23,23,3
CLT,2025-07-23,24,15
CLT,2025-07-23,25,20
CLT,2025-07-23,26,11
CLT,2025-07-23,27,7
CLT,2025-07-23,28,20
CLT,2025-07-23,29,20
CLT,2025-07-23,30,20
CLT,2025-07-23,31,20
CLT,2025-07-23,32,20
CLT,2025-07-23,33,20
CLT,2025-07-23,34,20
CLT,2025-07-23,35,20
CLT,2025-07-23,36,20
CLT,2025-07-23,37,21
CLT,2025-07-23,38,20
CLT,2025-07-23,39,21
CLT,2025-07-23,40,21
CLT,2025-07-23,41,21
CLT,2025-07-23,42,20
CLT,2025-07-23,43,20
CLT,2025-07-23,44,21
CLT,2025-07-23,45,20
CLT,2025-07-23,46,20
CLT,2025-07-23,47,20
CLT,2025-07-23,48,15
CLT,2025-07-23,49,20
CLT,2025-07-23,50,15
CLT,2025-07-23,51,16
CLT,2025-07-23,52,20
CLT,2025-07-23,53,20
CLT,2025-07-23,54,18
CLT,2025-07-23,55,20
CLT,2025-07-23,56,18
CLT,2025-07-23,57,18
CLT,2025-07-23,58,20
CLT,2025-07-23,59,20
CLT,2025-07-23,60,20
CLT,2025-07-23,61,20
CLT,2025-07-23,62,21
CLT,2025-07-23,63,20
CLT,2025-07-23,64,21
CLT,2025-07-23,65,21
CLT,2025-07-23,66,21
CLT,2025-07-23,67,21
CLT,2025-07-23,68,21
CLT,2025-07-23,69,20
CLT,2025-07-23,70,20
CLT,2025-07-23,71,18
CLT,2025-07-23,72,20
CLT,2025-07-23,73,20
CLT,2025-07-23,74,18
CLT,2025-07-23,75,19
CLT,2025-07-23,76,19
CLT,2025-07-23,77,20
CLT,2025-07-23,78,20
CLT,2025-07-23,79,19
CLT,2025-07-23,80,20
CLT,2025-07-23,81,20
CLT,2025-07-23,82,20
CLT,2025-07-23,83,20
CLT,2025-07-23,84,20
CLT,2025-07-23,85,21
CLT,2025-07-23,86,20
CLT,2025-07-23,87,20
CLT,2025-07-23,88,16
CLT,2025-07-23,89,15
CLT,2025-07-23,90,20
CLT,2025-07-23,91,20
CLT,2025-07-23,92,12
CLT,2025-07-23,93,6
CLT,2025-07-23,94,2
CLT,2025-07-23,95,2
CLT,2025-07-24,0,1
CLT,2025-07-24,1,2
CLT,2025-07-24,20,1
CLT,2025-07-24,21,2
CLT,2025-07-24,22,5
CLT,2025-07-24,23,3
CLT,2025-07-24,24,15
CLT,2025-07-24,25,20
CLT,2025-07-24,26,10
CLT,2025-07-24,27,7
CLT,2025-07-24,28,19
CLT,2025-07-24,29,22
CLT,2025-07-24,30,18
CLT,2025-07-24,31,22
CLT,2025-07-24,32,22
CLT,2025-07-24,33,22
CLT,2025-07-24,34,18
CLT,2025-07-24,35,20
CLT,2025-07-24,36,22
CLT,2025-07-24,37,22
CLT,2025-07-24,38,22
CLT,2025-07-24,39,22
CLT,2025-07-24,40,22
CLT,2025-07-24,41,22
CLT,2025-07-24,42,22
CLT,2025-07-24,43,22
CLT,2025-07-24,44,22
CLT,2025-07-24,45,23
CLT,2025-07-24,46,22
CLT,2025-07-24,47,13
CLT,2025-07-24,48,16
CLT,2025-07-24,49,22
CLT,2025-07-24,50,11
CLT,2025-07-24,51,12
CLT,2025-07-24,52,22
CLT,2025-07-24,53,22
CLT,2025-07-24,54,22
CLT,2025-07-24,55,19
CLT,2025-07-24,56,19
CLT,2025-07-24,57,15
CLT,2025-07-24,58,22
CLT,2025-07-24,59,20
CLT,2025-07-24,60,22
CLT,2025-07-24,61,20
CLT,2025-07-24,62,22
CLT,2025-07-24,63,20
CLT,2025-07-24,64,21
CLT,2025-07-24,65,22
CLT,2025-07-24,66,22
CLT,2025-07-24,67,20
CLT,2025-07-24,68,22
CLT,2025-07-24,69,22
CLT,2025-07-24,70,21
CLT,2025-07-24,71,17
CLT,2025-07-24,72,22
CLT,2025-07-24,73,22
CLT,2025-07-24,74,16
CLT,2025-07-24,75,20
CLT,2025-07-24,76,21
CLT,2025-07-24,77,22
CLT,2025-07-24,78,22
CLT,2025-07-24,79,20
CLT,2025-07-24,80,21
CLT,2025-07-24,81,22
CLT,2025-07-24,82,22
CLT,2025-07-24,83,22
CLT,2025-07-24,84,21
CLT,2025-07-24,85,21
CLT,2025-07-24,86,22
CLT,2025-07-24,87,22
CLT,2025-07-24,88,17
CLT,2025-07-24,89,17
CLT,2025-07-24,90,22
CLT,2025-07-24,91,22
CLT,2025-07-24,92,13
CLT,2025-07-24,93,5
CLT,2025-07-24,94,3
CLT,2025-07-24,95,2
CLT,2025-07-25,0,1
CLT,2025-07-25,1,2
CLT,2025-07-25,20,1
CLT,2025-07-25,21,2
CLT,2025-07-25,22,4
CLT,2025-07-25,23,3
CLT,2025-07-25,24,15
CLT,2025-07-25,25,20
CLT,2025-07-25,26,11
CLT,2025-07-25,27,8
CLT,2025-07-25,28,19
CLT,2025-07-25,29,21
CLT,2025-07-25,30,19
CLT,2025-07-25,31,21
CLT,2025-07-25,32,21
CLT,2025-07-25,33,21
CLT,2025-07-25,34,20
CLT,2025-07-25,35,21
CLT,2025-07-25,36,21
CLT,2025-07-25,37,21
CLT,2025-07-25,38,22
CLT,2025-07-25,39,22
CLT,2025-07-25,40,22
CLT,2025-07-25,41,22
CLT,2025-07-25,42,21
CLT,2025-07-25,43,21
CLT,2025-07-25,44,22
CLT,2025-07-25,45,22
CLT,2025-07-25,46,21
CLT,2025-07-25,47,16
CLT,2025-07-25,48,16
CLT,2025-07-25,49,21
CLT,2025-07-25,50,13
CLT,2025-07-25,51,14
CLT,2025-07-25,52,21
CLT,2025-07-25,53,21
CLT,2025-07-25,54,21
CLT,2025-07-25,55,21
CLT,2025-07-25,56,20
CLT,2025-07-25,57,18
CLT,2025-07-25,58,21
CLT,2025-07-25,59,21
CLT,2025-07-25,60,21
CLT,2025-07-25,61,21
CLT,2025-07-25,62,21
CLT,2025-07-25,63,20
CLT,2025-07-25,64,21
CLT,2025-07-25,65,21
CLT,2025-07-25,66,21
CLT,2025-07-25,67,21
CLT,2025-07-25,68,21
CLT,2025-07-25,69,21
CLT,2025-07-25,70,21
CLT,2025-07-25,71,17
CLT,2025-07-25,72,21
CLT,2025-07-25,73,21
CLT,2025-07-25,74,18
CLT,2025-07-25,75,19
CLT,2025-07-25,76,21
CLT,2025-07-25,77,21
CLT,2025-07-25,78,21
CLT,2025-07-25,79,21
CLT,2025-07-25,80,21
CLT,2025-07-25,81,21
CLT,2025-07-25,82,21
CLT,2025-07-25,83,21
CLT,2025-07-25,84,21
CLT,2025-07-25,85,21
CLT,2025-07-25,86,21
CLT,2025-07-25,87,21
CLT,2025-07-25,88,15
CLT,2025-07-25,89,15
CLT,2025-07-25,90,21
CLT,2025-07-25,91,21
CLT,2025-07-25,92,13
CLT,2025-07-25,93,5
CLT,2025-07-25,94,3
CLT,2025-07-25,95,2
CLT,2025-07-26,0,1
CLT,2025-07-26,1,2
CLT,2025-07-26,18,1
CLT,2025-07-26,20,1
CLT,2025-07-26,21,2
CLT,2025-07-26,22,4
CLT,2025-07-26,23,3
CLT,2025-07-26,24,14
CLT,2025-07-26,25,20
CLT,2025-07-26,26,12
CLT,2025-07-26,27,4
CLT,2025-07-26,28,19
CLT,2025-07-26,29,20
CLT,2025-07-26,30,18
CLT,2025-07-26,31,20
CLT,2025-07-26,32,20
CLT,2025-07-26,33,20
CLT,2025-07-26,34,18
CLT,2025-07-26,35,19
CLT,2025-07-26,36,20
CLT,2025-07-26,37,20
CLT,2025-07-26,38,20
CLT,2025-07-26,39,21
CLT,2025-07-26,40,21
CLT,2025-07-26,41,21
CLT,2025-07-26,42,20
CLT,2025-07-26,43,20
CLT,2025-07-26,44,21
CLT,2025-07-26,45,20
CLT,2025-07-26,46,20
CLT,2025-07-26,47,13
CLT,2025-07-26,48,12
CLT,2025-07-26,49,20
CLT,2025-07-26,50,11
CLT,2025-07-26,51,11
CLT,2025-07-26,52,20
CLT,2025-07-26,53,16
CLT,2025-07-26,54,20
CLT,2025-07-26,55,20
CLT,2025-07-26,56,17
CLT,2025-07-26,57,18
CLT,2025-07-26,58,20
CLT,2025-07-26,59,18
CLT,2025-07-26,60,20
CLT,2025-07-26,61,18
CLT,2025-07-26,62,20
CLT,2025-07-26,63,19
CLT,2025-07-26,64,19
CLT,2025-07-26,65,20
CLT,2025-07-26,66,18
CLT,2025-07-26,67,18
CLT,2025-07-26,68,20
CLT,2025-07-26,69,20
CLT,2025-07-26,70,17
CLT,2025-07-26,71,17
CLT,2025-07-26,72,20
CLT,2025-07-26,73,20
CLT,2025-07-26,74,17
CLT,2025-07-26,75,18
CLT,2025-07-26,76,20
CLT,2025-07-26,77,20
CLT,2025-07-26,78,20
CLT,2025-07-26,79,19
CLT,2025-07-26,80,19
CLT,2025-07-26,81,20
CLT,2025-07-26,82,20
CLT,2025-07-26,83,19
CLT,2025-07-26,84,19
CLT,2025-07-26,85,20
CLT,2025-07-26,86,20
CLT,2025-07-26,87,20
CLT,2025-07-26,88,16
CLT,2025-07-26,89,15
CLT,2025-07-26,90,20
CLT,2025-07-26,91,20
CLT,2025-07-26,92,13
CLT,2025-07-26,93,8
CLT,2025-07-26,94,2
CLT,2025-07-26,95,2
CLT,2025-07-27,1,1
CLT,2025-07-27,2,2
CLT,2025-07-27,20,1
CLT,2025-07-27,21,2
CLT,2025-07-27,22,5
CLT,2025-07-27,23,2
CLT,2025-07-27,24,14
CLT,2025-07-27,25,20
CLT,2025-07-27,26,11
CLT,2025-07-27,27,11
CLT,2025-07-27,28,19
CLT,2025-07-27,29,21
CLT,2025-07-27,30,19
CLT,2025-07-27,31,21
CLT,2025-07-27,32,21
CLT,2025-07-27,33,21
CLT,2025-07-27,34,20
CLT,2025-07-27,35,21
CLT,2025-07-27,36,21
CLT,2025-07-27,37,21
CLT,2025-07-27,38,21
CLT,2025-07-27,39,21
CLT,2025-07-27,40,22
CLT,2025-07-27,41,22
CLT,2025-07-27,42,21
CLT,2025-07-27,43,21
CLT,2025-07-27,44,22
CLT,2025-07-27,45,21
CLT,2025-07-27,46,21
CLT,2025-07-27,47,17
CLT,2025-07-27,48,16
CLT,2025-07-27,49,21
CLT,2025-07-27,50,10
CLT,2025-07-27,51,11
CLT,2025-07-27,52,21
CLT,2025-07-27,53,19
CLT,2025-07-27,54,21
CLT,2025-07-27,55,21
CLT,2025-07-27,56,18
CLT,2025-07-27,57,18
CLT,2025-07-27,58,21
CLT,2025-07-27,59,18
CLT,2025-07-27,60,19
CLT,2025-07-27,61,20
CLT,2025-07-27,62,21
CLT,2025-07-27,63,20
CLT,2025-07-27,64,21
CLT,2025-07-27,65,21
CLT,2025-07-27,66,20
CLT,2025-07-27,67,19
CLT,2025-07-27,68,21
CLT,2025-07-27,69,21
CLT,2025-07-27,70,18
CLT,2025-07-27,71,15
CLT,2025-07-27,72,16
CLT,2025-07-27,73,21
CLT,2025-07-27,74,16
CLT,2025-07-27,75,16
CLT,2025-07-27,76,19
CLT,2025-07-27,77,21
CLT,2025-07-27,78,21
CLT,2025-07-27,79,17
CLT,2025-07-27,80,18
CLT,2025-07-27,81,21
CLT,2025-07-27,82,21
CLT,2025-07-27,83,21
CLT,2025-07-27,84,16
CLT,2025-07-27,85,18
CLT,2025-07-27,86,21
CLT,2025-07-27,87,21
CLT,2025-07-27,88,12
CLT,2025-07-27,89,14
CLT,2025-07-27,90,21
CLT,2025-07-27,91,21
CLT,2025-07-27,92,9
CLT,2025-07-27,93,2
CLT,2025-07-27,94,3
CLT,2025-07-27,95,3
CLT,2025-07-28,0,1
CLT,2025-07-28,1,2
CLT,2025-07-28,20,1
CLT,2025-07-28,21,2
CLT,2025-07-28,22,5
CLT,2025-07-28,23,3
CLT,2025-07-28,24,15
CLT,2025-07-28,25,19
CLT,2025-07-28,26,10
CLT,2025-07-28,27,5
CLT,2025-07-28,28,19
CLT,2025-07-28,29,22
CLT,2025-07-28,30,10
CLT,2025-07-28,31,22
CLT,2025-07-28,32,22
CLT,2025-07-28,33,22
CLT,2025-07-28,34,12
CLT,2025-07-28,35,16
CLT,2025-07-28,36,22
CLT,2025-07-28,37,22
CLT,2025-07-28,38,20
CLT,2025-07-28,39,20
CLT,2025-07-28,40,22
CLT,2025-07-28,41,22
CLT,2025-07-28,42,21
CLT,2025-07-28,43,21
CLT,2025-07-28,44,22
CLT,2025-07-28,45,22
CLT,2025-07-28,46,21
CLT,2025-07-28,47,15
CLT,2025-07-28,48,15
CLT,2025-07-28,49,22
CLT,2025-07-28,50,9
CLT,2025-07-28,51,10
CLT,2025-07-28,52,22
CLT,2025-07-28,53,22
CLT,2025-07-28,54,22
CLT,2025-07-28,55,21
CLT,2025-07-28,56,20
CLT,2025-07-28,57,16
CLT,2025-07-28,58,22
CLT,2025-07-28,59,20
CLT,2025-07-28,60,22
CLT,2025-07-28,61,20
CLT,2025-07-28,62,22
CLT,2025-07-28,63,20
CLT,2025-07-28,64,20
CLT,2025-07-28,65,22
CLT,2025-07-28,66,22
CLT,2025-07-28,67,21
CLT,2025-07-28,68,22
CLT,2025-07-28,69,22
CLT,2025-07-28,70,17
CLT,2025-07-28,71,16
CLT,2025-07-28,72,22
CLT,2025-07-28,73,22
CLT,2025-07-28,74,15
CLT,2025-07-28,75,17
CLT,2025-07-28,76,22
CLT,2025-07-28,77,22
CLT,2025-07-28,78,22
CLT,2025-07-28,79,22
CLT,2025-07-28,80,22
CLT,2025-07-28,81,23
CLT,2025-07-28,82,22
CLT,2025-07-28,83,22
CLT,2025-07-28,84,21
CLT,2025-07-28,85,20
CLT,2025-07-28,86,22
CLT,2025-07-28,87,22
CLT,2025-07-28,88,15
CLT,2025-07-28,89,14
CLT,2025-07-28,90,22
CLT,2025-07-28,91,22
CLT,2025-07-28,92,12
CLT,2025-07-28,93,7
CLT,2025-07-28,94,3
CLT,2025-07-28,95,2
CLT,2025-07-29,0,1
CLT,2025-07-29,1,2
CLT,2025-07-29,20,1
CLT,2025-07-29,21,2
CLT,2025-07-29,22,4
CLT,2025-07-29,23,3
CLT,2025-07-29,24,15
CLT,2025-07-29,25,20
CLT,2025-07-29,26,12
CLT,2025-07-29,27,10
CLT,2025-07-29,28,19
CLT,2025-07-29,29,20
CLT,2025-07-29,30,18
CLT,2025-07-29,31,20
CLT,2025-07-29,32,20
CLT,2025-07-29,33,20
CLT,2025-07-29,34,19
CLT,2025-07-29,35,20
CLT,2025-07-29,36,20
CLT,2025-07-29,37,21
CLT,2025-07-29,38,20
CLT,2025-07-29,39,21
CLT,2025-07-29,40,21
CLT,2025-07-29,41,21
CLT,2025-07-29,42,20
CLT,2025-07-29,43,20
CLT,2025-07-29,44,20
CLT,2025-07-29,45,21
CLT,2025-07-29,46,20
CLT,2025-07-29,47,17
CLT,2025-07-29,48,15
CLT,2025-07-29,49,20
CLT,2025-07-29,50,13
CLT,2025-07-29,51,14
CLT,2025-07-29,52,20
CLT,2025-07-29,53,20
CLT,2025-07-29,54,18
CLT,2025-07-29,55,20
CLT,2025-07-29,56,18
CLT,2025-07-29,57,18
CLT,2025-07-29,58,20
CLT,2025-07-29,59,20
CLT,2025-07-29,60,20
CLT,2025-07-29,61,20
CLT,2025-07-29,62,21
CLT,2025-07-29,63,21
CLT,2025-07-29,64,20
CLT,2025-07-29,65,21
CLT,2025-07-29,66,21
CLT,2025-07-29,67,21
CLT,2025-07-29,68,21
CLT,2025-07-29,69,20
CLT,2025-07-29,70,20
CLT,2025-07-29,71,16
CLT,2025-07-29,72,20
CLT,2025-07-29,73,19
CLT,2025-07-29,74,17
CLT,2025-07-29,75,18
CLT,2025-07-29,76,18
CLT,2025-07-29,77,20
CLT,2025-07-29,78,20
CLT,2025-07-29,79,18
CLT,2025-07-29,80,18
CLT,2025-07-29,81,20
CLT,2025-07-29,82,20
CLT,2025-07-29,83,20
CLT,2025-07-29,84,19
CLT,2025-07-29,85,18
CLT,2025-07-29,86,20
CLT,2025-07-29,87,20
CLT,2025-07-29,88,13
CLT,2025-07-29,89,14
CLT,2025-07-29,90,20
CLT,2025-07-29,91,20
CLT,2025-07-29,92,10
CLT,2025-07-29,93,3
CLT,2025-07-29,94,2
CLT,2025-07-29,95,2
CLT,2025-07-30,0,1
CLT,2025-07-30,1,2
CLT,2025-07-30,20,1
CLT,2025-07-30,21,2
CLT,2025-07-30,22,4
CLT,2025-07-30,23,3
CLT,2025-07-30,24,15
CLT,2025-07-30,25,19
CLT,2025-07-30,26,11
CLT,2025-07-30,27,6
CLT,2025-07-30,28,20
CLT,2025-07-30,29,20
CLT,2025-07-30,30,20
CLT,2025-07-30,31,20
CLT,2025-07-30,32,20
CLT,2025-07-30,33,20
CLT,2025-07-30,34,20
CLT,2025-07-30,35,20
CLT,2025-07-30,36,21
CLT,2025-07-30,37,21
CLT,2025-07-30,38,20
CLT,2025-07-30,39,21
CLT,2025-07-30,40,21
CLT,2025-07-30,41,21
CLT,2025-07-30,42,21
CLT,2025-07-30,43,21
CLT,2025-07-30,44,21
CLT,2025-07-30,45,20
CLT,2025-07-30,46,20
CLT,2025-07-30,47,19
CLT,2025-07-30,48,15
CLT,2025-07-30,49,20
CLT,2025-07-30,50,14
CLT,2025-07-30,51,16
CLT,2025-07-30,52,20
CLT,2025-07-30,53,20
CLT,2025-07-30,54,18
CLT,2025-07-30,55,20
CLT,2025-07-30,56,18
CLT,2025-07-30,57,18
CLT,2025-07-30,58,20
CLT,2025-07-30,59,20
CLT,2025-07-30,60,20
CLT,2025-07-30,61,21
CLT,2025-07-30,62,21
CLT,2025-07-30,63,21
CLT,2025-07-30,64,21
CLT,2025-07-30,65,21
CLT,2025-07-30,66,21
CLT,2025-07-30,67,21
CLT,2025-07-30,68,21
CLT,2025-07-30,69,20
CLT,2025-07-30,70,20
CLT,2025-07-30,71,17
CLT,2025-07-30,72,20
CLT,2025-07-30,73,20
CLT,2025-07-30,74,18
CLT,2025-07-30,75,18
CLT,2025-07-30,76,19
CLT,2025-07-30,77,20
CLT,2025-07-30,78,20
CLT,2025-07-30,79,19
CLT,2025-07-30,80,19
CLT,2025-07-30,81,20
CLT,2025-07-30,82,20
CLT,2025-07-30,83,20
CLT,2025-07-30,84,20
CLT,2025-07-30,85,20
CLT,2025-07-30,86,20
CLT,2025-07-30,87,20
CLT,2025-07-30,88,16
CLT,2025-07-30,89,15
CLT,2025-07-30,90,20
CLT,2025-07-30,91,20
CLT,2025-07-30,92,12
CLT,2025-07-30,93,6
CLT,2025-07-30,94,2
CLT,2025-07-30,95,2
CLT,2025-07-31,0,1
CLT,2025-07-31,1,2
CLT,2025-07-31,20,1
CLT,2025-07-31,21,2
CLT,2025-07-31,22,5
CLT,2025-07-31,23,3
CLT,2025-07-31,24,15
CLT,2025-07-31,25,20
CLT,2025-07-31,26,10
CLT,2025-07-31,27,8
CLT,2025-07-31,28,18
CLT,2025-07-31,29,21
CLT,2025-07-31,30,19
CLT,2025-07-31,31,21
CLT,2025-07-31,32,21
CLT,2025-07-31,33,21
CLT,2025-07-31,34,20
CLT,2025-07-31,35,21
CLT,2025-07-31,36,21
CLT,2025-07-31,37,22
CLT,2025-07-31,38,21
CLT,2025-07-31,39,22
CLT,2025-07-31,40,22
CLT,2025-07-31,41,22
CLT,2025-07-31,42,21
CLT,2025-07-31,43,21
CLT,2025-07-31,44,22
CLT,2025-07-31,45,22
CLT,2025-07-31,46,21
CLT,2025-07-31,47,14
CLT,2025-07-31,48,16
CLT,2025-07-31,49,21
CLT,2025-07-31,50,11
CLT,2025-07-31,51,12
CLT,2025-07-31,52,21
CLT,2025-07-31,53,21
CLT,2025-07-31,54,21
CLT,2025-07-31,55,20
CLT,2025-07-31,56,19
CLT,2025-07-31,57,15
CLT,2025-07-31,58,21
CLT,2025-07-31,59,20
CLT,2025-07-31,60,20
CLT,2025-07-31,61,20
CLT,2025-07-31,62,21
CLT,2025-07-31,63,19
CLT,2025-07-31,64,20
CLT,2025-07-31,65,21
CLT,2025-07-31,66,21
CLT,2025-07-31,67,20
CLT,2025-07-31,68,21
CLT,2025-07-31,69,21
CLT,2025-07-31,70,19
CLT,2025-07-31,71,16
CLT,2025-07-31,72,21
CLT,2025-07-31,73,19
CLT,2025-07-31,74,15
CLT,2025-07-31,75,16
CLT,2025-07-31,76,19
CLT,2025-07-31,77,21
CLT,2025-07-31,78,21
CLT,2025-07-31,79,18
CLT,2025-07-31,80,19
CLT,2025-07-31,81,21
CLT,2025-07-31,82,21
CLT,2025-07-31,83,21
CLT,2025-07-31,84,20
CLT,2025-07-31,85,20
CLT,2025-07-31,86,21
CLT,2025-07-31,87,21
CLT,2025-07-31,88,14
CLT,2025-07-31,89,15
CLT,2025-07-31,90,21
CLT,2025-07-31,91,21
CLT,2025-07-31,92,12
CLT,2025-07-31,93,4
CLT,2025-07-31,94,2
CLT,2025-07-31,95,1
DEN,2025-07-01,0,1
DEN,2025-07-01,2,1
DEN,2025-07-01,3,2
DEN,2025-07-01,16,1
DEN,2025-07-01,17,1
DEN,2025-07-01,20,5
DEN,2025-07-01,21,1
DEN,2025-07-01,22,2
DEN,2025-07-01,23,3
DEN,2025-07-01,24,11
DEN,2025-07-01,25,4
DEN,2025-07-01,26,22
DEN,2025-07-01,27,36
DEN,2025-07-01,28,17
DEN,2025-07-01,29,9
DEN,2025-07-01,30,14
DEN,2025-07-01,31,38
DEN,2025-07-01,32,29
DEN,2025-07-01,33,30
DEN,2025-07-01,34,28
DEN,2025-07-01,35,29
DEN,2025-07-01,36,29
DEN,2025-07-01,37,27
DEN,2025-07-01,38,38
DEN,2025-07-01,39,38
DEN,2025-07-01,40,39
DEN,2025-07-01,41,38
DEN,2025-07-01,42,38
DEN,2025-07-01,43,18
DEN,2025-07-01,44,18
DEN,2025-07-01,45,38
DEN,2025-07-01,46,38
DEN,2025-07-01,47,18
DEN,2025-07-01,48,32
DEN,2025-07-01,49,38
DEN,2025-07-01,50,28
DEN,2025-07-01,51,21
DEN,2025-07-01,52,24
DEN,2025-07-01,53,22
DEN,2025-07-01,54,32
DEN,2025-07-01,55,38
DEN,2025-07-01,56,19
DEN,2025-07-01,57,19
DEN,2025-07-01,58,25
DEN,2025-07-01,59,29
DEN,2025-07-01,60,26
DEN,2025-07-01,61,11
DEN,2025-07-01,62,26
DEN,2025-07-01,63,26
DEN,2025-07-01,64,23
DEN,2025-07-01,65,38
DEN,2025-07-01,66,38
DEN,2025-07-01,67,23
DEN,2025-07-01,68,23
DEN,2025-07-01,69,36
DEN,2025-07-01,70,37
DEN,2025-07-01,71,38
DEN,2025-07-01,72,38
DEN,2025-07-01,73,34
DEN,2025-07-01,74,22
DEN,2025-07-01,75,17
DEN,2025-07-01,76,26
DEN,2025-07-01,77,38
DEN,2025-07-01,78,38
DEN,2025-07-01,79,26
DEN,2025-07-01,80,26
DEN,2025-07-01,81,10
DEN,2025-07-01,82,31
DEN,2025-07-01,83,24
DEN,2025-07-01,84,30
DEN,2025-07-01,85,4
DEN,2025-07-01,86,15
DEN,2025-07-01,87,28
DEN,2025-07-01,88,2
DEN,2025-07-01,89,10
DEN,2025-07-01,90,7
DEN,2025-07-01,91,8
DEN,2025-07-01,92,5
DEN,2025-07-01,93,4
DEN,2025-07-01,94,4
DEN,2025-07-01,95,16
DEN,2025-07-02,2,2
DEN,2025-07-02,3,1
DEN,2025-07-02,5,1
DEN,2025-07-02,16,1
DEN,2025-07-02,17,1
DEN,2025-07-02,20,4
DEN,2025-07-02,21,1
DEN,2025-07-02,22,3
DEN,2025-07-02,23,3
DEN,2025-07-02,24,14
DEN,2025-07-02,25,5
DEN,2025-07-02,26,23
DEN,2025-07-02,27,38
DEN,2025-07-02,28,19
DEN,2025-07-02,29,10
DEN,2025-07-02,30,14
DEN,2025-07-02,31,38
DEN,2025-07-02,32,34
DEN,2025-07-02,33,30
DEN,2025-07-02,34,27
DEN,2025-07-02,35,29
DEN,2025-07-02,36,29
DEN,2025-07-02,37,28
DEN,2025-07-02,38,38
DEN,2025-07-02,39,38
DEN,2025-07-02,40,39
DEN,2025-07-02,41,38
DEN,2025-07-02,42,38
DEN,2025-07-02,43,18
DEN,2025-07-02,44,18
DEN,2025-07-02,45,38
DEN,2025-07-02,46,38
DEN,2025-07-02,47,19
DEN,2025-07-02,48,33
DEN,2025-07-02,49,38
DEN,2025-07-02,50,29
DEN,2025-07-02,51,22
DEN,2025-07-02,52,24
DEN,2025-07-02,53,24
DEN,2025-07-02,54,31
DEN,2025-07-02,55,38
DEN,2025-07-02,56,20
DEN,2025-07-02,57,19
DEN,2025-07-02,58,25
DEN,2025-07-02,59,28
DEN,2025-07-02,60,25
DEN,2025-07-02,61,11
DEN,2025-07-02,62,32
DEN,2025-07-02,63,27
DEN,2025-07-02,64,26
DEN,2025-07-02,65,38
DEN,2025-07-02,66,38
DEN,2025-07-02,67,25
DEN,2025-07-02,68,25
DEN,2025-07-02,69,36
DEN,2025-07-02,70,34
DEN,2025-07-02,71,38
DEN,2025-07-02,72,38
DEN,2025-07-02,73,34
DEN,2025-07-02,74,26
DEN,2025-07-02,75,20
DEN,2025-07-02,76,29
DEN,2025-07-02,77,38
DEN,2025-07-02,78,38
DEN,2025-07-02,79,29
DEN,2025-07-02,80,29
DEN,2025-07-02,81,13
DEN,2025-07-02,82,31
DEN,2025-07-02,83,27
DEN,2025-07-02,84,28
DEN,2025-07-02,85,7
DEN,2025-07-02,86,16
DEN,2025-07-02,87,30
DEN,2025-07-02,88,2
DEN,2025-07-02,89,10
DEN,2025-07-02,90,7
DEN,2025-07-02,91,9
DEN,2025-07-02,92,6
DEN,2025-07-02,93,5
DEN,2025-07-02,94,6
DEN,2025-07-02,95,18
DEN,2025-07-03,0,1
DEN,2025-07-03,1,1
DEN,2025-07-03,2,2
DEN,2025-07-03,3,3
DEN,2025-07-03,5,1
DEN,2025-07-03,16,1
DEN,2025-07-03,17,1
DEN,2025-07-03,20,8
DEN,2025-07-03,21,3
DEN,2025-07-03,22,3
DEN,2025-07-03,23,2
DEN,2025-07-03,24,26
DEN,2025-07-03,25,10
DEN,2025-07-03,26,25
DEN,2025-07-03,27,38
DEN,2025-07-03,28,26
DEN,2025-07-03,29,14
DEN,2025-07-03,30,17
DEN,2025-07-03,31,38
DEN,2025-07-03,32,33
DEN,2025-07-03,33,32
DEN,2025-07-03,34,27
DEN,2025-07-03,35,27
DEN,2025-07-03,36,31
DEN,2025-07-03,37,26
DEN,2025-07-03,38,38
DEN,2025-07-03,39,38
DEN,2025-07-03,40,39
DEN,2025-07-03,41,38
DEN,2025-07-03,42,38
DEN,2025-07-03,43,17
DEN,2025-07-03,44,21
DEN,2025-07-03,45,38
DEN,2025-07-03,46,38
DEN,2025-07-03,47,27
DEN,2025-07-03,48,27
DEN,2025-07-03,49,31
DEN,2025-07-03,50,36
DEN,2025-07-03,51,29
DEN,2025-07-03,52,15
DEN,2025-07-03,53,23
DEN,2025-07-03,54,34
DEN,2025-07-03,55,38
DEN,2025-07-03,56,25
DEN,2025-07-03,57,21
DEN,2025-07-03,58,22
DEN,2025-07-03,59,38
DEN,2025-07-03,60,29
DEN,2025-07-03,61,16
DEN,2025-07-03,62,35
DEN,2025-07-03,63,28
DEN,2025-07-03,64,27
DEN,2025-07-03,65,38
DEN,2025-07-03,66,37
DEN,2025-07-03,67,27
DEN,2025-07-03,68,20
DEN,2025-07-03,69,35
DEN,2025-07-03,70,36
DEN,2025-07-03,71,38
DEN,2025-07-03,72,38
DEN,2025-07-03,73,35
DEN,2025-07-03,74,22
DEN,2025-07-03,75,25
DEN,2025-07-03,76,28
DEN,2025-07-03,77,38
DEN,2025-07-03,78,38
DEN,2025-07-03,79,29
DEN,2025-07-03,80,28
DEN,2025-07-03,81,28
DEN,2025-07-03,82,32
DEN,2025-07-03,83,19
DEN,2025-07-03,84,20
DEN,2025-07-03,85,18
DEN,2025-07-03,86,18
DEN,2025-07-03,87,25
DEN,2025-07-03,88,1
DEN,2025-07-03,89,14
DEN,2025-07-03,90,16
DEN,2025-07-03,91,13
DEN,2025-07-03,92,5
DEN,2025-07-03,93,7
DEN,2025-07-03,94,10
DEN,2025-07-03,95,20
DEN,2025-07-04,0,1
DEN,2025-07-04,1,1
DEN,2025-07-04,2,4
DEN,2025-07-04,3,3
DEN,2025-07-04,5,1
DEN,2025-07-04,16,1
DEN,2025-07-04,17,1
DEN,2025-07-04,20,2
DEN,2025-07-04,21,1
DEN,2025-07-04,22,2
DEN,2025-07-04,23,1
DEN,2025-07-04,24,20
DEN,2025-07-04,25,6
DEN,2025-07-04,26,20
DEN,2025-07-04,27,33
DEN,2025-07-04,28,32
DEN,2025-07-04,29,12
DEN,2025-07-04,30,14
DEN,2025-07-04,31,38
DEN,2025-07-04,32,36
DEN,2025-07-04,33,34
DEN,2025-07-04,34,24
DEN,2025-07-04,35,38
DEN,2025-07-04,36,25
DEN,2025-07-04,37,30
DEN,2025-07-04,38,38
DEN,2025-07-04,39,38
DEN,2025-07-04,40,39
DEN,2025-07-04,41,38
DEN,2025-07-04,42,38
DEN,2025-07-04,43,18
DEN,2025-07-04,44,19
DEN,2025-07-04,45,38
DEN,2025-07-04,46,38
DEN,2025-07-04,47,20
DEN,2025-07-04,48,25
DEN,2025-07-04,49,34
DEN,2025-07-04,50,31
DEN,2025-07-04,51,25
DEN,2025-07-04,52,13
DEN,2025-07-04,53,26
DEN,2025-07-04,54,38
DEN,2025-07-04,55,32
DEN,2025-07-04,56,18
DEN,2025-07-04,57,29
DEN,2025-07-04,58,24
DEN,2025-07-04,59,30
DEN,2025-07-04,60,31
DEN,2025-07-04,61,10
DEN,2025-07-04,62,28
DEN,2025-07-04,63,37
DEN,2025-07-04,64,27
DEN,2025-07-04,65,38
DEN,2025-07-04,66,38
DEN,2025-07-04,67,27
DEN,2025-07-04,68,21
DEN,2025-07-04,69,31
DEN,2025-07-04,70,38
DEN,2025-07-04,71,38
DEN,2025-07-04,72,38
DEN,2025-07-04,73,32
DEN,2025-07-04,74,22
DEN,2025-07-04,75,15
DEN,2025-07-04,76,30
DEN,2025-07-04,77,37
DEN,2025-07-04,78,38
DEN,2025-07-04,79,14
DEN,2025-07-04,80,7
DEN,2025-07-04,81,9
DEN,2025-07-04,82,15
DEN,2025-07-04,83,6
DEN,2025-07-04,84,12
DEN,2025-07-04,85,9
DEN,2025-07-04,86,6
DEN,2025-07-04,87,3
DEN,2025-07-04,89,11
DEN,2025-07-04,90,2
DEN,2025-07-04,91,3
DEN,2025-07-04,92,1
DEN,2025-07-04,93,2
DEN,2025-07-04,94,2
DEN,2025-07-04,95,8
DEN,2025-07-05,1,2
DEN,2025-07-05,2,2
DEN,2025-07-05,3,1
DEN,2025-07-05,5,1
DEN,2025-07-05,16,1
DEN,2025-07-05,17,1
DEN,2025-07-05,20,5
DEN,2025-07-05,21,3
DEN,2025-07-05,22,5
DEN,2025-07-05,23,2
DEN,2025-07-05,24,16
DEN,2025-07-05,25,3
DEN,2025-07-05,26,22
DEN,2025-07-05,27,36
DEN,2025-07-05,28,14
DEN,2025-07-05,29,5
DEN,2025-07-05,30,16
DEN,2025-07-05,31,29
DEN,2025-07-05,32,22
DEN,2025-07-05,33,36
DEN,2025-07-05,34,36
DEN,2025-07-05,35,28
DEN,2025-07-05,36,15
DEN,2025-07-05,37,22
DEN,2025-07-05,38,35
DEN,2025-07-05,39,37
DEN,2025-07-05,40,37
DEN,2025-07-05,41,37
DEN,2025-07-05,42,36
DEN,2025-07-05,43,16
DEN,2025-07-05,44,17
DEN,2025-07-05,45,37
DEN,2025-07-05,46,37
DEN,2025-07-05,47,18
DEN,2025-07-05,48,21
DEN,2025-07-05,49,29
DEN,2025-07-05,50,28
DEN,2025-07-05,51,19
DEN,2025-07-05,52,11
DEN,2025-07-05,53,17
DEN,2025-07-05,54,28
DEN,2025-07-05,55,32
DEN,2025-07-05,56,11
DEN,2025-07-05,57,18
DEN,2025-07-05,58,20
DEN,2025-07-05,59,27
DEN,2025-07-05,60,24
DEN,2025-07-05,61,13
DEN,2025-07-05,62,21
DEN,2025-07-05,63,24
DEN,2025-07-05,64,21
DEN,2025-07-05,65,37
DEN,2025-07-05,66,37
DEN,2025-07-05,67,22
DEN,2025-07-05,68,24
DEN,2025-07-05,69,37
DEN,2025-07-05,70,37
DEN,2025-07-05,71,38
DEN,2025-07-05,72,37
DEN,2025-07-05,73,37
DEN,2025-07-05,74,10
DEN,2025-07-05,75,16
DEN,2025-07-05,76,30
DEN,2025-07-05,77,33
DEN,2025-07-05,78,33
DEN,2025-07-05,79,31
DEN,2025-07-05,80,11
DEN,2025-07-05,81,10
DEN,2025-07-05,82,22
DEN,2025-07-05,83,27
DEN,2025-07-05,84,13
DEN,2025-07-05,85,5
DEN,2025-07-05,86,21
DEN,2025-07-05,87,16
DEN,2025-07-05,88,2
DEN,2025-07-05,89,8
DEN,2025-07-05,90,7
DEN,2025-07-05,91,7
DEN,2025-07-05,92,5
DEN,2025-07-05,93,5
DEN,2025-07-05,94,7
DEN,2025-07-05,95,20
DEN,2025-07-06,0,1
DEN,2025-07-06,1,2
DEN,2025-07-06,2,1
DEN,2025-07-06,3,1
DEN,2025-07-06,5,1
DEN,2025-07-06,16,1
DEN,2025-07-06,17,1
DEN,2025-07-06,20,5
DEN,2025-07-06,21,3
DEN,2025-07-06,22,3
DEN,2025-07-06,23,1
DEN,2025-07-06,24,25
DEN,2025-07-06,25,3
DEN,2025-07-06,26,20
DEN,2025-07-06,27,32
DEN,2025-07-06,28,31
DEN,2025-07-06,29,9
DEN,2025-07-06,30,18
DEN,2025-07-06,31,38
DEN,2025-07-06,32,31
DEN,2025-07-06,33,38
DEN,2025-07-06,34,37
DEN,2025-07-06,35,35
DEN,2025-07-06,36,19
DEN,2025-07-06,37,20
DEN,2025-07-06,38,38
DEN,2025-07-06,39,38
DEN,2025-07-06,40,39
DEN,2025-07-06,41,38
DEN,2025-07-06,42,38
DEN,2025-07-06,43,22
DEN,2025-07-06,44,23
DEN,2025-07-06,45,38
DEN,2025-07-06,46,38
DEN,2025-07-06,47,24
DEN,2025-07-06,48,25
DEN,2025-07-06,49,32
DEN,2025-07-06,50,30
DEN,2025-07-06,51,23
DEN,2025-07-06,52,14
DEN,2025-07-06,53,29
DEN,2025-07-06,54,30
DEN,2025-07-06,55,38
DEN,2025-07-06,56,22
DEN,2025-07-06,57,25
DEN,2025-07-06,58,26
DEN,2025-07-06,59,30
DEN,2025-07-06,60,24
DEN,2025-07-06,61,18
DEN,2025-07-06,62,29
DEN,2025-07-06,63,28
DEN,2025-07-06,64,24
DEN,2025-07-06,65,38
DEN,2025-07-06,66,38
DEN,2025-07-06,67,23
DEN,2025-07-06,68,13
DEN,2025-07-06,69,34
DEN,2025-07-06,70,35
DEN,2025-07-06,71,38
DEN,2025-07-06,72,38
DEN,2025-07-06,73,35
DEN,2025-07-06,74,22
DEN,2025-07-06,75,17
DEN,2025-07-06,76,27
DEN,2025-07-06,77,38
DEN,2025-07-06,78,38
DEN,2025-07-06,79,29
DEN,2025-07-06,80,16
DEN,2025-07-06,81,13
DEN,2025-07-06,82,36
DEN,2025-07-06,83,24
DEN,2025-07-06,84,22
DEN,2025-07-06,85,17
DEN,2025-07-06,86,10
DEN,2025-07-06,87,24
DEN,2025-07-06,88,10
DEN,2025-07-06,89,13
DEN,2025-07-06,90,9
DEN,2025-07-06,91,20
DEN,2025-07-06,92,6
DEN,2025-07-06,93,6
DEN,2025-07-06,94,7
DEN,2025-07-06,95,25
DEN,2025-07-07,0,4
DEN,2025-07-07,1,2
DEN,2025-07-07,2,4
DEN,2025-07-07,3,5
DEN,2025-07-07,4,2
DEN,2025-07-07,5,1
DEN,2025-07-07,10,1
DEN,2025-07-07,16,1
DEN,2025-07-07,17,1
DEN,2025-07-07,20,8
DEN,2025-07-07,21,2
DEN,2025-07-07,22,5
DEN,2025-07-07,23,2
DEN,2025-07-07,24,24
DEN,2025-07-07,25,12
DEN,2025-07-07,26,25
DEN,2025-07-07,27,37
DEN,2025-07-07,28,27
DEN,2025-07-07,29,16
DEN,2025-07-07,30,16
DEN,2025-07-07,31,37
DEN,2025-07-07,32,36
DEN,2025-07-07,33,29
DEN,2025-07-07,34,26
DEN,2025-07-07,35,27
DEN,2025-07-07,36,26
DEN,2025-07-07,37,26
DEN,2025-07-07,38,37
DEN,2025-07-07,39,37
DEN,2025-07-07,40,38
DEN,2025-07-07,41,37
DEN,2025-07-07,42,37
DEN,2025-07-07,43,17
DEN,2025-07-07,44,23
DEN,2025-07-07,45,37
DEN,2025-07-07,46,37
DEN,2025-07-07,47,26
DEN,2025-07-07,48,28
DEN,2025-07-07,49,30
DEN,2025-07-07,50,37
DEN,2025-07-07,51,26
DEN,2025-07-07,52,17
DEN,2025-07-07,53,23
DEN,2025-07-07,54,36
DEN,2025-07-07,55,37
DEN,2025-07-07,56,25
DEN,2025-07-07,57,21
DEN,2025-07-07,58,19
DEN,2025-07-07,59,37
DEN,2025-07-07,60,28
DEN,2025-07-07,61,18
DEN,2025-07-07,62,34
DEN,2025-07-07,63,31
DEN,2025-07-07,64,27
DEN,2025-07-07,65,37
DEN,2025-07-07,66,37
DEN,2025-07-07,67,27
DEN,2025-07-07,68,18
DEN,2025-07-07,69,34
DEN,2025-07-07,70,34
DEN,2025-07-07,71,37
DEN,2025-07-07,72,37
DEN,2025-07-07,73,34
DEN,2025-07-07,74,26
DEN,2025-07-07,75,22
DEN,2025-07-07,76,29
DEN,2025-07-07,77,37
DEN,2025-07-07,78,37
DEN,2025-07-07,79,30
DEN,2025-07-07,80,29
DEN,2025-07-07,81,26
DEN,2025-07-07,82,30
DEN,2025-07-07,83,20
DEN,2025-07-07,84,23
DEN,2025-07-07,85,16
DEN,2025-07-07,86,20
DEN,2025-07-07,87,23
DEN,2025-07-07,88,2
DEN,2025-07-07,89,11
DEN,2025-07-07,90,19
DEN,2025-07-07,91,13
DEN,2025-07-07,92,9
DEN,2025-07-07,93,8
DEN,2025-07-07,94,9
DEN,2025-07-07,95,21
DEN,2025-07-08,1,4
DEN,2025-07-08,2,4
DEN,2025-07-08,3,4
DEN,2025-07-08,5,1
DEN,2025-07-08,16,1
DEN,2025-07-08,17,1
DEN,2025-07-08,20,5
DEN,2025-07-08,21,1
DEN,2025-07-08,22,3
DEN,2025-07-08,23,2
DEN,2025-07-08,24,14
DEN,2025-07-08,25,7
DEN,2025-07-08,26,22
DEN,2025-07-08,27,37
DEN,2025-07-08,28,17
DEN,2025-07-08,29,13
DEN,2025-07-08,30,14
DEN,2025-07-08,31,37
DEN,2025-07-08,32,29
DEN,2025-07-08,33,33
DEN,2025-07-08,34,26
DEN,2025-07-08,35,31
DEN,2025-07-08,36,27
DEN,2025-07-08,37,28
DEN,2025-07-08,38,37
DEN,2025-07-08,39,37
DEN,2025-07-08,40,38
DEN,2025-07-08,41,37
DEN,2025-07-08,42,37
DEN,2025-07-08,43,20
DEN,2025-07-08,44,20
DEN,2025-07-08,45,37
DEN,2025-07-08,46,37
DEN,2025-07-08,47,20
DEN,2025-07-08,48,32
DEN,2025-07-08,49,37
DEN,2025-07-08,50,30
DEN,2025-07-08,51,22
DEN,2025-07-08,52,24
DEN,2025-07-08,53,22
DEN,2025-07-08,54,32
DEN,2025-07-08,55,37
DEN,2025-07-08,56,19
DEN,2025-07-08,57,18
DEN,2025-07-08,58,23
DEN,2025-07-08,59,30
DEN,2025-07-08,60,21
DEN,2025-07-08,61,13
DEN,2025-07-08,62,23
DEN,2025-07-08,63,27
DEN,2025-07-08,64,23
DEN,2025-07-08,65,37
DEN,2025-07-08,66,37
DEN,2025-07-08,67,23
DEN,2025-07-08,68,22
DEN,2025-07-08,69,35
DEN,2025-07-08,70,37
DEN,2025-07-08,71,37
DEN,2025-07-08,72,37
DEN,2025-07-08,73,33
DEN,2025-07-08,74,23
DEN,2025-07-08,75,15
DEN,2025-07-08,76,25
DEN,2025-07-08,77,36
DEN,2025-07-08,78,37
DEN,2025-07-08,79,26
DEN,2025-07-08,80,26
DEN,2025-07-08,81,11
DEN,2025-07-08,82,27
DEN,2025-07-08,83,26
DEN,2025-07-08,84,27
DEN,2025-07-08,85,9
DEN,2025-07-08,86,13
DEN,2025-07-08,87,27
DEN,2025-07-08,88,3
DEN,2025-07-08,89,9
DEN,2025-07-08,90,7
DEN,2025-07-08,91,8
DEN,2025-07-08,92,8
DEN,2025-07-08,93,5
DEN,2025-07-08,94,3
DEN,2025-07-08,95,17
DEN,2025-07-09,2,2
DEN,2025-07-09,3,2
DEN,2025-07-09,5,1
DEN,2025-07-09,16,1
DEN,2025-07-09,17,1
DEN,2025-07-09,20,4
DEN,2025-07-09,21,1
DEN,2025-07-09,22,4
DEN,2025-07-09,23,2
DEN,2025-07-09,24,13
DEN,2025-07-09,25,7
DEN,2025-07-09,26,21
DEN,2025-07-09,27,37
DEN,2025-07-09,28,18
DEN,2025-07-09,29,12
DEN,2025-07-09,30,14
DEN,2025-07-09,31,37
DEN,2025-07-09,32,33
DEN,2025-07-09,33,33
DEN,2025-07-09,34,26
DEN,2025-07-09,35,31
DEN,2025-07-09,36,27
DEN,2025-07-09,37,29
DEN,2025-07-09,38,37
DEN,2025-07-09,39,37
DEN,2025-07-09,40,38
DEN,2025-07-09,41,37
DEN,2025-07-09,42,37
DEN,2025-07-09,43,21
DEN,2025-07-09,44,21
DEN,2025-07-09,45,37
DEN,2025-07-09,46,37
DEN,2025-07-09,47,21
DEN,2025-07-09,48,31
DEN,2025-07-09,49,37
DEN,2025-07-09,50,31
DEN,2025-07-09,51,23
DEN,2025-07-09,52,25
DEN,2025-07-09,53,23
DEN,2025-07-09,54,32
DEN,2025-07-09,55,37
DEN,2025-07-09,56,20
DEN,2025-07-09,57,19
DEN,2025-07-09,58,25
DEN,2025-07-09,59,28
DEN,2025-07-09,60,22
DEN,2025-07-09,61,12
DEN,2025-07-09,62,32
DEN,2025-07-09,63,29
DEN,2025-07-09,64,26
DEN,2025-07-09,65,37
DEN,2025-07-09,66,36
DEN,2025-07-09,67,26
DEN,2025-07-09,68,26
DEN,2025-07-09,69,35
DEN,2025-07-09,70,34
DEN,2025-07-09,71,37
DEN,2025-07-09,72,37
DEN,2025-07-09,73,34
DEN,2025-07-09,74,27
DEN,2025-07-09,75,21
DEN,2025-07-09,76,30
DEN,2025-07-09,77,37
DEN,2025-07-09,78,37
DEN,2025-07-09,79,31
DEN,2025-07-09,80,30
DEN,2025-07-09,81,13
DEN,2025-07-09,82,31
DEN,2025-07-09,83,27
DEN,2025-07-09,84,28
DEN,2025-07-09,85,8
DEN,2025-07-09,86,13
DEN,2025-07-09,87,29
DEN,2025-07-09,88,3
DEN,2025-07-09,89,9
DEN,2025-07-09,90,8
DEN,2025-07-09,91,8
DEN,2025-07-09,92,9
DEN,2025-07-09,93,5
DEN,2025-07-09,94,5
DEN,2025-07-09,95,17
DEN,2025-07-10,0,1
DEN,2025-07-10,1,2
DEN,2025-07-10,2,2
DEN,2025-07-10,3,4
DEN,2025-07-10,5,1
DEN,2025-07-10,16,1
DEN,2025-07-10,17,1
DEN,2025-07-10,20,8
DEN,2025-07-10,21,3
DEN,2025-07-10,22,4
DEN,2025-07-10,23,2
DEN,2025-07-10,24,25
DEN,2025-07-10,25,11
DEN,2025-07-10,26,24
DEN,2025-07-10,27,38
DEN,2025-07-10,28,27
DEN,2025-07-10,29,15
DEN,2025-07-10,30,17
DEN,2025-07-10,31,38
DEN,2025-07-10,32,34
DEN,2025-07-10,33,31
DEN,2025-07-10,34,26
DEN,2025-07-10,35,29
DEN,2025-07-10,36,28
DEN,2025-07-10,37,25
DEN,2025-07-10,38,38
DEN,2025-07-10,39,38
DEN,2025-07-10,40,39
DEN,2025-07-10,41,38
DEN,2025-07-10,42,38
DEN,2025-07-10,43,16
DEN,2025-07-10,44,22
DEN,2025-07-10,45,38
DEN,2025-07-10,46,38
DEN,2025-07-10,47,27
DEN,2025-07-10,48,27
DEN,2025-07-10,49,31
DEN,2025-07-10,50,38
DEN,2025-07-10,51,28
DEN,2025-07-10,52,16
DEN,2025-07-10,53,22
DEN,2025-07-10,54,35
DEN,2025-07-10,55,38
DEN,2025-07-10,56,21
DEN,2025-07-10,57,16
DEN,2025-07-10,58,20
DEN,2025-07-10,59,38
DEN,2025-07-10,60,26
DEN,2025-07-10,61,12
DEN,2025-07-10,62,28
DEN,2025-07-10,63,27
DEN,2025-07-10,64,20
DEN,2025-07-10,65,38
DEN,2025-07-10,66,37
DEN,2025-07-10,67,19
DEN,2025-07-10,68,14
DEN,2025-07-10,69,29
DEN,2025-07-10,70,29
DEN,2025-07-10,71,38
DEN,2025-07-10,72,38
DEN,2025-07-10,73,29
DEN,2025-07-10,74,13
DEN,2025-07-10,75,15
DEN,2025-07-10,76,23
DEN,2025-07-10,77,38
DEN,2025-07-10,78,38
DEN,2025-07-10,79,23
DEN,2025-07-10,80,22
DEN,2025-07-10,81,20
DEN,2025-07-10,82,29
DEN,2025-07-10,83,19
DEN,2025-07-10,84,14
DEN,2025-07-10,85,17
DEN,2025-07-10,86,17
DEN,2025-07-10,87,24
DEN,2025-07-10,88,1
DEN,2025-07-10,89,10
DEN,2025-07-10,90,16
DEN,2025-07-10,91,11
DEN,2025-07-10,92,9
DEN,2025-07-10,93,6
DEN,2025-07-10,94,10
DEN,2025-07-10,95,22
DEN,2025-07-11,1,4
DEN,2025-07-11,2,3
DEN,2025-07-11,3,5
DEN,2025-07-11,5,1
DEN,2025-07-11,16,1
DEN,2025-07-11,17,1
DEN,2025-07-11,20,8
DEN,2025-07-11,21,3
DEN,2025-07-11,22,4
DEN,2025-07-11,23,2
DEN,2025-07-11,24,23
DEN,2025-07-11,25,14
DEN,2025-07-11,26,23
DEN,2025-07-11,27,36
DEN,2025-07-11,28,27
DEN,2025-07-11,29,15
DEN,2025-07-11,30,16
DEN,2025-07-11,31,36
DEN,2025-07-11,32,36
DEN,2025-07-11,33,31
DEN,2025-07-11,34,24
DEN,2025-07-11,35,27
DEN,2025-07-11,36,26
DEN,2025-07-11,37,24
DEN,2025-07-11,38,36
DEN,2025-07-11,39,36
DEN,2025-07-11,40,37
DEN,2025-07-11,41,36
DEN,2025-07-11,42,36
DEN,2025-07-11,43,18
DEN,2025-07-11,44,23
DEN,2025-07-11,45,36
DEN,2025-07-11,46,36
DEN,2025-07-11,47,26
DEN,2025-07-11,48,28
DEN,2025-07-11,49,29
DEN,2025-07-11,50,36
DEN,2025-07-11,51,26
DEN,2025-07-11,52,16
DEN,2025-07-11,53,22
DEN,2025-07-11,54,35
DEN,2025-07-11,55,36
DEN,2025-07-11,56,24
DEN,2025-07-11,57,22
DEN,2025-07-11,58,19
DEN,2025-07-11,59,36
DEN,2025-07-11,60,28
DEN,2025-07-11,61,18
DEN,2025-07-11,62,35
DEN,2025-07-11,63,28
DEN,2025-07-11,64,27
DEN,2025-07-11,65,36
DEN,2025-07-11,66,35
DEN,2025-07-11,67,27
DEN,2025-07-11,68,19
DEN,2025-07-11,69,30
DEN,2025-07-11,70,31
DEN,2025-07-11,71,36
DEN,2025-07-11,72,36
DEN,2025-07-11,73,31
DEN,2025-07-11,74,22
DEN,2025-07-11,75,16
DEN,2025-07-11,76,22
DEN,2025-07-11,77,36
DEN,2025-07-11,78,36
DEN,2025-07-11,79,23
DEN,2025-07-11,80,22
DEN,2025-07-11,81,22
DEN,2025-07-11,82,24
DEN,2025-07-11,83,15
DEN,2025-07-11,84,13
DEN,2025-07-11,85,15
DEN,2025-07-11,86,17
DEN,2025-07-11,87,23
DEN,2025-07-11,88,2
DEN,2025-07-11,89,10
DEN,2025-07-11,90,14
DEN,2025-07-11,91,10
DEN,2025-07-11,92,8
DEN,2025-07-11,93,8
DEN,2025-07-11,94,9
DEN,2025-07-11,95,24
DEN,2025-07-12,1,3
DEN,2025-07-12,2,4
DEN,2025-07-12,3,5
DEN,2025-07-12,5,1
DEN,2025-07-12,16,1
DEN,2025-07-12,17,1
DEN,2025-07-12,20,6
DEN,2025-07-12,21,4
DEN,2025-07-12,22,6
DEN,2025-07-12,23,1
DEN,2025-07-12,24,19
DEN,2025-07-12,25,9
DEN,2025-07-12,26,26
DEN,2025-07-12,27,36
DEN,2025-07-12,28,18
DEN,2025-07-12,29,10
DEN,2025-07-12,30,16
DEN,2025-07-12,31,36
DEN,2025-07-12,32,29
DEN,2025-07-12,33,34
DEN,2025-07-12,34,36
DEN,2025-07-12,35,27
DEN,2025-07-12,36,17
DEN,2025-07-12,37,24
DEN,2025-07-12,38,34
DEN,2025-07-12,39,36
DEN,2025-07-12,40,36
DEN,2025-07-12,41,35
DEN,2025-07-12,42,35
DEN,2025-07-12,43,16
DEN,2025-07-12,44,18
DEN,2025-07-12,45,36
DEN,2025-07-12,46,36
DEN,2025-07-12,47,20
DEN,2025-07-12,48,22
DEN,2025-07-12,49,27
DEN,2025-07-12,50,28
DEN,2025-07-12,51,20
DEN,2025-07-12,52,10
DEN,2025-07-12,53,19
DEN,2025-07-12,54,28
DEN,2025-07-12,55,32
DEN,2025-07-12,56,12
DEN,2025-07-12,57,19
DEN,2025-07-12,58,20
DEN,2025-07-12,59,27
DEN,2025-07-12,60,25
DEN,2025-07-12,61,13
DEN,2025-07-12,62,24
DEN,2025-07-12,63,27
DEN,2025-07-12,64,24
DEN,2025-07-12,65,36
DEN,2025-07-12,66,36
DEN,2025-07-12,67,23
DEN,2025-07-12,68,25
DEN,2025-07-12,69,36
DEN,2025-07-12,70,36
DEN,2025-07-12,71,37
DEN,2025-07-12,72,36
DEN,2025-07-12,73,36
DEN,2025-07-12,74,11
DEN,2025-07-12,75,21
DEN,2025-07-12,76,30
DEN,2025-07-12,77,36
DEN,2025-07-12,78,36
DEN,2025-07-12,79,34
DEN,2025-07-12,80,14
DEN,2025-07-12,81,11
DEN,2025-07-12,82,27
DEN,2025-07-12,83,33
DEN,2025-07-12,84,24
DEN,2025-07-12,85,6
DEN,2025-07-12,86,21
DEN,2025-07-12,87,22
DEN,2025-07-12,88,2
DEN,2025-07-12,89,10
DEN,2025-07-12,90,6
DEN,2025-07-12,91,8
DEN,2025-07-12,92,6
DEN,2025-07-12,93,6
DEN,2025-07-12,94,8
DEN,2025-07-12,95,18
DEN,2025-07-13,0,1
DEN,2025-07-13,1,1
DEN,2025-07-13,2,2
DEN,2025-07-13,5,1
DEN,2025-07-13,16,1
DEN,2025-07-13,17,1
DEN,2025-07-13,20,5
DEN,2025-07-13,21,3
DEN,2025-07-13,22,3
DEN,2025-07-13,23,1
DEN,2025-07-13,24,24
DEN,2025-07-13,25,3
DEN,2025-07-13,26,20
DEN,2025-07-13,27,32
DEN,2025-07-13,28,31
DEN,2025-07-13,29,8
DEN,2025-07-13,30,16
DEN,2025-07-13,31,38
DEN,2025-07-13,32,31
DEN,2025-07-13,33,38
DEN,2025-07-13,34,37
DEN,2025-07-13,35,34
DEN,2025-07-13,36,16
DEN,2025-07-13,37,20
DEN,2025-07-13,38,38
DEN,2025-07-13,39,38
DEN,2025-07-13,40,39
DEN,2025-07-13,41,38
DEN,2025-07-13,42,38
DEN,2025-07-13,43,21
DEN,2025-07-13,44,22
DEN,2025-07-13,45,38
DEN,2025-07-13,46,38
DEN,2025-07-13,47,22
DEN,2025-07-13,48,26
DEN,2025-07-13,49,32
DEN,2025-07-13,50,31
DEN,2025-07-13,51,24
DEN,2025-07-13,52,13
DEN,2025-07-13,53,28
DEN,2025-07-13,54,30
DEN,2025-07-13,55,37
DEN,2025-07-13,56,21
DEN,2025-07-13,57,25
DEN,2025-07-13,58,24
DEN,2025-07-13,59,30
DEN,2025-07-13,60,23
DEN,2025-07-13,61,18
DEN,2025-07-13,62,30
DEN,2025-07-13,63,28
DEN,2025-07-13,64,25
DEN,2025-07-13,65,38
DEN,2025-07-13,66,37
DEN,2025-07-13,67,24
DEN,2025-07-13,68,16
DEN,2025-07-13,69,35
DEN,2025-07-13,70,36
DEN,2025-07-13,71,38
DEN,2025-07-13,72,38
DEN,2025-07-13,73,35
DEN,2025-07-13,74,23
DEN,2025-07-13,75,25
DEN,2025-07-13,76,30
DEN,2025-07-13,77,38
DEN,2025-07-13,78,38
DEN,2025-07-13,79,33
DEN,2025-07-13,80,26
DEN,2025-07-13,81,16
DEN,2025-07-13,82,38
DEN,2025-07-13,83,24
DEN,2025-07-13,84,25
DEN,2025-07-13,85,21
DEN,2025-07-13,86,9
DEN,2025-07-13,87,30
DEN,2025-07-13,88,12
DEN,2025-07-13,89,13
DEN,2025-07-13,90,8
DEN,2025-07-13,91,25
DEN,2025-07-13,92,10
DEN,2025-07-13,93,6
DEN,2025-07-13,94,8
DEN,2025-07-13,95,22
DEN,2025-07-14,0,3
DEN,2025-07-14,1,4
DEN,2025-07-14,2,4
DEN,2025-07-14,3,5
DEN,2025-07-14,4,3
DEN,2025-07-14,5,1
DEN,2025-07-14,16,1
DEN,2025-07-14,17,1
DEN,2025-07-14,20,8
DEN,2025-07-14,21,2
DEN,2025-07-14,22,5
DEN,2025-07-14,23,2
DEN,2025-07-14,24,24
DEN,2025-07-14,25,10
DEN,2025-07-14,26,25
DEN,2025-07-14,27,37
DEN,2025-07-14,28,27
DEN,2025-07-14,29,15
DEN,2025-07-14,30,17
DEN,2025-07-14,31,37
DEN,2025-07-14,32,36
DEN,2025-07-14,33,32
DEN,2025-07-14,34,27
DEN,2025-07-14,35,31
DEN,2025-07-14,36,25
DEN,2025-07-14,37,26
DEN,2025-07-14,38,37
DEN,2025-07-14,39,37
DEN,2025-07-14,40,38
DEN,2025-07-14,41,37
DEN,2025-07-14,42,37
DEN,2025-07-14,43,15
DEN,2025-07-14,44,22
DEN,2025-07-14,45,37
DEN,2025-07-14,46,37
DEN,2025-07-14,47,27
DEN,2025-07-14,48,27
DEN,2025-07-14,49,30
DEN,2025-07-14,50,37
DEN,2025-07-14,51,27
DEN,2025-07-14,52,17
DEN,2025-07-14,53,21
DEN,2025-07-14,54,35
DEN,2025-07-14,55,37
DEN,2025-07-14,56,24
DEN,2025-07-14,57,20
DEN,2025-07-14,58,19
DEN,2025-07-14,59,37
DEN,2025-07-14,60,27
DEN,2025-07-14,61,18
DEN,2025-07-14,62,35
DEN,2025-07-14,63,31
DEN,2025-07-14,64,28
DEN,2025-07-14,65,37
DEN,2025-07-14,66,37
DEN,2025-07-14,67,28
DEN,2025-07-14,68,18
DEN,2025-07-14,69,33
DEN,2025-07-14,70,33
DEN,2025-07-14,71,37
DEN,2025-07-14,72,37
DEN,2025-07-14,73,33
DEN,2025-07-14,74,24
DEN,2025-07-14,75,21
DEN,2025-07-14,76,29
DEN,2025-07-14,77,37
DEN,2025-07-14,78,37
DEN,2025-07-14,79,29
DEN,2025-07-14,80,29
DEN,2025-07-14,81,25
DEN,2025-07-14,82,29
DEN,2025-07-14,83,19
DEN,2025-07-14,84,22
DEN,2025-07-14,85,14
DEN,2025-07-14,86,20
DEN,2025-07-14,87,23
DEN,2025-07-14,88,2
DEN,2025-07-14,89,11
DEN,2025-07-14,90,19
DEN,2025-07-14,91,11
DEN,2025-07-14,92,7
DEN,2025-07-14,93,7
DEN,2025-07-14,94,9
DEN,2025-07-14,95,20
DEN,2025-07-15,1,3
DEN,2025-07-15,2,4
DEN,2025-07-15,3,2
DEN,2025-07-15,5,1
DEN,2025-07-15,16,1
DEN,2025-07-15,17,1
DEN,2025-07-15,20,5
DEN,2025-07-15,21,1
DEN,2025-07-15,22,3
DEN,2025-07-15,23,2
DEN,2025-07-15,24,12
DEN,2025-07-15,25,6
DEN,2025-07-15,26,22
DEN,2025-07-15,27,37
DEN,2025-07-15,28,18
DEN,2025-07-15,29,12
DEN,2025-07-15,30,13
DEN,2025-07-15,31,37
DEN,2025-07-15,32,29
DEN,2025-07-15,33,31
DEN,2025-07-15,34,26
DEN,2025-07-15,35,30
DEN,2025-07-15,36,26
DEN,2025-07-15,37,28
DEN,2025-07-15,38,37
DEN,2025-07-15,39,37
DEN,2025-07-15,40,38
DEN,2025-07-15,41,37
DEN,2025-07-15,42,37
DEN,2025-07-15,43,19
DEN,2025-07-15,44,20
DEN,2025-07-15,45,37
DEN,2025-07-15,46,37
DEN,2025-07-15,47,21
DEN,2025-07-15,48,32
DEN,2025-07-15,49,37
DEN,2025-07-15,50,29
DEN,2025-07-15,51,21
DEN,2025-07-15,52,25
DEN,2025-07-15,53,22
DEN,2025-07-15,54,33
DEN,2025-07-15,55,37
DEN,2025-07-15,56,20
DEN,2025-07-15,57,19
DEN,2025-07-15,58,25
DEN,2025-07-15,59,29
DEN,2025-07-15,60,21
DEN,2025-07-15,61,14
DEN,2025-07-15,62,26
DEN,2025-07-15,63,28
DEN,2025-07-15,64,24
DEN,2025-07-15,65,37
DEN,2025-07-15,66,37
DEN,2025-07-15,67,24
DEN,2025-07-15,68,24
DEN,2025-07-15,69,35
DEN,2025-07-15,70,37
DEN,2025-07-15,71,37
DEN,2025-07-15,72,37
DEN,2025-07-15,73,35
DEN,2025-07-15,74,25
DEN,2025-07-15,75,20
DEN,2025-07-15,76,28
DEN,2025-07-15,77,37
DEN,2025-07-15,78,37
DEN,2025-07-15,79,29
DEN,2025-07-15,80,29
DEN,2025-07-15,81,11
DEN,2025-07-15,82,30
DEN,2025-07-15,83,26
DEN,2025-07-15,84,30
DEN,2025-07-15,85,9
DEN,2025-07-15,86,13
DEN,2025-07-15,87,27
DEN,2025-07-15,88,3
DEN,2025-07-15,89,9
DEN,2025-07-15,90,9
DEN,2025-07-15,91,8
DEN,2025-07-15,92,8
DEN,2025-07-15,93,5
DEN,2025-07-15,94,4
DEN,2025-07-15,95,17
DEN,2025-07-16,1,1
DEN,2025-07-16,2,2
DEN,2025-07-16,3,2
DEN,2025-07-16,5,1
DEN,2025-07-16,16,1
DEN,2025-07-16,17,1
DEN,2025-07-16,20,4
DEN,2025-07-16,21,1
DEN,2025-07-16,22,4
DEN,2025-07-16,23,2
DEN,2025-07-16,24,14
DEN,2025-07-16,25,5
DEN,2025-07-16,26,22
DEN,2025-07-16,27,38
DEN,2025-07-16,28,17
DEN,2025-07-16,29,13
DEN,2025-07-16,30,13
DEN,2025-07-16,31,38
DEN,2025-07-16,32,33
DEN,2025-07-16,33,33
DEN,2025-07-16,34,26
DEN,2025-07-16,35,30
DEN,2025-07-16,36,27
DEN,2025-07-16,37,28
DEN,2025-07-16,38,38
DEN,2025-07-16,39,38
DEN,2025-07-16,40,39
DEN,2025-07-16,41,38
DEN,2025-07-16,42,38
DEN,2025-07-16,43,20
DEN,2025-07-16,44,20
DEN,2025-07-16,45,38
DEN,2025-07-16,46,38
DEN,2025-07-16,47,20
DEN,2025-07-16,48,32
DEN,2025-07-16,49,38
DEN,2025-07-16,50,29
DEN,2025-07-16,51,22
DEN,2025-07-16,52,25
DEN,2025-07-16,53,23
DEN,2025-07-16,54,32
DEN,2025-07-16,55,38
DEN,2025-07-16,56,19
DEN,2025-07-16,57,18
DEN,2025-07-16,58,25
DEN,2025-07-16,59,28
DEN,2025-07-16,60,22
DEN,2025-07-16,61,12
DEN,2025-07-16,62,31
DEN,2025-07-16,63,29
DEN,2025-07-16,64,23
DEN,2025-07-16,65,38
DEN,2025-07-16,66,37
DEN,2025-07-16,67,23
DEN,2025-07-16,68,24
DEN,2025-07-16,69,34
DEN,2025-07-16,70,34
DEN,2025-07-16,71,38
DEN,2025-07-16,72,38
DEN,2025-07-16,73,31
DEN,2025-07-16,74,27
DEN,2025-07-16,75,22
DEN,2025-07-16,76,27
DEN,2025-07-16,77,38
DEN,2025-07-16,78,38
DEN,2025-07-16,79,27
DEN,2025-07-16,80,27
DEN,2025-07-16,81,12
DEN,2025-07-16,82,28
DEN,2025-07-16,83,26
DEN,2025-07-16,84,28
DEN,2025-07-16,85,9
DEN,2025-07-16,86,13
DEN,2025-07-16,87,28
DEN,2025-07-16,88,3
DEN,2025-07-16,89,8
DEN,2025-07-16,90,8
DEN,2025-07-16,91,8
DEN,2025-07-16,92,10
DEN,2025-07-16,93,5
DEN,2025-07-16,94,6
DEN,2025-07-16,95,17
DEN,2025-07-17,1,1
DEN,2025-07-17,2,2
DEN,2025-07-17,3,4
DEN,2025-07-17,16,1
DEN,2025-07-17,17,1
DEN,2025-07-17,20,8
DEN,2025-07-17,21,3
DEN,2025-07-17,22,4
DEN,2025-07-17,23,2
DEN,2025-07-17,24,25
DEN,2025-07-17,25,9
DEN,2025-07-17,26,24
DEN,2025-07-17,27,39
DEN,2025-07-17,28,27
DEN,2025-07-17,29,15
DEN,2025-07-17,30,16
DEN,2025-07-17,31,39
DEN,2025-07-17,32,34
DEN,2025-07-17,33,30
DEN,2025-07-17,34,26
DEN,2025-07-17,35,30
DEN,2025-07-17,36,28
DEN,2025-07-17,37,23
DEN,2025-07-17,38,39
DEN,2025-07-17,39,39
DEN,2025-07-17,40,40
DEN,2025-07-17,41,39
DEN,2025-07-17,42,39
DEN,2025-07-17,43,12
DEN,2025-07-17,44,21
DEN,2025-07-17,45,39
DEN,2025-07-17,46,39
DEN,2025-07-17,47,27
DEN,2025-07-17,48,28
DEN,2025-07-17,49,31
DEN,2025-07-17,50,37
DEN,2025-07-17,51,27
DEN,2025-07-17,52,16
DEN,2025-07-17,53,24
DEN,2025-07-17,54,35
DEN,2025-07-17,55,39
DEN,2025-07-17,56,26
DEN,2025-07-17,57,19
DEN,2025-07-17,58,22
DEN,2025-07-17,59,39
DEN,2025-07-17,60,27
DEN,2025-07-17,61,17
DEN,2025-07-17,62,34
DEN,2025-07-17,63,29
DEN,2025-07-17,64,28
DEN,2025-07-17,65,39
DEN,2025-07-17,66,38
DEN,2025-07-17,67,27
DEN,2025-07-17,68,18
DEN,2025-07-17,69,34
DEN,2025-07-17,70,34
DEN,2025-07-17,71,39
DEN,2025-07-17,72,39
DEN,2025-07-17,73,33
DEN,2025-07-17,74,27
DEN,2025-07-17,75,26
DEN,2025-07-17,76,29
DEN,2025-07-17,77,39
DEN,2025-07-17,78,39
DEN,2025-07-17,79,29
DEN,2025-07-17,80,28
DEN,2025-07-17,81,26
DEN,2025-07-17,82,32
DEN,2025-07-17,83,20
DEN,2025-07-17,84,20
DEN,2025-07-17,85,19
DEN,2025-07-17,86,16
DEN,2025-07-17,87,25
DEN,2025-07-17,88,2
DEN,2025-07-17,89,12
DEN,2025-07-17,90,18
DEN,2025-07-17,91,13
DEN,2025-07-17,92,10
DEN,2025-07-17,93,7
DEN,2025-07-17,94,10
DEN,2025-07-17,95,23
DEN,2025-07-18,1,4
DEN,2025-07-18,2,4
DEN,2025-07-18,3,5
DEN,2025-07-18,5,1
DEN,2025-07-18,16,1
DEN,2025-07-18,17,1
DEN,2025-07-18,20,8
DEN,2025-07-18,21,3
DEN,2025-07-18,22,4
DEN,2025-07-18,23,2
DEN,2025-07-18,24,24
DEN,2025-07-18,25,11
DEN,2025-07-18,26,25
DEN,2025-07-18,27,39
DEN,2025-07-18,28,27
DEN,2025-07-18,29,15
DEN,2025-07-18,30,16
DEN,2025-07-18,31,39
DEN,2025-07-18,32,36
DEN,2025-07-18,33,33
DEN,2025-07-18,34,27
DEN,2025-07-18,35,31
DEN,2025-07-18,36,26
DEN,2025-07-18,37,23
DEN,2025-07-18,38,39
DEN,2025-07-18,39,39
DEN,2025-07-18,40,40
DEN,2025-07-18,41,39
DEN,2025-07-18,42,39
DEN,2025-07-18,43,13
DEN,2025-07-18,44,21
DEN,2025-07-18,45,39
DEN,2025-07-18,46,39
DEN,2025-07-18,47,25
DEN,2025-07-18,48,28
DEN,2025-07-18,49,30
DEN,2025-07-18,50,37
DEN,2025-07-18,51,26
DEN,2025-07-18,52,16
DEN,2025-07-18,53,23
DEN,2025-07-18,54,36
DEN,2025-07-18,55,39
DEN,2025-07-18,56,25
DEN,2025-07-18,57,19
DEN,2025-07-18,58,19
DEN,2025-07-18,59,39
DEN,2025-07-18,60,27
DEN,2025-07-18,61,16
DEN,2025-07-18,62,36
DEN,2025-07-18,63,30
DEN,2025-07-18,64,27
DEN,2025-07-18,65,39
DEN,2025-07-18,66,38
DEN,2025-07-18,67,26
DEN,2025-07-18,68,19
DEN,2025-07-18,69,33
DEN,2025-07-18,70,33
DEN,2025-07-18,71,39
DEN,2025-07-18,72,39
DEN,2025-07-18,73,33
DEN,2025-07-18,74,25
DEN,2025-07-18,75,23
DEN,2025-07-18,76,28
DEN,2025-07-18,77,39
DEN,2025-07-18,78,39
DEN,2025-07-18,79,29
DEN,2025-07-18,80,28
DEN,2025-07-18,81,26
DEN,2025-07-18,82,31
DEN,2025-07-18,83,20
DEN,2025-07-18,84,23
DEN,2025-07-18,85,16
DEN,2025-07-18,86,20
DEN,2025-07-18,87,24
DEN,2025-07-18,88,2
DEN,2025-07-18,89,12
DEN,2025-07-18,90,18
DEN,2025-07-18,91,13
DEN,2025-07-18,92,9
DEN,2025-07-18,93,8
DEN,2025-07-18,94,9
DEN,2025-07-18,95,24
DEN,2025-07-19,1,4
DEN,2025-07-19,2,4
DEN,2025-07-19,3,5
DEN,2025-07-19,5,1
DEN,2025-07-19,16,1
DEN,2025-07-19,17,1
DEN,2025-07-19,20,6
DEN,2025-07-19,21,4
DEN,2025-07-19,22,6
DEN,2025-07-19,23,1
DEN,2025-07-19,24,20
DEN,2025-07-19,25,11
DEN,2025-07-19,26,27
DEN,2025-07-19,27,36
DEN,2025-07-19,28,19
DEN,2025-07-19,29,11
DEN,2025-07-19,30,16
DEN,2025-07-19,31,36
DEN,2025-07-19,32,31
DEN,2025-07-19,33,36
DEN,2025-07-19,34,36
DEN,2025-07-19,35,31
DEN,2025-07-19,36,19
DEN,2025-07-19,37,25
DEN,2025-07-19,38,36
DEN,2025-07-19,39,36
DEN,2025-07-19,40,37
DEN,2025-07-19,41,36
DEN,2025-07-19,42,36
DEN,2025-07-19,43,16
DEN,2025-07-19,44,18
DEN,2025-07-19,45,36
DEN,2025-07-19,46,36
DEN,2025-07-19,47,20
DEN,2025-07-19,48,22
DEN,2025-07-19,49,30
DEN,2025-07-19,50,28
DEN,2025-07-19,51,19
DEN,2025-07-19,52,10
DEN,2025-07-19,53,19
DEN,2025-07-19,54,28
DEN,2025-07-19,55,32
DEN,2025-07-19,56,12
DEN,2025-07-19,57,18
DEN,2025-07-19,58,20
DEN,2025-07-19,59,27
DEN,2025-07-19,60,25
DEN,2025-07-19,61,13
DEN,2025-07-19,62,23
DEN,2025-07-19,63,27
DEN,2025-07-19,64,24
DEN,2025-07-19,65,36
DEN,2025-07-19,66,36
DEN,2025-07-19,67,24
DEN,2025-07-19,68,26
DEN,2025-07-19,69,36
DEN,2025-07-19,70,36
DEN,2025-07-19,71,36
DEN,2025-07-19,72,36
DEN,2025-07-19,73,36
DEN,2025-07-19,74,14
DEN,2025-07-19,75,21
DEN,2025-07-19,76,30
DEN,2025-07-19,77,36
DEN,2025-07-19,78,36
DEN,2025-07-19,79,33
DEN,2025-07-19,80,15
DEN,2025-07-19,81,12
DEN,2025-07-19,82,28
DEN,2025-07-19,83,33
DEN,2025-07-19,84,24
DEN,2025-07-19,85,6
DEN,2025-07-19,86,22
DEN,2025-07-19,87,22
DEN,2025-07-19,88,2
DEN,2025-07-19,89,9
DEN,2025-07-19,90,6
DEN,2025-07-19,91,9
DEN,2025-07-19,92,7
DEN,2025-07-19,93,6
DEN,2025-07-19,94,8
DEN,2025-07-19,95,20
DEN,2025-07-20,0,1
DEN,2025-07-20,1,1
DEN,2025-07-20,2,2
DEN,2025-07-20,3,1
DEN,2025-07-20,5,1
DEN,2025-07-20,16,1
DEN,2025-07-20,20,5
DEN,2025-07-20,21,3
DEN,2025-07-20,22,3
DEN,2025-07-20,23,1
DEN,2025-07-20,24,23
DEN,2025-07-20,25,3
DEN,2025-07-20,26,21
DEN,2025-07-20,27,33
DEN,2025-07-20,28,30
DEN,2025-07-20,29,10
DEN,2025-07-20,30,18
DEN,2025-07-20,31,38
DEN,2025-07-20,32,31
DEN,2025-07-20,33,38
DEN,2025-07-20,34,37
DEN,2025-07-20,35,35
DEN,2025-07-20,36,20
DEN,2025-07-20,37,21
DEN,2025-07-20,38,38
DEN,2025-07-20,39,38
DEN,2025-07-20,40,39
DEN,2025-07-20,41,38
DEN,2025-07-20,42,38
DEN,2025-07-20,43,22
DEN,2025-07-20,44,22
DEN,2025-07-20,45,38
DEN,2025-07-20,46,38
DEN,2025-07-20,47,23
DEN,2025-07-20,48,26
DEN,2025-07-20,49,32
DEN,2025-07-20,50,32
DEN,2025-07-20,51,22
DEN,2025-07-20,52,14
DEN,2025-07-20,53,29
DEN,2025-07-20,54,31
DEN,2025-07-20,55,38
DEN,2025-07-20,56,23
DEN,2025-07-20,57,25
DEN,2025-07-20,58,25
DEN,2025-07-20,59,30
DEN,2025-07-20,60,23
DEN,2025-07-20,61,18
DEN,2025-07-20,62,30
DEN,2025-07-20,63,28
DEN,2025-07-20,64,25
DEN,2025-07-20,65,38
DEN,2025-07-20,66,38
DEN,2025-07-20,67,25
DEN,2025-07-20,68,17
DEN,2025-07-20,69,35
DEN,2025-07-20,70,37
DEN,2025-07-20,71,38
DEN,2025-07-20,72,38
DEN,2025-07-20,73,36
DEN,2025-07-20,74,24
DEN,2025-07-20,75,27
DEN,2025-07-20,76,30
DEN,2025-07-20,77,38
DEN,2025-07-20,78,38
DEN,2025-07-20,79,33
DEN,2025-07-20,80,27
DEN,2025-07-20,81,16
DEN,2025-07-20,82,38
DEN,2025-07-20,83,25
DEN,2025-07-20,84,25
DEN,2025-07-20,85,21
DEN,2025-07-20,86,10
DEN,2025-07-20,87,31
DEN,2025-07-20,88,12
DEN,2025-07-20,89,13
DEN,2025-07-20,90,8
DEN,2025-07-20,91,25
DEN,2025-07-20,92,10
DEN,2025-07-20,93,6
DEN,2025-07-20,94,9
DEN,2025-07-20,95,23
DEN,2025-07-21,0,3
DEN,2025-07-21,1,4
DEN,2025-07-21,2,4
DEN,2025-07-21,3,5
DEN,2025-07-21,4,3
DEN,2025-07-21,5,1
DEN,2025-07-21,16,1
DEN,2025-07-21,17,1
DEN,2025-07-21,20,7
DEN,2025-07-21,21,2
DEN,2025-07-21,22,5
DEN,2025-07-21,23,2
DEN,2025-07-21,24,24
DEN,2025-07-21,25,10
DEN,2025-07-21,26,24
DEN,2025-07-21,27,39
DEN,2025-07-21,28,27
DEN,2025-07-21,29,15
DEN,2025-07-21,30,16
DEN,2025-07-21,31,39
DEN,2025-07-21,32,36
DEN,2025-07-21,33,33
DEN,2025-07-21,34,26
DEN,2025-07-21,35,31
DEN,2025-07-21,36,26
DEN,2025-07-21,37,23
DEN,2025-07-21,38,39
DEN,2025-07-21,39,39
DEN,2025-07-21,40,40
DEN,2025-07-21,41,39
DEN,2025-07-21,42,39
DEN,2025-07-21,43,12
DEN,2025-07-21,44,21
DEN,2025-07-21,45,39
DEN,2025-07-21,46,39
DEN,2025-07-21,47,27
DEN,2025-07-21,48,28
DEN,2025-07-21,49,31
DEN,2025-07-21,50,38
DEN,2025-07-21,51,27
DEN,2025-07-21,52,16
DEN,2025-07-21,53,23
DEN,2025-07-21,54,36
DEN,2025-07-21,55,39
DEN,2025-07-21,56,26
DEN,2025-07-21,57,19
DEN,2025-07-21,58,18
DEN,2025-07-21,59,39
DEN,2025-07-21,60,28
DEN,2025-07-21,61,17
DEN,2025-07-21,62,34
DEN,2025-07-21,63,33
DEN,2025-07-21,64,26
DEN,2025-07-21,65,39
DEN,2025-07-21,66,38
DEN,2025-07-21,67,26
DEN,2025-07-21,68,19
DEN,2025-07-21,69,34
DEN,2025-07-21,70,34
DEN,2025-07-21,71,39
DEN,2025-07-21,72,39
DEN,2025-07-21,73,33
DEN,2025-07-21,74,25
DEN,2025-07-21,75,22
DEN,2025-07-21,76,28
DEN,2025-07-21,77,39
DEN,2025-07-21,78,39
DEN,2025-07-21,79,29
DEN,2025-07-21,80,29
DEN,2025-07-21,81,26
DEN,2025-07-21,82,31
DEN,2025-07-21,83,19
DEN,2025-07-21,84,23
DEN,2025-07-21,85,16
DEN,2025-07-21,86,20
DEN,2025-07-21,87,23
DEN,2025-07-21,88,2
DEN,2025-07-21,89,11
DEN,2025-07-21,90,18
DEN,2025-07-21,91,13
DEN,2025-07-21,92,9
DEN,2025-07-21,93,8
DEN,2025-07-21,94,10
DEN,2025-07-21,95,22
DEN,2025-07-22,1,4
DEN,2025-07-22,2,4
DEN,2025-07-22,3,4
DEN,2025-07-22,5,1
DEN,2025-07-22,16,1
DEN,2025-07-22,17,1
DEN,2025-07-22,20,5
DEN,2025-07-22,21,1
DEN,2025-07-22,22,3
DEN,2025-07-22,23,2
DEN,2025-07-22,24,14
DEN,2025-07-22,25,6
DEN,2025-07-22,26,23
DEN,2025-07-22,27,38
DEN,2025-07-22,28,18
DEN,2025-07-22,29,11
DEN,2025-07-22,30,12
DEN,2025-07-22,31,38
DEN,2025-07-22,32,29
DEN,2025-07-22,33,34
DEN,2025-07-22,34,26
DEN,2025-07-22,35,31
DEN,2025-07-22,36,26
DEN,2025-07-22,37,27
DEN,2025-07-22,38,38
DEN,2025-07-22,39,38
DEN,2025-07-22,40,39
DEN,2025-07-22,41,38
DEN,2025-07-22,42,38
DEN,2025-07-22,43,18
DEN,2025-07-22,44,18
DEN,2025-07-22,45,38
DEN,2025-07-22,46,38
DEN,2025-07-22,47,19
DEN,2025-07-22,48,32
DEN,2025-07-22,49,38
DEN,2025-07-22,50,29
DEN,2025-07-22,51,21
DEN,2025-07-22,52,25
DEN,2025-07-22,53,22
DEN,2025-07-22,54,33
DEN,2025-07-22,55,38
DEN,2025-07-22,56,19
DEN,2025-07-22,57,18
DEN,2025-07-22,58,25
DEN,2025-07-22,59,30
DEN,2025-07-22,60,22
DEN,2025-07-22,61,13
DEN,2025-07-22,62,26
DEN,2025-07-22,63,28
DEN,2025-07-22,64,23
DEN,2025-07-22,65,38
DEN,2025-07-22,66,37
DEN,2025-07-22,67,23
DEN,2025-07-22,68,23
DEN,2025-07-22,69,34
DEN,2025-07-22,70,36
DEN,2025-07-22,71,38
DEN,2025-07-22,72,38
DEN,2025-07-22,73,32
DEN,2025-07-22,74,21
DEN,2025-07-22,75,15
DEN,2025-07-22,76,26
DEN,2025-07-22,77,38
DEN,2025-07-22,78,38
DEN,2025-07-22,79,27
DEN,2025-07-22,80,26
DEN,2025-07-22,81,11
DEN,2025-07-22,82,27
DEN,2025-07-22,83,24
DEN,2025-07-22,84,29
DEN,2025-07-22,85,9
DEN,2025-07-22,86,12
DEN,2025-07-22,87,25
DEN,2025-07-22,88,3
DEN,2025-07-22,89,9
DEN,2025-07-22,90,9
DEN,2025-07-22,91,8
DEN,2025-07-22,92,8
DEN,2025-07-22,93,5
DEN,2025-07-22,94,5
DEN,2025-07-22,95,17
DEN,2025-07-23,1,1
DEN,2025-07-23,2,2
DEN,2025-07-23,3,2
DEN,2025-07-23,5,1
DEN,2025-07-23,16,1
DEN,2025-07-23,17,1
DEN,2025-07-23,20,4
DEN,2025-07-23,21,1
DEN,2025-07-23,22,4
DEN,2025-07-23,23,2
DEN,2025-07-23,24,14
DEN,2025-07-23,25,6
DEN,2025-07-23,26,21
DEN,2025-07-23,27,38
DEN,2025-07-23,28,17
DEN,2025-07-23,29,12
DEN,2025-07-23,30,13
DEN,2025-07-23,31,38
DEN,2025-07-23,32,33
DEN,2025-07-23,33,33
DEN,2025-07-23,34,25
DEN,2025-07-23,35,31
DEN,2025-07-23,36,25
DEN,2025-07-23,37,28
DEN,2025-07-23,38,38
DEN,2025-07-23,39,38
DEN,2025-07-23,40,39
DEN,2025-07-23,41,38
DEN,2025-07-23,42,38
DEN,2025-07-23,43,20
DEN,2025-07-23,44,20
DEN,2025-07-23,45,38
DEN,2025-07-23,46,38
DEN,2025-07-23,47,21
DEN,2025-07-23,48,31
DEN,2025-07-23,49,38
DEN,2025-07-23,50,30
DEN,2025-07-23,51,21
DEN,2025-07-23,52,24
DEN,2025-07-23,53,24
DEN,2025-07-23,54,31
DEN,2025-07-23,55,38
DEN,2025-07-23,56,19
DEN,2025-07-23,57,18
DEN,2025-07-23,58,25
DEN,2025-07-23,59,27
DEN,2025-07-23,60,23
DEN,2025-07-23,61,13
DEN,2025-07-23,62,32
DEN,2025-07-23,63,28
DEN,2025-07-23,64,25
DEN,2025-07-23,65,38
DEN,2025-07-23,66,38
DEN,2025-07-23,67,25
DEN,2025-07-23,68,24
DEN,2025-07-23,69,35
DEN,2025-07-23,70,34
DEN,2025-07-23,71,38
DEN,2025-07-23,72,38
DEN,2025-07-23,73,33
DEN,2025-07-23,74,27
DEN,2025-07-23,75,21
DEN,2025-07-23,76,30
DEN,2025-07-23,77,38
DEN,2025-07-23,78,38
DEN,2025-07-23,79,31
DEN,2025-07-23,80,30
DEN,2025-07-23,81,13
DEN,2025-07-23,82,31
DEN,2025-07-23,83,27
DEN,2025-07-23,84,28
DEN,2025-07-23,85,9
DEN,2025-07-23,86,13
DEN,2025-07-23,87,30
DEN,2025-07-23,88,3
DEN,2025-07-23,89,9
DEN,2025-07-23,90,8
DEN,2025-07-23,91,8
DEN,2025-07-23,92,10
DEN,2025-07-23,93,5
DEN,2025-07-23,94,6
DEN,2025-07-23,95,18
DEN,2025-07-24,1,2
DEN,2025-07-24,2,2
DEN,2025-07-24,3,4
DEN,2025-07-24,5,1
DEN,2025-07-24,16,1
DEN,2025-07-24,17,1
DEN,2025-07-24,20,8
DEN,2025-07-24,21,3
DEN,2025-07-24,22,4
DEN,2025-07-24,23,2
DEN,2025-07-24,24,25
DEN,2025-07-24,25,10
DEN,2025-07-24,26,24
DEN,2025-07-24,27,39
DEN,2025-07-24,28,27
DEN,2025-07-24,29,14
DEN,2025-07-24,30,16
DEN,2025-07-24,31,39
DEN,2025-07-24,32,34
DEN,2025-07-24,33,31
DEN,2025-07-24,34,26
DEN,2025-07-24,35,30
DEN,2025-07-24,36,28
DEN,2025-07-24,37,23
DEN,2025-07-24,38,39
DEN,2025-07-24,39,39
DEN,2025-07-24,40,40
DEN,2025-07-24,41,39
DEN,2025-07-24,42,39
DEN,2025-07-24,43,13
DEN,2025-07-24,44,21
DEN,2025-07-24,45,39
DEN,2025-07-24,46,39
DEN,2025-07-24,47,27
DEN,2025-07-24,48,27
DEN,2025-07-24,49,32
DEN,2025-07-24,50,37
DEN,2025-07-24,51,27
DEN,2025-07-24,52,16
DEN,2025-07-24,53,25
DEN,2025-07-24,54,35
DEN,2025-07-24,55,39
DEN,2025-07-24,56,25
DEN,2025-07-24,57,18
DEN,2025-07-24,58,22
DEN,2025-07-24,59,39
DEN,2025-07-24,60,27
DEN,2025-07-24,61,17
DEN,2025-07-24,62,33
DEN,2025-07-24,63,30
DEN,2025-07-24,64,26
DEN,2025-07-24,65,39
DEN,2025-07-24,66,39
DEN,2025-07-24,67,26
DEN,2025-07-24,68,16
DEN,2025-07-24,69,32
DEN,2025-07-24,70,32
DEN,2025-07-24,71,39
DEN,2025-07-24,72,39
DEN,2025-07-24,73,31
DEN,2025-07-24,74,26
DEN,2025-07-24,75,24
DEN,2025-07-24,76,27
DEN,2025-07-24,77,39
DEN,2025-07-24,78,39
DEN,2025-07-24,79,27
DEN,2025-07-24,80,27
DEN,2025-07-24,81,24
DEN,2025-07-24,82,32
DEN,2025-07-24,83,20
DEN,2025-07-24,84,20
DEN,2025-07-24,85,18
DEN,2025-07-24,86,17
DEN,2025-07-24,87,25
DEN,2025-07-24,88,2
DEN,2025-07-24,89,11
DEN,2025-07-24,90,18
DEN,2025-07-24,91,13
DEN,2025-07-24,92,10
DEN,2025-07-24,93,7
DEN,2025-07-24,94,10
DEN,2025-07-24,95,23
DEN,2025-07-25,1,3
DEN,2025-07-25,2,3
DEN,2025-07-25,3,5
DEN,2025-07-25,5,1
DEN,2025-07-25,16,1
DEN,2025-07-25,17,1
DEN,2025-07-25,20,8
DEN,2025-07-25,21,3
DEN,2025-07-25,22,4
DEN,2025-07-25,23,2
DEN,2025-07-25,24,24
DEN,2025-07-25,25,12
DEN,2025-07-25,26,25
DEN,2025-07-25,27,38
DEN,2025-07-25,28,26
DEN,2025-07-25,29,14
DEN,2025-07-25,30,15
DEN,2025-07-25,31,38
DEN,2025-07-25,32,36
DEN,2025-07-25,33,31
DEN,2025-07-25,34,27
DEN,2025-07-25,35,30
DEN,2025-07-25,36,26
DEN,2025-07-25,37,24
DEN,2025-07-25,38,38
DEN,2025-07-25,39,38
DEN,2025-07-25,40,39
DEN,2025-07-25,41,38
DEN,2025-07-25,42,38
DEN,2025-07-25,43,15
DEN,2025-07-25,44,22
DEN,2025-07-25,45,38
DEN,2025-07-25,46,38
DEN,2025-07-25,47,26
DEN,2025-07-25,48,26
DEN,2025-07-25,49,32
DEN,2025-07-25,50,38
DEN,2025-07-25,51,27
DEN,2025-07-25,52,16
DEN,2025-07-25,53,23
DEN,2025-07-25,54,35
DEN,2025-07-25,55,38
DEN,2025-07-25,56,26
DEN,2025-07-25,57,19
DEN,2025-07-25,58,18
DEN,2025-07-25,59,38
DEN,2025-07-25,60,28
DEN,2025-07-25,61,16
DEN,2025-07-25,62,35
DEN,2025-07-25,63,30
DEN,2025-07-25,64,27
DEN,2025-07-25,65,38
DEN,2025-07-25,66,37
DEN,2025-07-25,67,27
DEN,2025-07-25,68,21
DEN,2025-07-25,69,33
DEN,2025-07-25,70,33
DEN,2025-07-25,71,38
DEN,2025-07-25,72,37
DEN,2025-07-25,73,33
DEN,2025-07-25,74,26
DEN,2025-07-25,75,23
DEN,2025-07-25,76,27
DEN,2025-07-25,77,38
DEN,2025-07-25,78,38
DEN,2025-07-25,79,27
DEN,2025-07-25,80,27
DEN,2025-07-25,81,26
DEN,2025-07-25,82,30
DEN,2025-07-25,83,19
DEN,2025-07-25,84,22
DEN,2025-07-25,85,16
DEN,2025-07-25,86,19
DEN,2025-07-25,87,24
DEN,2025-07-25,88,2
DEN,2025-07-25,89,12
DEN,2025-07-25,90,17
DEN,2025-07-25,91,12
DEN,2025-07-25,92,8
DEN,2025-07-25,93,8
DEN,2025-07-25,94,7
DEN,2025-07-25,95,24
DEN,2025-07-26,1,3
DEN,2025-07-26,2,4
DEN,2025-07-26,3,5
DEN,2025-07-26,5,1
DEN,2025-07-26,16,1
DEN,2025-07-26,17,1
DEN,2025-07-26,20,5
DEN,2025-07-26,21,4
DEN,2025-07-26,22,6
DEN,2025-07-26,23,1
DEN,2025-07-26,24,20
DEN,2025-07-26,25,9
DEN,2025-07-26,26,27
DEN,2025-07-26,27,37
DEN,2025-07-26,28,18
DEN,2025-07-26,29,9
DEN,2025-07-26,30,16
DEN,2025-07-26,31,37
DEN,2025-07-26,32,30
DEN,2025-07-26,33,37
DEN,2025-07-26,34,37
DEN,2025-07-26,35,30
DEN,2025-07-26,36,17
DEN,2025-07-26,37,25
DEN,2025-07-26,38,36
DEN,2025-07-26,39,37
DEN,2025-07-26,40,37
DEN,2025-07-26,41,36
DEN,2025-07-26,42,36
DEN,2025-07-26,43,16
DEN,2025-07-26,44,16
DEN,2025-07-26,45,37
DEN,2025-07-26,46,37
DEN,2025-07-26,47,20
DEN,2025-07-26,48,21
DEN,2025-07-26,49,31
DEN,2025-07-26,50,28
DEN,2025-07-26,51,20
DEN,2025-07-26,52,9
DEN,2025-07-26,53,19
DEN,2025-07-26,54,28
DEN,2025-07-26,55,32
DEN,2025-07-26,56,12
DEN,2025-07-26,57,19
DEN,2025-07-26,58,19
DEN,2025-07-26,59,26
DEN,2025-07-26,60,26
DEN,2025-07-26,61,14
DEN,2025-07-26,62,24
DEN,2025-07-26,63,27
DEN,2025-07-26,64,23
DEN,2025-07-26,65,37
DEN,2025-07-26,66,37
DEN,2025-07-26,67,23
DEN,2025-07-26,68,23
DEN,2025-07-26,69,37
DEN,2025-07-26,70,37
DEN,2025-07-26,71,38
DEN,2025-07-26,72,37
DEN,2025-07-26,73,37
DEN,2025-07-26,74,10
DEN,2025-07-26,75,18
DEN,2025-07-26,76,30
DEN,2025-07-26,77,37
DEN,2025-07-26,78,37
DEN,2025-07-26,79,33
DEN,2025-07-26,80,14
DEN,2025-07-26,81,12
DEN,2025-07-26,82,27
DEN,2025-07-26,83,32
DEN,2025-07-26,84,25
DEN,2025-07-26,85,6
DEN,2025-07-26,86,22
DEN,2025-07-26,87,22
DEN,2025-07-26,88,2
DEN,2025-07-26,89,10
DEN,2025-07-26,90,7
DEN,2025-07-26,91,9
DEN,2025-07-26,92,5
DEN,2025-07-26,93,6
DEN,2025-07-26,94,9
DEN,2025-07-26,95,19
DEN,2025-07-27,0,1
DEN,2025-07-27,1,1
DEN,2025-07-27,2,2
DEN,2025-07-27,3,1
DEN,2025-07-27,5,1
DEN,2025-07-27,16,1
DEN,2025-07-27,17,1
DEN,2025-07-27,20,5
DEN,2025-07-27,21,3
DEN,2025-07-27,22,3
DEN,2025-07-27,23,1
DEN,2025-07-27,24,23
DEN,2025-07-27,25,3
DEN,2025-07-27,26,21
DEN,2025-07-27,27,33
DEN,2025-07-27,28,31
DEN,2025-07-27,29,9
DEN,2025-07-27,30,18
DEN,2025-07-27,31,38
DEN,2025-07-27,32,31
DEN,2025-07-27,33,38
DEN,2025-07-27,34,37
DEN,2025-07-27,35,35
DEN,2025-07-27,36,19
DEN,2025-07-27,37,21
DEN,2025-07-27,38,38
DEN,2025-07-27,39,38
DEN,2025-07-27,40,39
DEN,2025-07-27,41,38
DEN,2025-07-27,42,38
DEN,2025-07-27,43,22
DEN,2025-07-27,44,22
DEN,2025-07-27,45,38
DEN,2025-07-27,46,38
DEN,2025-07-27,47,23
DEN,2025-07-27,48,26
DEN,2025-07-27,49,32
DEN,2025-07-27,50,31
DEN,2025-07-27,51,23
DEN,2025-07-27,52,14
DEN,2025-07-27,53,28
DEN,2025-07-27,54,31
DEN,2025-07-27,55,38
DEN,2025-07-27,56,23
DEN,2025-07-27,57,24
DEN,2025-07-27,58,27
DEN,2025-07-27,59,30
DEN,2025-07-27,60,24
DEN,2025-07-27,61,18
DEN,2025-07-27,62,30
DEN,2025-07-27,63,27
DEN,2025-07-27,64,25
DEN,2025-07-27,65,38
DEN,2025-07-27,66,37
DEN,2025-07-27,67,24
DEN,2025-07-27,68,16
DEN,2025-07-27,69,36
DEN,2025-07-27,70,37
DEN,2025-07-27,71,38
DEN,2025-07-27,72,38
DEN,2025-07-27,73,36
DEN,2025-07-27,74,23
DEN,2025-07-27,75,27
DEN,2025-07-27,76,29
DEN,2025-07-27,77,38
DEN,2025-07-27,78,38
DEN,2025-07-27,79,33
DEN,2025-07-27,80,26
DEN,2025-07-27,81,16
DEN,2025-07-27,82,38
DEN,2025-07-27,83,25
DEN,2025-07-27,84,24
DEN,2025-07-27,85,20
DEN,2025-07-27,86,10
DEN,2025-07-27,87,30
DEN,2025-07-27,88,12
DEN,2025-07-27,89,13
DEN,2025-07-27,90,8
DEN,2025-07-27,91,24
DEN,2025-07-27,92,10
DEN,2025-07-27,93,6
DEN,2025-07-27,94,8
DEN,2025-07-27,95,23
DEN,2025-07-28,0,3
DEN,2025-07-28,1,4
DEN,2025-07-28,2,3
DEN,2025-07-28,3,5
DEN,2025-07-28,4,3
DEN,2025-07-28,16,1
DEN,2025-07-28,17,1
DEN,2025-07-28,20,8
DEN,2025-07-28,21,2
DEN,2025-07-28,22,4
DEN,2025-07-28,23,1
DEN,2025-07-28,24,24
DEN,2025-07-28,25,11
DEN,2025-07-28,26,26
DEN,2025-07-28,27,38
DEN,2025-07-28,28,27
DEN,2025-07-28,29,14
DEN,2025-07-28,30,16
DEN,2025-07-28,31,38
DEN,2025-07-28,32,36
DEN,2025-07-28,33,31
DEN,2025-07-28,34,27
DEN,2025-07-28,35,30
DEN,2025-07-28,36,26
DEN,2025-07-28,37,24
DEN,2025-07-28,38,38
DEN,2025-07-28,39,38
DEN,2025-07-28,40,39
DEN,2025-07-28,41,38
DEN,2025-07-28,42,38
DEN,2025-07-28,43,15
DEN,2025-07-28,44,20
DEN,2025-07-28,45,38
DEN,2025-07-28,46,38
DEN,2025-07-28,47,27
DEN,2025-07-28,48,27
DEN,2025-07-28,49,32
DEN,2025-07-28,50,38
DEN,2025-07-28,51,27
DEN,2025-07-28,52,17
DEN,2025-07-28,53,22
DEN,2025-07-28,54,36
DEN,2025-07-28,55,38
DEN,2025-07-28,56,26
DEN,2025-07-28,57,17
DEN,2025-07-28,58,18
DEN,2025-07-28,59,38
DEN,2025-07-28,60,27
DEN,2025-07-28,61,17
DEN,2025-07-28,62,34
DEN,2025-07-28,63,31
DEN,2025-07-28,64,27
DEN,2025-07-28,65,38
DEN,2025-07-28,66,37
DEN,2025-07-28,67,27
DEN,2025-07-28,68,20
DEN,2025-07-28,69,34
DEN,2025-07-28,70,34
DEN,2025-07-28,71,38
DEN,2025-07-28,72,38
DEN,2025-07-28,73,34
DEN,2025-07-28,74,25
DEN,2025-07-28,75,21
DEN,2025-07-28,76,29
DEN,2025-07-28,77,38
DEN,2025-07-28,78,38
DEN,2025-07-28,79,29
DEN,2025-07-28,80,29
DEN,2025-07-28,81,25
DEN,2025-07-28,82,31
DEN,2025-07-28,83,20
DEN,2025-07-28,84,23
DEN,2025-07-28,85,16
DEN,2025-07-28,86,20
DEN,2025-07-28,87,21
DEN,2025-07-28,88,2
DEN,2025-07-28,89,11
DEN,2025-07-28,90,19
DEN,2025-07-28,91,13
DEN,2025-07-28,92,9
DEN,2025-07-28,93,8
DEN,2025-07-28,94,10
DEN,2025-07-28,95,22
DEN,2025-07-29,1,4
DEN,2025-07-29,2,4
DEN,2025-07-29,3,4
DEN,2025-07-29,5,1
DEN,2025-07-29,16,1
DEN,2025-07-29,17,1
DEN,2025-07-29,20,5
DEN,2025-07-29,21,1
DEN,2025-07-29,22,3
DEN,2025-07-29,23,2
DEN,2025-07-29,24,14
DEN,2025-07-29,25,6
DEN,2025-07-29,26,23
DEN,2025-07-29,27,38
DEN,2025-07-29,28,17
DEN,2025-07-29,29,12
DEN,2025-07-29,30,13
DEN,2025-07-29,31,38
DEN,2025-07-29,32,28
DEN,2025-07-29,33,34
DEN,2025-07-29,34,25
DEN,2025-07-29,35,31
DEN,2025-07-29,36,25
DEN,2025-07-29,37,26
DEN,2025-07-29,38,38
DEN,2025-07-29,39,38
DEN,2025-07-29,40,39
DEN,2025-07-29,41,38
DEN,2025-07-29,42,38
DEN,2025-07-29,43,18
DEN,2025-07-29,44,19
DEN,2025-07-29,45,38
DEN,2025-07-29,46,38
DEN,2025-07-29,47,20
DEN,2025-07-29,48,31
DEN,2025-07-29,49,38
DEN,2025-07-29,50,29
DEN,2025-07-29,51,21
DEN,2025-07-29,52,25
DEN,2025-07-29,53,22
DEN,2025-07-29,54,33
DEN,2025-07-29,55,38
DEN,2025-07-29,56,19
DEN,2025-07-29,57,18
DEN,2025-07-29,58,25
DEN,2025-07-29,59,29
DEN,2025-07-29,60,22
DEN,2025-07-29,61,14
DEN,2025-07-29,62,26
DEN,2025-07-29,63,28
DEN,2025-07-29,64,23
DEN,2025-07-29,65,38
DEN,2025-07-29,66,38
DEN,2025-07-29,67,23
DEN,2025-07-29,68,23
DEN,2025-07-29,69,35
DEN,2025-07-29,70,37
DEN,2025-07-29,71,38
DEN,2025-07-29,72,38
DEN,2025-07-29,73,34
DEN,2025-07-29,74,24
DEN,2025-07-29,75,18
DEN,2025-07-29,76,28
DEN,2025-07-29,77,38
DEN,2025-07-29,78,38
DEN,2025-07-29,79,29
DEN,2025-07-29,80,28
DEN,2025-07-29,81,11
DEN,2025-07-29,82,30
DEN,2025-07-29,83,26
DEN,2025-07-29,84,30
DEN,2025-07-29,85,9
DEN,2025-07-29,86,13
DEN,2025-07-29,87,27
DEN,2025-07-29,88,3
DEN,2025-07-29,89,9
DEN,2025-07-29,90,9
DEN,2025-07-29,91,8
DEN,2025-07-29,92,8
DEN,2025-07-29,93,5
DEN,2025-07-29,94,5
DEN,2025-07-29,95,17
DEN,2025-07-30,1,1
DEN,2025-07-30,2,2
DEN,2025-07-30,3,2
DEN,2025-07-30,5,1
DEN,2025-07-30,16,1
DEN,2025-07-30,17,1
DEN,2025-07-30,20,4
DEN,2025-07-30,21,1
DEN,2025-07-30,22,4
DEN,2025-07-30,23,2
DEN,2025-07-30,24,13
DEN,2025-07-30,25,6
DEN,2025-07-30,26,21
DEN,2025-07-30,27,37
DEN,2025-07-30,28,17
DEN,2025-07-30,29,13
DEN,2025-07-30,30,13
DEN,2025-07-30,31,37
DEN,2025-07-30,32,32
DEN,2025-07-30,33,33
DEN,2025-07-30,34,25
DEN,2025-07-30,35,31
DEN,2025-07-30,36,26
DEN,2025-07-30,37,29
DEN,2025-07-30,38,37
DEN,2025-07-30,39,37
DEN,2025-07-30,40,38
DEN,2025-07-30,41,37
DEN,2025-07-30,42,37
DEN,2025-07-30,43,20
DEN,2025-07-30,44,21
DEN,2025-07-30,45,37
DEN,2025-07-30,46,37
DEN,2025-07-30,47,22
DEN,2025-07-30,48,30
DEN,2025-07-30,49,37
DEN,2025-07-30,50,30
DEN,2025-07-30,51,21
DEN,2025-07-30,52,24
DEN,2025-07-30,53,25
DEN,2025-07-30,54,32
DEN,2025-07-30,55,37
DEN,2025-07-30,56,19
DEN,2025-07-30,57,19
DEN,2025-07-30,58,25
DEN,2025-07-30,59,28
DEN,2025-07-30,60,23
DEN,2025-07-30,61,12
DEN,2025-07-30,62,32
DEN,2025-07-30,63,29
DEN,2025-07-30,64,26
DEN,2025-07-30,65,37
DEN,2025-07-30,66,37
DEN,2025-07-30,67,26
DEN,2025-07-30,68,25
DEN,2025-07-30,69,35
DEN,2025-07-30,70,34
DEN,2025-07-30,71,37
DEN,2025-07-30,72,37
DEN,2025-07-30,73,34
DEN,2025-07-30,74,28
DEN,2025-07-30,75,23
DEN,2025-07-30,76,30
DEN,2025-07-30,77,37
DEN,2025-07-30,78,37
DEN,2025-07-30,79,30
DEN,2025-07-30,80,30
DEN,2025-07-30,81,13
DEN,2025-07-30,82,30
DEN,2025-07-30,83,27
DEN,2025-07-30,84,28
DEN,2025-07-30,85,9
DEN,2025-07-30,86,13
DEN,2025-07-30,87,30
DEN,2025-07-30,88,3
DEN,2025-07-30,89,9
DEN,2025-07-30,90,8
DEN,2025-07-30,91,8
DEN,2025-07-30,92,10
DEN,2025-07-30,93,5
DEN,2025-07-30,94,6
DEN,2025-07-30,95,18
DEN,2025-07-31,1,2
DEN,2025-07-31,2,2
DEN,2025-07-31,3,4
DEN,2025-07-31,5,1
DEN,2025-07-31,16,1
DEN,2025-07-31,17,1
DEN,2025-07-31,20,8
DEN,2025-07-31,21,3
DEN,2025-07-31,22,4
DEN,2025-07-31,23,2
DEN,2025-07-31,24,25
DEN,2025-07-31,25,10
DEN,2025-07-31,26,23
DEN,2025-07-31,27,39
DEN,2025-07-31,28,27
DEN,2025-07-31,29,14
DEN,2025-07-31,30,16
DEN,2025-07-31,31,39
DEN,2025-07-31,32,34
DEN,2025-07-31,33,32
DEN,2025-07-31,34,26
DEN,2025-07-31,35,30
DEN,2025-07-31,36,28
DEN,2025-07-31,37,23
DEN,2025-07-31,38,39
DEN,2025-07-31,39,39
DEN,2025-07-31,40,40
DEN,2025-07-31,41,39
DEN,2025-07-31,42,39
DEN,2025-07-31,43,12
DEN,2025-07-31,44,21
DEN,2025-07-31,45,39
DEN,2025-07-31,46,39
DEN,2025-07-31,47,27
DEN,2025-07-31,48,27
DEN,2025-07-31,49,31
DEN,2025-07-31,50,38
DEN,2025-07-31,51,27
DEN,2025-07-31,52,16
DEN,2025-07-31,53,24
DEN,2025-07-31,54,34
DEN,2025-07-31,55,39
DEN,2025-07-31,56,24
DEN,2025-07-31,57,17
DEN,2025-07-31,58,21
DEN,2025-07-31,59,39
DEN,2025-07-31,60,26
DEN,2025-07-31,61,15
DEN,2025-07-31,62,32
DEN,2025-07-31,63,29
DEN,2025-07-31,64,25
DEN,2025-07-31,65,39
DEN,2025-07-31,66,38
DEN,2025-07-31,67,25
DEN,2025-07-31,68,19
DEN,2025-07-31,69,34
DEN,2025-07-31,70,34
DEN,2025-07-31,71,39
DEN,2025-07-31,72,39
DEN,2025-07-31,73,33
DEN,2025-07-31,74,25
DEN,2025-07-31,75,24
DEN,2025-07-31,76,27
DEN,2025-07-31,77,39
DEN,2025-07-31,78,39
DEN,2025-07-31,79,27
DEN,2025-07-31,80,27
DEN,2025-07-31,81,26
DEN,2025-07-31,82,30
DEN,2025-07-31,83,20
DEN,2025-07-31,84,19
DEN,2025-07-31,85,18
DEN,2025-07-31,86,15
DEN,2025-07-31,87,25
DEN,2025-07-31,88,2
DEN,2025-07-31,89,12
DEN,2025-07-31,90,18
DEN,2025-07-31,91,11
DEN,2025-07-31,92,8
DEN,2025-07-31,93,7
DEN,2025-07-31,94,10
DEN,2025-07-31,95,21
DFW,2025-07-01,20,6
DFW,2025-07-01,21,2
DFW,2025-07-01,22,1
DFW,2025-07-01,23,7
DFW,2025-07-01,24,19
DFW,2025-07-01,25,12
DFW,2025-07-01,26,21
DFW,2025-07-01,27,22
DFW,2025-07-01,28,31
DFW,2025-07-01,29,31
DFW,2025-07-01,30,23
DFW,2025-07-01,31,26
DFW,2025-07-01,32,31
DFW,2025-07-01,33,31
DFW,2025-07-01,34,32
DFW,2025-07-01,35,32
DFW,2025-07-01,36,31
DFW,2025-07-01,37,31
DFW,2025-07-01,38,23
DFW,2025-07-01,39,20
DFW,2025-07-01,40,31
DFW,2025-07-01,41,31
DFW,2025-07-01,42,21
DFW,2025-07-01,43,21
DFW,2025-07-01,44,24
DFW,2025-07-01,45,31
DFW,2025-07-01,46,31
DFW,2025-07-01,47,21
DFW,2025-07-01,48,21
DFW,2025-07-01,49,31
DFW,2025-07-01,50,31
DFW,2025-07-01,51,21
DFW,2025-07-01,52,21
DFW,2025-07-01,53,25
DFW,2025-07-01,54,31
DFW,2025-07-01,55,22
DFW,2025-07-01,56,22
DFW,2025-07-01,57,26
DFW,2025-07-01,58,25
DFW,2025-07-01,59,23
DFW,2025-07-01,60,22
DFW,2025-07-01,61,21
DFW,2025-07-01,62,24
DFW,2025-07-01,63,31
DFW,2025-07-01,64,21
DFW,2025-07-01,65,21
DFW,2025-07-01,66,29
DFW,2025-07-01,67,27
DFW,2025-07-01,68,20
DFW,2025-07-01,69,20
DFW,2025-07-01,70,31
DFW,2025-07-01,71,31
DFW,2025-07-01,72,31
DFW,2025-07-01,73,18
DFW,2025-07-01,74,30
DFW,2025-07-01,75,31
DFW,2025-07-01,76,30
DFW,2025-07-01,77,31
DFW,2025-07-01,78,31
DFW,2025-07-01,79,31
DFW,2025-07-01,80,31
DFW,2025-07-01,81,12
DFW,2025-07-01,82,15
DFW,2025-07-01,83,28
DFW,2025-07-01,84,29
DFW,2025-07-01,85,16
DFW,2025-07-01,86,5
DFW,2025-07-01,87,16
DFW,2025-07-01,89,2
DFW,2025-07-01,90,1
DFW,2025-07-01,91,1
DFW,2025-07-01,92,2
DFW,2025-07-01,93,2
DFW,2025-07-01,95,7
DFW,2025-07-02,0,1
DFW,2025-07-02,1,2
DFW,2025-07-02,2,1
DFW,2025-07-02,3,1
DFW,2025-07-02,18,2
DFW,2025-07-02,19,1
DFW,2025-07-02,20,6
DFW,2025-07-02,21,2
DFW,2025-07-02,22,2
DFW,2025-07-02,23,3
DFW,2025-07-02,24,19
DFW,2025-07-02,25,13
DFW,2025-07-02,26,21
DFW,2025-07-02,27,22
DFW,2025-07-02,28,31
DFW,2025-07-02,29,31
DFW,2025-07-02,30,23
DFW,2025-07-02,31,25
DFW,2025-07-02,32,27
DFW,2025-07-02,33,31
DFW,2025-07-02,34,31
DFW,2025-07-02,35,32
DFW,2025-07-02,36,31
DFW,2025-07-02,37,31
DFW,2025-07-02,38,25
DFW,2025-07-02,39,19
DFW,2025-07-02,40,26
DFW,2025-07-02,41,31
DFW,2025-07-02,42,20
DFW,2025-07-02,43,20
DFW,2025-07-02,44,24
DFW,2025-07-02,45,31
DFW,2025-07-02,46,31
DFW,2025-07-02,47,20
DFW,2025-07-02,48,20
DFW,2025-07-02,49,31
DFW,2025-07-02,50,31
DFW,2025-07-02,51,20
DFW,2025-07-02,52,20
DFW,2025-07-02,53,26
DFW,2025-07-02,54,31
DFW,2025-07-02,55,21
DFW,2025-07-02,56,20
DFW,2025-07-02,57,28
DFW,2025-07-02,58,26
DFW,2025-07-02,59,25
DFW,2025-07-02,60,27
DFW,2025-07-02,61,22
DFW,2025-07-02,62,25
DFW,2025-07-02,63,31
DFW,2025-07-02,64,22
DFW,2025-07-02,65,23
DFW,2025-07-02,66,30
DFW,2025-07-02,67,27
DFW,2025-07-02,68,23
DFW,2025-07-02,69,24
DFW,2025-07-02,70,31
DFW,2025-07-02,71,31
DFW,2025-07-02,72,30
DFW,2025-07-02,73,22
DFW,2025-07-02,74,31
DFW,2025-07-02,75,31
DFW,2025-07-02,76,30
DFW,2025-07-02,77,31
DFW,2025-07-02,78,31
DFW,2025-07-02,79,31
DFW,2025-07-02,80,31
DFW,2025-07-02,81,25
DFW,2025-07-02,82,26
DFW,2025-07-02,83,31
DFW,2025-07-02,84,28
DFW,2025-07-02,85,26
DFW,2025-07-02,86,31
DFW,2025-07-02,87,31
DFW,2025-07-02,88,14
DFW,2025-07-02,89,13
DFW,2025-07-02,90,29
DFW,2025-07-02,91,25
DFW,2025-07-02,92,2
DFW,2025-07-02,93,5
DFW,2025-07-02,94,1
DFW,2025-07-02,95,13
DFW,2025-07-03,0,1
DFW,2025-07-03,1,2
DFW,2025-07-03,2,2
DFW,2025-07-03,3,1
DFW,2025-07-03,18,2
DFW,2025-07-03,19,1
DFW,2025-07-03,20,11
DFW,2025-07-03,21,4
DFW,2025-07-03,22,7
DFW,2025-07-03,23,5
DFW,2025-07-03,24,23
DFW,2025-07-03,25,14
DFW,2025-07-03,26,22
DFW,2025-07-03,27,23
DFW,2025-07-03,28,31
DFW,2025-07-03,29,31
DFW,2025-07-03,30,24
DFW,2025-07-03,31,27
DFW,2025-07-03,32,29
DFW,2025-07-03,33,31
DFW,2025-07-03,34,31
DFW,2025-07-03,35,32
DFW,2025-07-03,36,31
DFW,2025-07-03,37,31
DFW,2025-07-03,38,23
DFW,2025-07-03,39,20
DFW,2025-07-03,40,31
DFW,2025-07-03,41,31
DFW,2025-07-03,42,21
DFW,2025-07-03,43,21
DFW,2025-07-03,44,27
DFW,2025-07-03,45,31
DFW,2025-07-03,46,31
DFW,2025-07-03,47,22
DFW,2025-07-03,48,22
DFW,2025-07-03,49,31
DFW,2025-07-03,50,31
DFW,2025-07-03,51,22
DFW,2025-07-03,52,23
DFW,2025-07-03,53,23
DFW,2025-07-03,54,31
DFW,2025-07-03,55,23
DFW,2025-07-03,56,24
DFW,2025-07-03,57,31
DFW,2025-07-03,58,24
DFW,2025-07-03,59,27
DFW,2025-07-03,60,29
DFW,2025-07-03,61,21
DFW,2025-07-03,62,24
DFW,2025-07-03,63,31
DFW,2025-07-03,64,22
DFW,2025-07-03,65,23
DFW,2025-07-03,66,30
DFW,2025-07-03,67,31
DFW,2025-07-03,68,25
DFW,2025-07-03,69,26
DFW,2025-07-03,70,31
DFW,2025-07-03,71,31
DFW,2025-07-03,72,31
DFW,2025-07-03,73,31
DFW,2025-07-03,74,31
DFW,2025-07-03,75,31
DFW,2025-07-03,76,31
DFW,2025-07-03,77,32
DFW,2025-07-03,78,32
DFW,2025-07-03,79,31
DFW,2025-07-03,80,31
DFW,2025-07-03,81,26
DFW,2025-07-03,82,27
DFW,2025-07-03,83,31
DFW,2025-07-03,84,31
DFW,2025-07-03,85,28
DFW,2025-07-03,86,31
DFW,2025-07-03,87,31
DFW,2025-07-03,88,16
DFW,2025-07-03,89,15
DFW,2025-07-03,90,31
DFW,2025-07-03,91,26
DFW,2025-07-03,92,3
DFW,2025-07-03,93,6
DFW,2025-07-03,94,2
DFW,2025-07-03,95,13
DFW,2025-07-04,0,1
DFW,2025-07-04,1,3
DFW,2025-07-04,2,3
DFW,2025-07-04,3,2
DFW,2025-07-04,5,1
DFW,2025-07-04,18,3
DFW,2025-07-04,19,1
DFW,2025-07-04,20,11
DFW,2025-07-04,21,5
DFW,2025-07-04,22,5
DFW,2025-07-04,23,8
DFW,2025-07-04,24,23
DFW,2025-07-04,25,15
DFW,2025-07-04,26,23
DFW,2025-07-04,27,23
DFW,2025-07-04,28,31
DFW,2025-07-04,29,31
DFW,2025-07-04,30,24
DFW,2025-07-04,31,27
DFW,2025-07-04,32,31
DFW,2025-07-04,33,31
DFW,2025-07-04,34,31
DFW,2025-07-04,35,32
DFW,2025-07-04,36,31
DFW,2025-07-04,37,31
DFW,2025-07-04,38,27
DFW,2025-07-04,39,22
DFW,2025-07-04,40,29
DFW,2025-07-04,41,31
DFW,2025-07-04,42,22
DFW,2025-07-04,43,22
DFW,2025-07-04,44,25
DFW,2025-07-04,45,31
DFW,2025-07-04,46,31
DFW,2025-07-04,47,23
DFW,2025-07-04,48,22
DFW,2025-07-04,49,31
DFW,2025-07-04,50,31
DFW,2025-07-04,51,22
DFW,2025-07-04,52,22
DFW,2025-07-04,53,25
DFW,2025-07-04,54,31
DFW,2025-07-04,55,23
DFW,2025-07-04,56,22
DFW,2025-07-04,57,28
DFW,2025-07-04,58,24
DFW,2025-07-04,59,26
DFW,2025-07-04,60,20
DFW,2025-07-04,61,22
DFW,2025-07-04,62,23
DFW,2025-07-04,63,31
DFW,2025-07-04,64,21
DFW,2025-07-04,65,22
DFW,2025-07-04,66,29
DFW,2025-07-04,67,31
DFW,2025-07-04,68,28
DFW,2025-07-04,69,28
DFW,2025-07-04,70,31
DFW,2025-07-04,71,31
DFW,2025-07-04,72,30
DFW,2025-07-04,73,9
DFW,2025-07-04,74,25
DFW,2025-07-04,75,24
DFW,2025-07-04,76,21
DFW,2025-07-04,77,10
DFW,2025-07-04,78,9
DFW,2025-07-04,79,4
DFW,2025-07-04,80,4
DFW,2025-07-04,81,3
DFW,2025-07-04,82,3
DFW,2025-07-04,83,1
DFW,2025-07-04,84,5
DFW,2025-07-04,85,3
DFW,2025-07-04,86,2
DFW,2025-07-04,87,4
DFW,2025-07-04,89,2
DFW,2025-07-04,90,1
DFW,2025-07-04,91,2
DFW,2025-07-04,93,1
DFW,2025-07-04,95,4
DFW,2025-07-05,1,3
DFW,2025-07-05,2,2
DFW,2025-07-05,5,1
DFW,2025-07-05,20,5
DFW,2025-07-05,21,1
DFW,2025-07-05,22,1
DFW,2025-07-05,23,6
DFW,2025-07-05,24,20
DFW,2025-07-05,25,12
DFW,2025-07-05,26,23
DFW,2025-07-05,27,24
DFW,2025-07-05,28,30
DFW,2025-07-05,29,30
DFW,2025-07-05,30,24
DFW,2025-07-05,31,27
DFW,2025-07-05,32,28
DFW,2025-07-05,33,30
DFW,2025-07-05,34,30
DFW,2025-07-05,35,31
DFW,2025-07-05,36,30
DFW,2025-07-05,37,30
DFW,2025-07-05,38,24
DFW,2025-07-05,39,16
DFW,2025-07-05,40,29
DFW,2025-07-05,41,25
DFW,2025-07-05,42,23
DFW,2025-07-05,43,22
DFW,2025-07-05,44,23
DFW,2025-07-05,45,30
DFW,2025-07-05,46,30
DFW,2025-07-05,47,22
DFW,2025-07-05,48,20
DFW,2025-07-05,49,30
DFW,2025-07-05,50,30
DFW,2025-07-05,51,19
DFW,2025-07-05,52,21
DFW,2025-07-05,53,30
DFW,2025-07-05,54,30
DFW,2025-07-05,55,25
DFW,2025-07-05,56,12
DFW,2025-07-05,57,26
DFW,2025-07-05,58,24
DFW,2025-07-05,59,26
DFW,2025-07-05,60,26
DFW,2025-07-05,61,26
DFW,2025-07-05,62,22
DFW,2025-07-05,63,30
DFW,2025-07-05,64,21
DFW,2025-07-05,65,22
DFW,2025-07-05,66,26
DFW,2025-07-05,67,28
DFW,2025-07-05,68,23
DFW,2025-07-05,69,22
DFW,2025-07-05,70,30
DFW,2025-07-05,71,30
DFW,2025-07-05,72,30
DFW,2025-07-05,73,23
DFW,2025-07-05,74,30
DFW,2025-07-05,75,30
DFW,2025-07-05,76,29
DFW,2025-07-05,77,30
DFW,2025-07-05,78,30
DFW,2025-07-05,79,30
DFW,2025-07-05,80,30
DFW,2025-07-05,81,28
DFW,2025-07-05,82,29
DFW,2025-07-05,83,30
DFW,2025-07-05,84,29
DFW,2025-07-05,85,29
DFW,2025-07-05,86,30
DFW,2025-07-05,87,30
DFW,2025-07-05,88,15
DFW,2025-07-05,89,13
DFW,2025-07-05,90,30
DFW,2025-07-05,91,18
DFW,2025-07-05,92,8
DFW,2025-07-05,93,6
DFW,2025-07-05,94,5
DFW,2025-07-05,95,10
DFW,2025-07-06,1,3
DFW,2025-07-06,2,2
DFW,2025-07-06,3,2
DFW,2025-07-06,5,1
DFW,2025-07-06,18,1
DFW,2025-07-06,19,2
DFW,2025-07-06,20,10
DFW,2025-07-06,21,4
DFW,2025-07-06,22,7
DFW,2025-07-06,23,5
DFW,2025-07-06,24,20
DFW,2025-07-06,25,15
DFW,2025-07-06,26,20
DFW,2025-07-06,27,21
DFW,2025-07-06,28,33
DFW,2025-07-06,29,33
DFW,2025-07-06,30,22
DFW,2025-07-06,31,24
DFW,2025-07-06,32,33
DFW,2025-07-06,33,33
DFW,2025-07-06,34,34
DFW,2025-07-06,35,33
DFW,2025-07-06,36,33
DFW,2025-07-06,37,31
DFW,2025-07-06,38,20
DFW,2025-07-06,39,21
DFW,2025-07-06,40,29
DFW,2025-07-06,41,31
DFW,2025-07-06,42,23
DFW,2025-07-06,43,22
DFW,2025-07-06,44,27
DFW,2025-07-06,45,32
DFW,2025-07-06,46,31
DFW,2025-07-06,47,22
DFW,2025-07-06,48,20
DFW,2025-07-06,49,33
DFW,2025-07-06,50,32
DFW,2025-07-06,51,20
DFW,2025-07-06,52,20
DFW,2025-07-06,53,26
DFW,2025-07-06,54,33
DFW,2025-07-06,55,26
DFW,2025-07-06,56,15
DFW,2025-07-06,57,30
DFW,2025-07-06,58,30
DFW,2025-07-06,59,27
DFW,2025-07-06,60,27
DFW,2025-07-06,61,22
DFW,2025-07-06,62,22
DFW,2025-07-06,63,32
DFW,2025-07-06,64,21
DFW,2025-07-06,65,21
DFW,2025-07-06,66,31
DFW,2025-07-06,67,33
DFW,2025-07-06,68,22
DFW,2025-07-06,69,24
DFW,2025-07-06,70,33
DFW,2025-07-06,71,33
DFW,2025-07-06,72,33
DFW,2025-07-06,73,27
DFW,2025-07-06,74,33
DFW,2025-07-06,75,33
DFW,2025-07-06,76,29
DFW,2025-07-06,77,29
DFW,2025-07-06,78,33
DFW,2025-07-06,79,33
DFW,2025-07-06,80,29
DFW,2025-07-06,81,29
DFW,2025-07-06,82,30
DFW,2025-07-06,83,33
DFW,2025-07-06,84,32
DFW,2025-07-06,85,30
DFW,2025-07-06,86,33
DFW,2025-07-06,87,33
DFW,2025-07-06,88,16
DFW,2025-07-06,89,15
DFW,2025-07-06,90,33
DFW,2025-07-06,91,22
DFW,2025-07-06,92,7
DFW,2025-07-06,93,6
DFW,2025-07-06,94,4
DFW,2025-07-06,95,13
DFW,2025-07-07,1,4
DFW,2025-07-07,2,2
DFW,2025-07-07,3,3
DFW,2025-07-07,5,1
DFW,2025-07-07,18,1
DFW,2025-07-07,19,2
DFW,2025-07-07,20,11
DFW,2025-07-07,21,7
DFW,2025-07-07,22,7
DFW,2025-07-07,23,7
DFW,2025-07-07,24,24
DFW,2025-07-07,25,14
DFW,2025-07-07,26,23
DFW,2025-07-07,27,23
DFW,2025-07-07,28,33
DFW,2025-07-07,29,33
DFW,2025-07-07,30,24
DFW,2025-07-07,31,26
DFW,2025-07-07,32,33
DFW,2025-07-07,33,33
DFW,2025-07-07,34,34
DFW,2025-07-07,35,33
DFW,2025-07-07,36,33
DFW,2025-07-07,37,33
DFW,2025-07-07,38,22
DFW,2025-07-07,39,17
DFW,2025-07-07,40,30
DFW,2025-07-07,41,32
DFW,2025-07-07,42,23
DFW,2025-07-07,43,22
DFW,2025-07-07,44,24
DFW,2025-07-07,45,33
DFW,2025-07-07,46,30
DFW,2025-07-07,47,22
DFW,2025-07-07,48,21
DFW,2025-07-07,49,33
DFW,2025-07-07,50,33
DFW,2025-07-07,51,20
DFW,2025-07-07,52,20
DFW,2025-07-07,53,32
DFW,2025-07-07,54,33
DFW,2025-07-07,55,23
DFW,2025-07-07,56,19
DFW,2025-07-07,57,33
DFW,2025-07-07,58,28
DFW,2025-07-07,59,24
DFW,2025-07-07,60,25
DFW,2025-07-07,61,26
DFW,2025-07-07,62,21
DFW,2025-07-07,63,33
DFW,2025-07-07,64,20
DFW,2025-07-07,65,22
DFW,2025-07-07,66,27
DFW,2025-07-07,67,32
DFW,2025-07-07,68,21
DFW,2025-07-07,69,20
DFW,2025-07-07,70,33
DFW,2025-07-07,71,33
DFW,2025-07-07,72,33
DFW,2025-07-07,73,22
DFW,2025-07-07,74,32
DFW,2025-07-07,75,33
DFW,2025-07-07,76,30
DFW,2025-07-07,77,31
DFW,2025-07-07,78,33
DFW,2025-07-07,79,33
DFW,2025-07-07,80,31
DFW,2025-07-07,81,25
DFW,2025-07-07,82,26
DFW,2025-07-07,83,33
DFW,2025-07-07,84,33
DFW,2025-07-07,85,29
DFW,2025-07-07,86,33
DFW,2025-07-07,87,33
DFW,2025-07-07,88,12
DFW,2025-07-07,89,8
DFW,2025-07-07,90,33
DFW,2025-07-07,91,22
DFW,2025-07-07,92,4
DFW,2025-07-07,93,4
DFW,2025-07-07,94,4
DFW,2025-07-07,95,12
DFW,2025-07-08,1,4
DFW,2025-07-08,2,2
DFW,2025-07-08,3,2
DFW,2025-07-08,5,1
DFW,2025-07-08,18,1
DFW,2025-07-08,19,2
DFW,2025-07-08,20,11
DFW,2025-07-08,21,4
DFW,2025-07-08,22,5
DFW,2025-07-08,23,7
DFW,2025-07-08,24,20
DFW,2025-07-08,25,13
DFW,2025-07-08,26,21
DFW,2025-07-08,27,21
DFW,2025-07-08,28,33
DFW,2025-07-08,29,33
DFW,2025-07-08,30,23
DFW,2025-07-08,31,24
DFW,2025-07-08,32,33
DFW,2025-07-08,33,33
DFW,2025-07-08,34,34
DFW,2025-07-08,35,33
DFW,2025-07-08,36,33
DFW,2025-07-08,37,30
DFW,2025-07-08,38,22
DFW,2025-07-08,39,17
DFW,2025-07-08,40,31
DFW,2025-07-08,41,30
DFW,2025-07-08,42,22
DFW,2025-07-08,43,23
DFW,2025-07-08,44,22
DFW,2025-07-08,45,33
DFW,2025-07-08,46,31
DFW,2025-07-08,47,20
DFW,2025-07-08,48,19
DFW,2025-07-08,49,32
DFW,2025-07-08,50,33
DFW,2025-07-08,51,17
DFW,2025-07-08,52,17
DFW,2025-07-08,53,27
DFW,2025-07-08,54,33
DFW,2025-07-08,55,25
DFW,2025-07-08,56,18
DFW,2025-07-08,57,29
DFW,2025-07-08,58,30
DFW,2025-07-08,59,23
DFW,2025-07-08,60,24
DFW,2025-07-08,61,25
DFW,2025-07-08,62,20
DFW,2025-07-08,63,33
DFW,2025-07-08,64,17
DFW,2025-07-08,65,21
DFW,2025-07-08,66,29
DFW,2025-07-08,67,27
DFW,2025-07-08,68,18
DFW,2025-07-08,69,19
DFW,2025-07-08,70,33
DFW,2025-07-08,71,33
DFW,2025-07-08,72,26
DFW,2025-07-08,73,14
DFW,2025-07-08,74,20
DFW,2025-07-08,75,31
DFW,2025-07-08,76,18
DFW,2025-07-08,77,16
DFW,2025-07-08,78,32
DFW,2025-07-08,79,24
DFW,2025-07-08,80,17
DFW,2025-07-08,81,3
DFW,2025-07-08,82,10
DFW,2025-07-08,83,23
DFW,2025-07-08,84,24
DFW,2025-07-08,85,11
DFW,2025-07-08,86,12
DFW,2025-07-08,87,15
DFW,2025-07-08,88,2
DFW,2025-07-08,89,5
DFW,2025-07-08,90,10
DFW,2025-07-08,91,7
DFW,2025-07-08,92,2
DFW,2025-07-08,93,2
DFW,2025-07-08,94,1
DFW,2025-07-08,95,8
DFW,2025-07-09,1,2
DFW,2025-07-09,3,2
DFW,2025-07-09,18,1
DFW,2025-07-09,19,1
DFW,2025-07-09,20,7
DFW,2025-07-09,21,3
DFW,2025-07-09,22,3
DFW,2025-07-09,23,1
DFW,2025-07-09,24,14
DFW,2025-07-09,25,12
DFW,2025-07-09,26,15
DFW,2025-07-09,27,17
DFW,2025-07-09,28,29
DFW,2025-07-09,29,29
DFW,2025-07-09,30,17
DFW,2025-07-09,31,18
DFW,2025-07-09,32,25
DFW,2025-07-09,33,29
DFW,2025-07-09,34,29
DFW,2025-07-09,35,29
DFW,2025-07-09,36,29
DFW,2025-07-09,37,20
DFW,2025-07-09,38,16
DFW,2025-07-09,39,15
DFW,2025-07-09,40,27
DFW,2025-07-09,41,27
DFW,2025-07-09,42,19
DFW,2025-07-09,43,20
DFW,2025-07-09,44,21
DFW,2025-07-09,45,29
DFW,2025-07-09,46,29
DFW,2025-07-09,47,21
DFW,2025-07-09,48,21
DFW,2025-07-09,49,28
DFW,2025-07-09,50,29
DFW,2025-07-09,51,18
DFW,2025-07-09,52,18
DFW,2025-07-09,53,28
DFW,2025-07-09,54,29
DFW,2025-07-09,55,23
DFW,2025-07-09,56,18
DFW,2025-07-09,57,28
DFW,2025-07-09,58,27
DFW,2025-07-09,59,26
DFW,2025-07-09,60,23
DFW,2025-07-09,61,23
DFW,2025-07-09,62,21
DFW,2025-07-09,63,29
DFW,2025-07-09,64,21
DFW,2025-07-09,65,21
DFW,2025-07-09,66,28
DFW,2025-07-09,67,27
DFW,2025-07-09,68,22
DFW,2025-07-09,69,23
DFW,2025-07-09,70,29
DFW,2025-07-09,71,29
DFW,2025-07-09,72,29
DFW,2025-07-09,73,26
DFW,2025-07-09,74,28
DFW,2025-07-09,75,29
DFW,2025-07-09,76,29
DFW,2025-07-09,77,30
DFW,2025-07-09,78,30
DFW,2025-07-09,79,29
DFW,2025-07-09,80,29
DFW,2025-07-09,81,27
DFW,2025-07-09,82,28
DFW,2025-07-09,83,29
DFW,2025-07-09,84,29
DFW,2025-07-09,85,29
DFW,2025-07-09,86,29
DFW,2025-07-09,87,28
DFW,2025-07-09,88,10
DFW,2025-07-09,89,11
DFW,2025-07-09,90,29
DFW,2025-07-09,91,18
DFW,2025-07-09,92,10
DFW,2025-07-09,93,4
DFW,2025-07-09,94,3
DFW,2025-07-09,95,12
DFW,2025-07-10,1,2
DFW,2025-07-10,2,1
DFW,2025-07-10,3,1
DFW,2025-07-10,18,1
DFW,2025-07-10,19,2
DFW,2025-07-10,20,11
DFW,2025-07-10,21,4
DFW,2025-07-10,22,6
DFW,2025-07-10,23,1
DFW,2025-07-10,24,22
DFW,2025-07-10,25,15
DFW,2025-07-10,26,19
DFW,2025-07-10,27,19
DFW,2025-07-10,28,33
DFW,2025-07-10,29,33
DFW,2025-07-10,30,21
DFW,2025-07-10,31,23
DFW,2025-07-10,32,33
DFW,2025-07-10,33,33
DFW,2025-07-10,34,34
DFW,2025-07-10,35,33
DFW,2025-07-10,36,33
DFW,2025-07-10,37,28
DFW,2025-07-10,38,22
DFW,2025-07-10,39,16
DFW,2025-07-10,40,33
DFW,2025-07-10,41,32
DFW,2025-07-10,42,23
DFW,2025-07-10,43,21
DFW,2025-07-10,44,25
DFW,2025-07-10,45,33
DFW,2025-07-10,46,31
DFW,2025-07-10,47,21
DFW,2025-07-10,48,20
DFW,2025-07-10,49,33
DFW,2025-07-10,50,33
DFW,2025-07-10,51,20
DFW,2025-07-10,52,20
DFW,2025-07-10,53,30
DFW,2025-07-10,54,33
DFW,2025-07-10,55,26
DFW,2025-07-10,56,16
DFW,2025-07-10,57,31
DFW,2025-07-10,58,30
DFW,2025-07-10,59,26
DFW,2025-07-10,60,26
DFW,2025-07-10,61,24
DFW,2025-07-10,62,21
DFW,2025-07-10,63,33
DFW,2025-07-10,64,21
DFW,2025-07-10,65,22
DFW,2025-07-10,66,27
DFW,2025-07-10,67,32
DFW,2025-07-10,68,24
DFW,2025-07-10,69,25
DFW,2025-07-10,70,33
DFW,2025-07-10,71,33
DFW,2025-07-10,72,30
DFW,2025-07-10,73,26
DFW,2025-07-10,74,31
DFW,2025-07-10,75,33
DFW,2025-07-10,76,32
DFW,2025-07-10,77,32
DFW,2025-07-10,78,33
DFW,2025-07-10,79,33
DFW,2025-07-10,80,31
DFW,2025-07-10,81,24
DFW,2025-07-10,82,26
DFW,2025-07-10,83,33
DFW,2025-07-10,84,33
DFW,2025-07-10,85,31
DFW,2025-07-10,86,33
DFW,2025-07-10,87,33
DFW,2025-07-10,88,10
DFW,2025-07-10,89,9
DFW,2025-07-10,90,33
DFW,2025-07-10,91,23
DFW,2025-07-10,92,4
DFW,2025-07-10,93,4
DFW,2025-07-10,94,2
DFW,2025-07-10,95,12
DFW,2025-07-11,1,3
DFW,2025-07-11,3,3
DFW,2025-07-11,5,1
DFW,2025-07-11,18,1
DFW,2025-07-11,19,2
DFW,2025-07-11,20,13
DFW,2025-07-11,21,6
DFW,2025-07-11,22,5
DFW,2025-07-11,23,5
DFW,2025-07-11,24,23
DFW,2025-07-11,25,16
DFW,2025-07-11,26,21
DFW,2025-07-11,27,22
DFW,2025-07-11,28,32
DFW,2025-07-11,29,32
DFW,2025-07-11,30,23
DFW,2025-07-11,31,25
DFW,2025-07-11,32,32
DFW,2025-07-11,33,32
DFW,2025-07-11,34,33
DFW,2025-07-11,35,32
DFW,2025-07-11,36,32
DFW,2025-07-11,37,31
DFW,2025-07-11,38,23
DFW,2025-07-11,39,16
DFW,2025-07-11,40,32
DFW,2025-07-11,41,31
DFW,2025-07-11,42,24
DFW,2025-07-11,43,24
DFW,2025-07-11,44,25
DFW,2025-07-11,45,32
DFW,2025-07-11,46,30
DFW,2025-07-11,47,25
DFW,2025-07-11,48,20
DFW,2025-07-11,49,32
DFW,2025-07-11,50,32
DFW,2025-07-11,51,20
DFW,2025-07-11,52,19
DFW,2025-07-11,53,31
DFW,2025-07-11,54,32
DFW,2025-07-11,55,25
DFW,2025-07-11,56,16
DFW,2025-07-11,57,32
DFW,2025-07-11,58,31
DFW,2025-07-11,59,26
DFW,2025-07-11,60,24
DFW,2025-07-11,61,27
DFW,2025-07-11,62,21
DFW,2025-07-11,63,32
DFW,2025-07-11,64,21
DFW,2025-07-11,65,22
DFW,2025-07-11,66,27
DFW,2025-07-11,67,31
DFW,2025-07-11,68,25
DFW,2025-07-11,69,26
DFW,2025-07-11,70,32
DFW,2025-07-11,71,32
DFW,2025-07-11,72,31
DFW,2025-07-11,73,27
DFW,2025-07-11,74,30
DFW,2025-07-11,75,32
DFW,2025-07-11,76,32
DFW,2025-07-11,77,32
DFW,2025-07-11,78,32
DFW,2025-07-11,79,32
DFW,2025-07-11,80,32
DFW,2025-07-11,81,26
DFW,2025-07-11,82,28
DFW,2025-07-11,83,32
DFW,2025-07-11,84,32
DFW,2025-07-11,85,29
DFW,2025-07-11,86,32
DFW,2025-07-11,87,32
DFW,2025-07-11,88,11
DFW,2025-07-11,89,11
DFW,2025-07-11,90,32
DFW,2025-07-11,91,22
DFW,2025-07-11,92,5
DFW,2025-07-11,93,4
DFW,2025-07-11,94,1
DFW,2025-07-11,95,13
DFW,2025-07-12,1,3
DFW,2025-07-12,3,3
DFW,2025-07-12,18,1
DFW,2025-07-12,19,2
DFW,2025-07-12,20,13
DFW,2025-07-12,21,5
DFW,2025-07-12,22,5
DFW,2025-07-12,23,5
DFW,2025-07-12,24,16
DFW,2025-07-12,25,14
DFW,2025-07-12,26,24
DFW,2025-07-12,27,25
DFW,2025-07-12,28,30
DFW,2025-07-12,29,30
DFW,2025-07-12,30,26
DFW,2025-07-12,31,28
DFW,2025-07-12,32,30
DFW,2025-07-12,33,30
DFW,2025-07-12,34,31
DFW,2025-07-12,35,31
DFW,2025-07-12,36,30
DFW,2025-07-12,37,30
DFW,2025-07-12,38,22
DFW,2025-07-12,39,17
DFW,2025-07-12,40,30
DFW,2025-07-12,41,22
DFW,2025-07-12,42,20
DFW,2025-07-12,43,23
DFW,2025-07-12,44,23
DFW,2025-07-12,45,30
DFW,2025-07-12,46,30
DFW,2025-07-12,47,23
DFW,2025-07-12,48,22
DFW,2025-07-12,49,29
DFW,2025-07-12,50,30
DFW,2025-07-12,51,21
DFW,2025-07-12,52,21
DFW,2025-07-12,53,27
DFW,2025-07-12,54,28
DFW,2025-07-12,55,25
DFW,2025-07-12,56,9
DFW,2025-07-12,57,25
DFW,2025-07-12,58,21
DFW,2025-07-12,59,23
DFW,2025-07-12,60,22
DFW,2025-07-12,61,26
DFW,2025-07-12,62,15
DFW,2025-07-12,63,30
DFW,2025-07-12,64,14
DFW,2025-07-12,65,17
DFW,2025-07-12,66,17
DFW,2025-07-12,67,20
DFW,2025-07-12,68,12
DFW,2025-07-12,69,15
DFW,2025-07-12,70,25
DFW,2025-07-12,71,23
DFW,2025-07-12,72,25
DFW,2025-07-12,73,5
DFW,2025-07-12,74,17
DFW,2025-07-12,75,16
DFW,2025-07-12,76,10
DFW,2025-07-12,77,12
DFW,2025-07-12,78,16
DFW,2025-07-12,79,18
DFW,2025-07-12,80,10
DFW,2025-07-12,81,1
DFW,2025-07-12,82,5
DFW,2025-07-12,83,12
DFW,2025-07-12,84,16
DFW,2025-07-12,85,7
DFW,2025-07-12,86,9
DFW,2025-07-12,87,6
DFW,2025-07-12,88,2
DFW,2025-07-12,89,2
DFW,2025-07-12,90,9
DFW,2025-07-12,91,5
DFW,2025-07-12,92,1
DFW,2025-07-12,93,1
DFW,2025-07-12,94,2
DFW,2025-07-12,95,5
DFW,2025-07-13,0,1
DFW,2025-07-13,1,1
DFW,2025-07-13,3,1
DFW,2025-07-13,18,1
DFW,2025-07-13,19,1
DFW,2025-07-13,20,6
DFW,2025-07-13,21,2
DFW,2025-07-13,22,5
DFW,2025-07-13,23,2
DFW,2025-07-13,24,16
DFW,2025-07-13,25,9
DFW,2025-07-13,26,7
DFW,2025-07-13,27,10
DFW,2025-07-13,28,25
DFW,2025-07-13,29,25
DFW,2025-07-13,30,11
DFW,2025-07-13,31,12
DFW,2025-07-13,32,21
DFW,2025-07-13,33,25
DFW,2025-07-13,34,21
DFW,2025-07-13,35,22
DFW,2025-07-13,36,25
DFW,2025-07-13,37,16
DFW,2025-07-13,38,16
DFW,2025-07-13,39,14
DFW,2025-07-13,40,25
DFW,2025-07-13,41,25
DFW,2025-07-13,42,18
DFW,2025-07-13,43,19
DFW,2025-07-13,44,19
DFW,2025-07-13,45,25
DFW,2025-07-13,46,22
DFW,2025-07-13,47,18
DFW,2025-07-13,48,18
DFW,2025-07-13,49,25
DFW,2025-07-13,50,25
DFW,2025-07-13,51,18
DFW,2025-07-13,52,17
DFW,2025-07-13,53,23
DFW,2025-07-13,54,25
DFW,2025-07-13,55,23
DFW,2025-07-13,56,14
DFW,2025-07-13,57,24
DFW,2025-07-13,58,25
DFW,2025-07-13,59,24
DFW,2025-07-13,60,24
DFW,2025-07-13,61,23
DFW,2025-07-13,62,20
DFW,2025-07-13,63,25
DFW,2025-07-13,64,17
DFW,2025-07-13,65,22
DFW,2025-07-13,66,25
DFW,2025-07-13,67,25
DFW,2025-07-13,68,23
DFW,2025-07-13,69,25
DFW,2025-07-13,70,25
DFW,2025-07-13,71,25
DFW,2025-07-13,72,26
DFW,2025-07-13,73,25
DFW,2025-07-13,74,25
DFW,2025-07-13,75,26
DFW,2025-07-13,76,25
DFW,2025-07-13,77,25
DFW,2025-07-13,78,26
DFW,2025-07-13,79,25
DFW,2025-07-13,80,25
DFW,2025-07-13,81,21
DFW,2025-07-13,82,22
DFW,2025-07-13,83,25
DFW,2025-07-13,84,25
DFW,2025-07-13,85,22
DFW,2025-07-13,86,25
DFW,2025-07-13,87,25
DFW,2025-07-13,88,12
DFW,2025-07-13,89,11
DFW,2025-07-13,90,25
DFW,2025-07-13,91,17
DFW,2025-07-13,92,10
DFW,2025-07-13,93,4
DFW,2025-07-13,94,2
DFW,2025-07-13,95,13
DFW,2025-07-14,1,3
DFW,2025-07-14,2,2
DFW,2025-07-14,3,3
DFW,2025-07-14,18,1
DFW,2025-07-14,19,2
DFW,2025-07-14,20,10
DFW,2025-07-14,21,6
DFW,2025-07-14,22,6
DFW,2025-07-14,23,4
DFW,2025-07-14,24,21
DFW,2025-07-14,25,14
DFW,2025-07-14,26,19
DFW,2025-07-14,27,20
DFW,2025-07-14,28,33
DFW,2025-07-14,29,33
DFW,2025-07-14,30,20
DFW,2025-07-14,31,22
DFW,2025-07-14,32,33
DFW,2025-07-14,33,33
DFW,2025-07-14,34,34
DFW,2025-07-14,35,33
DFW,2025-07-14,36,33
DFW,2025-07-14,37,24
DFW,2025-07-14,38,18
DFW,2025-07-14,39,15
DFW,2025-07-14,40,31
DFW,2025-07-14,41,29
DFW,2025-07-14,42,24
DFW,2025-07-14,43,20
DFW,2025-07-14,44,21
DFW,2025-07-14,45,33
DFW,2025-07-14,46,30
DFW,2025-07-14,47,20
DFW,2025-07-14,48,17
DFW,2025-07-14,49,33
DFW,2025-07-14,50,33
DFW,2025-07-14,51,17
DFW,2025-07-14,52,17
DFW,2025-07-14,53,30
DFW,2025-07-14,54,33
DFW,2025-07-14,55,25
DFW,2025-07-14,56,16
DFW,2025-07-14,57,32
DFW,2025-07-14,58,27
DFW,2025-07-14,59,25
DFW,2025-07-14,60,23
DFW,2025-07-14,61,24
DFW,2025-07-14,62,20
DFW,2025-07-14,63,33
DFW,2025-07-14,64,20
DFW,2025-07-14,65,21
DFW,2025-07-14,66,26
DFW,2025-07-14,67,29
DFW,2025-07-14,68,21
DFW,2025-07-14,69,22
DFW,2025-07-14,70,33
DFW,2025-07-14,71,33
DFW,2025-07-14,72,30
DFW,2025-07-14,73,18
DFW,2025-07-14,74,28
DFW,2025-07-14,75,33
DFW,2025-07-14,76,27
DFW,2025-07-14,77,28
DFW,2025-07-14,78,33
DFW,2025-07-14,79,33
DFW,2025-07-14,80,27
DFW,2025-07-14,81,21
DFW,2025-07-14,82,22
DFW,2025-07-14,83,33
DFW,2025-07-14,84,33
DFW,2025-07-14,85,27
DFW,2025-07-14,86,33
DFW,2025-07-14,87,33
DFW,2025-07-14,88,10
DFW,2025-07-14,89,6
DFW,2025-07-14,90,33
DFW,2025-07-14,91,22
DFW,2025-07-14,92,3
DFW,2025-07-14,93,4
DFW,2025-07-14,94,2
DFW,2025-07-14,95,10
DFW,2025-07-15,1,3
DFW,2025-07-15,2,1
DFW,2025-07-15,3,1
DFW,2025-07-15,5,1
DFW,2025-07-15,18,1
DFW,2025-07-15,19,2
DFW,2025-07-15,20,10
DFW,2025-07-15,21,5
DFW,2025-07-15,22,4
DFW,2025-07-15,23,5
DFW,2025-07-15,24,17
DFW,2025-07-15,25,15
DFW,2025-07-15,26,18
DFW,2025-07-15,27,19
DFW,2025-07-15,28,33
DFW,2025-07-15,29,33
DFW,2025-07-15,30,20
DFW,2025-07-15,31,20
DFW,2025-07-15,32,33
DFW,2025-07-15,33,33
DFW,2025-07-15,34,34
DFW,2025-07-15,35,33
DFW,2025-07-15,36,33
DFW,2025-07-15,37,27
DFW,2025-07-15,38,18
DFW,2025-07-15,39,17
DFW,2025-07-15,40,31
DFW,2025-07-15,41,30
DFW,2025-07-15,42,23
DFW,2025-07-15,43,22
DFW,2025-07-15,44,22
DFW,2025-07-15,45,33
DFW,2025-07-15,46,32
DFW,2025-07-15,47,21
DFW,2025-07-15,48,20
DFW,2025-07-15,49,32
DFW,2025-07-15,50,33
DFW,2025-07-15,51,18
DFW,2025-07-15,52,18
DFW,2025-07-15,53,28
DFW,2025-07-15,54,33
DFW,2025-07-15,55,25
DFW,2025-07-15,56,16
DFW,2025-07-15,57,30
DFW,2025-07-15,58,29
DFW,2025-07-15,59,25
DFW,2025-07-15,60,25
DFW,2025-07-15,61,27
DFW,2025-07-15,62,19
DFW,2025-07-15,63,33
DFW,2025-07-15,64,19
DFW,2025-07-15,65,21
DFW,2025-07-15,66,27
DFW,2025-07-15,67,29
DFW,2025-07-15,68,21
DFW,2025-07-15,69,22
DFW,2025-07-15,70,33
DFW,2025-07-15,71,33
DFW,2025-07-15,72,31
DFW,2025-07-15,73,23
DFW,2025-07-15,74,31
DFW,2025-07-15,75,33
DFW,2025-07-15,76,29
DFW,2025-07-15,77,29
DFW,2025-07-15,78,33
DFW,2025-07-15,79,33
DFW,2025-07-15,80,29
DFW,2025-07-15,81,18
DFW,2025-07-15,82,20
DFW,2025-07-15,83,33
DFW,2025-07-15,84,33
DFW,2025-07-15,85,30
DFW,2025-07-15,86,33
DFW,2025-07-15,87,32
DFW,2025-07-15,88,8
DFW,2025-07-15,89,8
DFW,2025-07-15,90,33
DFW,2025-07-15,91,19
DFW,2025-07-15,92,6
DFW,2025-07-15,93,4
DFW,2025-07-15,94,3
DFW,2025-07-15,95,12
DFW,2025-07-16,1,1
DFW,2025-07-16,2,1
DFW,2025-07-16,3,2
DFW,2025-07-16,18,1
DFW,2025-07-16,19,2
DFW,2025-07-16,20,11
DFW,2025-07-16,21,5
DFW,2025-07-16,22,4
DFW,2025-07-16,23,2
DFW,2025-07-16,24,17
DFW,2025-07-16,25,14
DFW,2025-07-16,26,21
DFW,2025-07-16,27,21
DFW,2025-07-16,28,32
DFW,2025-07-16,29,32
DFW,2025-07-16,30,23
DFW,2025-07-16,31,24
DFW,2025-07-16,32,32
DFW,2025-07-16,33,32
DFW,2025-07-16,34,33
DFW,2025-07-16,35,32
DFW,2025-07-16,36,32
DFW,2025-07-16,37,28
DFW,2025-07-16,38,25
DFW,2025-07-16,39,16
DFW,2025-07-16,40,29
DFW,2025-07-16,41,32
DFW,2025-07-16,42,21
DFW,2025-07-16,43,22
DFW,2025-07-16,44,22
DFW,2025-07-16,45,32
DFW,2025-07-16,46,31
DFW,2025-07-16,47,23
DFW,2025-07-16,48,20
DFW,2025-07-16,49,30
DFW,2025-07-16,50,32
DFW,2025-07-16,51,19
DFW,2025-07-16,52,18
DFW,2025-07-16,53,31
DFW,2025-07-16,54,32
DFW,2025-07-16,55,23
DFW,2025-07-16,56,17
DFW,2025-07-16,57,28
DFW,2025-07-16,58,28
DFW,2025-07-16,59,26
DFW,2025-07-16,60,24
DFW,2025-07-16,61,27
DFW,2025-07-16,62,21
DFW,2025-07-16,63,32
DFW,2025-07-16,64,21
DFW,2025-07-16,65,22
DFW,2025-07-16,66,27
DFW,2025-07-16,67,28
DFW,2025-07-16,68,20
DFW,2025-07-16,69,21
DFW,2025-07-16,70,32
DFW,2025-07-16,71,32
DFW,2025-07-16,72,32
DFW,2025-07-16,73,22
DFW,2025-07-16,74,30
DFW,2025-07-16,75,32
DFW,2025-07-16,76,29
DFW,2025-07-16,77,30
DFW,2025-07-16,78,32
DFW,2025-07-16,79,32
DFW,2025-07-16,80,30
DFW,2025-07-16,81,22
DFW,2025-07-16,82,24
DFW,2025-07-16,83,32
DFW,2025-07-16,84,31
DFW,2025-07-16,85,30
DFW,2025-07-16,86,32
DFW,2025-07-16,87,31
DFW,2025-07-16,88,9
DFW,2025-07-16,89,10
DFW,2025-07-16,90,32
DFW,2025-07-16,91,20
DFW,2025-07-16,92,7
DFW,2025-07-16,93,4
DFW,2025-07-16,94,2
DFW,2025-07-16,95,11
DFW,2025-07-17,1,1
DFW,2025-07-17,2,1
DFW,2025-07-17,3,2
DFW,2025-07-17,18,1
DFW,2025-07-17,19,2
DFW,2025-07-17,20,11
DFW,2025-07-17,21,6
DFW,2025-07-17,22,5
DFW,2025-07-17,23,1
DFW,2025-07-17,24,22
DFW,2025-07-17,25,14
DFW,2025-07-17,26,20
DFW,2025-07-17,27,21
DFW,2025-07-17,28,33
DFW,2025-07-17,29,33
DFW,2025-07-17,30,21
DFW,2025-07-17,31,23
DFW,2025-07-17,32,33
DFW,2025-07-17,33,33
DFW,2025-07-17,34,34
DFW,2025-07-17,35,33
DFW,2025-07-17,36,33
DFW,2025-07-17,37,30
DFW,2025-07-17,38,23
DFW,2025-07-17,39,16
DFW,2025-07-17,40,33
DFW,2025-07-17,41,31
DFW,2025-07-17,42,23
DFW,2025-07-17,43,22
DFW,2025-07-17,44,24
DFW,2025-07-17,45,33
DFW,2025-07-17,46,32
DFW,2025-07-17,47,23
DFW,2025-07-17,48,20
DFW,2025-07-17,49,33
DFW,2025-07-17,50,33
DFW,2025-07-17,51,20
DFW,2025-07-17,52,19
DFW,2025-07-17,53,30
DFW,2025-07-17,54,33
DFW,2025-07-17,55,26
DFW,2025-07-17,56,16
DFW,2025-07-17,57,30
DFW,2025-07-17,58,29
DFW,2025-07-17,59,26
DFW,2025-07-17,60,26
DFW,2025-07-17,61,26
DFW,2025-07-17,62,21
DFW,2025-07-17,63,33
DFW,2025-07-17,64,21
DFW,2025-07-17,65,23
DFW,2025-07-17,66,26
DFW,2025-07-17,67,31
DFW,2025-07-17,68,23
DFW,2025-07-17,69,24
DFW,2025-07-17,70,33
DFW,2025-07-17,71,33
DFW,2025-07-17,72,31
DFW,2025-07-17,73,25
DFW,2025-07-17,74,31
DFW,2025-07-17,75,33
DFW,2025-07-17,76,31
DFW,2025-07-17,77,32
DFW,2025-07-17,78,33
DFW,2025-07-17,79,33
DFW,2025-07-17,80,32
DFW,2025-07-17,81,24
DFW,2025-07-17,82,27
DFW,2025-07-17,83,33
DFW,2025-07-17,84,33
DFW,2025-07-17,85,31
DFW,2025-07-17,86,33
DFW,2025-07-17,87,33
DFW,2025-07-17,88,10
DFW,2025-07-17,89,9
DFW,2025-07-17,90,33
DFW,2025-07-17,91,24
DFW,2025-07-17,92,6
DFW,2025-07-17,93,4
DFW,2025-07-17,94,2
DFW,2025-07-17,95,13
DFW,2025-07-18,1,3
DFW,2025-07-18,2,1
DFW,2025-07-18,3,3
DFW,2025-07-18,5,1
DFW,2025-07-18,18,1
DFW,2025-07-18,19,2
DFW,2025-07-18,20,12
DFW,2025-07-18,21,7
DFW,2025-07-18,22,5
DFW,2025-07-18,23,5
DFW,2025-07-18,24,24
DFW,2025-07-18,25,16
DFW,2025-07-18,26,21
DFW,2025-07-18,27,22
DFW,2025-07-18,28,32
DFW,2025-07-18,29,32
DFW,2025-07-18,30,23
DFW,2025-07-18,31,25
DFW,2025-07-18,32,32
DFW,2025-07-18,33,32
DFW,2025-07-18,34,33
DFW,2025-07-18,35,33
DFW,2025-07-18,36,32
DFW,2025-07-18,37,32
DFW,2025-07-18,38,23
DFW,2025-07-18,39,16
DFW,2025-07-18,40,32
DFW,2025-07-18,41,32
DFW,2025-07-18,42,23
DFW,2025-07-18,43,24
DFW,2025-07-18,44,24
DFW,2025-07-18,45,32
DFW,2025-07-18,46,32
DFW,2025-07-18,47,24
DFW,2025-07-18,48,20
DFW,2025-07-18,49,32
DFW,2025-07-18,50,32
DFW,2025-07-18,51,20
DFW,2025-07-18,52,20
DFW,2025-07-18,53,30
DFW,2025-07-18,54,32
DFW,2025-07-18,55,26
DFW,2025-07-18,56,18
DFW,2025-07-18,57,32
DFW,2025-07-18,58,31
DFW,2025-07-18,59,26
DFW,2025-07-18,60,23
DFW,2025-07-18,61,27
DFW,2025-07-18,62,21
DFW,2025-07-18,63,32
DFW,2025-07-18,64,21
DFW,2025-07-18,65,22
DFW,2025-07-18,66,29
DFW,2025-07-18,67,30
DFW,2025-07-18,68,25
DFW,2025-07-18,69,26
DFW,2025-07-18,70,32
DFW,2025-07-18,71,32
DFW,2025-07-18,72,32
DFW,2025-07-18,73,28
DFW,2025-07-18,74,31
DFW,2025-07-18,75,32
DFW,2025-07-18,76,32
DFW,2025-07-18,77,32
DFW,2025-07-18,78,33
DFW,2025-07-18,79,32
DFW,2025-07-18,80,32
DFW,2025-07-18,81,27
DFW,2025-07-18,82,29
DFW,2025-07-18,83,32
DFW,2025-07-18,84,32
DFW,2025-07-18,85,29
DFW,2025-07-18,86,32
DFW,2025-07-18,87,32
DFW,2025-07-18,88,12
DFW,2025-07-18,89,11
DFW,2025-07-18,90,32
DFW,2025-07-18,91,22
DFW,2025-07-18,92,5
DFW,2025-07-18,93,4
DFW,2025-07-18,94,3
DFW,2025-07-18,95,14
DFW,2025-07-19,1,3
DFW,2025-07-19,2,1
DFW,2025-07-19,3,3
DFW,2025-07-19,5,1
DFW,2025-07-19,18,1
DFW,2025-07-19,19,2
DFW,2025-07-19,20,13
DFW,2025-07-19,21,5
DFW,2025-07-19,22,4
DFW,2025-07-19,23,5
DFW,2025-07-19,24,20
DFW,2025-07-19,25,15
DFW,2025-07-19,26,23
DFW,2025-07-19,27,24
DFW,2025-07-19,28,31
DFW,2025-07-19,29,31
DFW,2025-07-19,30,24
DFW,2025-07-19,31,27
DFW,2025-07-19,32,31
DFW,2025-07-19,33,31
DFW,2025-07-19,34,32
DFW,2025-07-19,35,32
DFW,2025-07-19,36,31
DFW,2025-07-19,37,31
DFW,2025-07-19,38,21
DFW,2025-07-19,39,18
DFW,2025-07-19,40,30
DFW,2025-07-19,41,24
DFW,2025-07-19,42,21
DFW,2025-07-19,43,24
DFW,2025-07-19,44,24
DFW,2025-07-19,45,31
DFW,2025-07-19,46,31
DFW,2025-07-19,47,23
DFW,2025-07-19,48,20
DFW,2025-07-19,49,31
DFW,2025-07-19,50,31
DFW,2025-07-19,51,21
DFW,2025-07-19,52,22
DFW,2025-07-19,53,30
DFW,2025-07-19,54,30
DFW,2025-07-19,55,25
DFW,2025-07-19,56,9
DFW,2025-07-19,57,27
DFW,2025-07-19,58,25
DFW,2025-07-19,59,26
DFW,2025-07-19,60,24
DFW,2025-07-19,61,30
DFW,2025-07-19,62,21
DFW,2025-07-19,63,31
DFW,2025-07-19,64,20
DFW,2025-07-19,65,22
DFW,2025-07-19,66,27
DFW,2025-07-19,67,27
DFW,2025-07-19,68,23
DFW,2025-07-19,69,23
DFW,2025-07-19,70,31
DFW,2025-07-19,71,31
DFW,2025-07-19,72,31
DFW,2025-07-19,73,20
DFW,2025-07-19,74,31
DFW,2025-07-19,75,31
DFW,2025-07-19,76,29
DFW,2025-07-19,77,29
DFW,2025-07-19,78,31
DFW,2025-07-19,79,31
DFW,2025-07-19,80,29
DFW,2025-07-19,81,26
DFW,2025-07-19,82,28
DFW,2025-07-19,83,31
DFW,2025-07-19,84,30
DFW,2025-07-19,85,27
DFW,2025-07-19,86,31
DFW,2025-07-19,87,31
DFW,2025-07-19,88,15
DFW,2025-07-19,89,10
DFW,2025-07-19,90,31
DFW,2025-07-19,91,19
DFW,2025-07-19,92,9
DFW,2025-07-19,93,5
DFW,2025-07-19,94,3
DFW,2025-07-19,95,10
DFW,2025-07-20,0,1
DFW,2025-07-20,1,2
DFW,2025-07-20,2,1
DFW,2025-07-20,3,2
DFW,2025-07-20,5,1
DFW,2025-07-20,18,1
DFW,2025-07-20,19,2
DFW,2025-07-20,20,10
DFW,2025-07-20,21,5
DFW,2025-07-20,22,6
DFW,2025-07-20,23,2
DFW,2025-07-20,24,21
DFW,2025-07-20,25,15
DFW,2025-07-20,26,21
DFW,2025-07-20,27,22
DFW,2025-07-20,28,32
DFW,2025-07-20,29,32
DFW,2025-07-20,30,23
DFW,2025-07-20,31,24
DFW,2025-07-20,32,32
DFW,2025-07-20,33,32
DFW,2025-07-20,34,33
DFW,2025-07-20,35,32
DFW,2025-07-20,36,32
DFW,2025-07-20,37,31
DFW,2025-07-20,38,23
DFW,2025-07-20,39,20
DFW,2025-07-20,40,30
DFW,2025-07-20,41,32
DFW,2025-07-20,42,23
DFW,2025-07-20,43,23
DFW,2025-07-20,44,27
DFW,2025-07-20,45,32
DFW,2025-07-20,46,32
DFW,2025-07-20,47,23
DFW,2025-07-20,48,21
DFW,2025-07-20,49,32
DFW,2025-07-20,50,32
DFW,2025-07-20,51,20
DFW,2025-07-20,52,21
DFW,2025-07-20,53,26
DFW,2025-07-20,54,32
DFW,2025-07-20,55,26
DFW,2025-07-20,56,19
DFW,2025-07-20,57,31
DFW,2025-07-20,58,30
DFW,2025-07-20,59,28
DFW,2025-07-20,60,26
DFW,2025-07-20,61,26
DFW,2025-07-20,62,21
DFW,2025-07-20,63,32
DFW,2025-07-20,64,20
DFW,2025-07-20,65,23
DFW,2025-07-20,66,28
DFW,2025-07-20,67,32
DFW,2025-07-20,68,24
DFW,2025-07-20,69,26
DFW,2025-07-20,70,32
DFW,2025-07-20,71,32
DFW,2025-07-20,72,32
DFW,2025-07-20,73,28
DFW,2025-07-20,74,31
DFW,2025-07-20,75,32
DFW,2025-07-20,76,31
DFW,2025-07-20,77,31
DFW,2025-07-20,78,32
DFW,2025-07-20,79,32
DFW,2025-07-20,80,31
DFW,2025-07-20,81,28
DFW,2025-07-20,82,29
DFW,2025-07-20,83,32
DFW,2025-07-20,84,32
DFW,2025-07-20,85,30
DFW,2025-07-20,86,32
DFW,2025-07-20,87,32
DFW,2025-07-20,88,13
DFW,2025-07-20,89,13
DFW,2025-07-20,90,32
DFW,2025-07-20,91,22
DFW,2025-07-20,92,6
DFW,2025-07-20,93,4
DFW,2025-07-20,94,3
DFW,2025-07-20,95,13
DFW,2025-07-21,1,3
DFW,2025-07-21,2,2
DFW,2025-07-21,3,3
DFW,2025-07-21,5,1
DFW,2025-07-21,19,2
DFW,2025-07-21,20,12
DFW,2025-07-21,21,7
DFW,2025-07-21,22,5
DFW,2025-07-21,23,6
DFW,2025-07-21,24,22
DFW,2025-07-21,25,14
DFW,2025-07-21,26,21
DFW,2025-07-21,27,22
DFW,2025-07-21,28,33
DFW,2025-07-21,29,33
DFW,2025-07-21,30,23
DFW,2025-07-21,31,25
DFW,2025-07-21,32,33
DFW,2025-07-21,33,33
DFW,2025-07-21,34,34
DFW,2025-07-21,35,33
DFW,2025-07-21,36,33
DFW,2025-07-21,37,30
DFW,2025-07-21,38,22
DFW,2025-07-21,39,16
DFW,2025-07-21,40,32
DFW,2025-07-21,41,32
DFW,2025-07-21,42,24
DFW,2025-07-21,43,23
DFW,2025-07-21,44,24
DFW,2025-07-21,45,33
DFW,2025-07-21,46,32
DFW,2025-07-21,47,23
DFW,2025-07-21,48,20
DFW,2025-07-21,49,33
DFW,2025-07-21,50,33
DFW,2025-07-21,51,20
DFW,2025-07-21,52,19
DFW,2025-07-21,53,30
DFW,2025-07-21,54,33
DFW,2025-07-21,55,25
DFW,2025-07-21,56,19
DFW,2025-07-21,57,32
DFW,2025-07-21,58,30
DFW,2025-07-21,59,26
DFW,2025-07-21,60,23
DFW,2025-07-21,61,26
DFW,2025-07-21,62,21
DFW,2025-07-21,63,33
DFW,2025-07-21,64,21
DFW,2025-07-21,65,22
DFW,2025-07-21,66,28
DFW,2025-07-21,67,31
DFW,2025-07-21,68,24
DFW,2025-07-21,69,25
DFW,2025-07-21,70,33
DFW,2025-07-21,71,33
DFW,2025-07-21,72,32
DFW,2025-07-21,73,26
DFW,2025-07-21,74,33
DFW,2025-07-21,75,33
DFW,2025-07-21,76,31
DFW,2025-07-21,77,32
DFW,2025-07-21,78,33
DFW,2025-07-21,79,33
DFW,2025-07-21,80,31
DFW,2025-07-21,81,25
DFW,2025-07-21,82,27
DFW,2025-07-21,83,33
DFW,2025-07-21,84,33
DFW,2025-07-21,85,29
DFW,2025-07-21,86,33
DFW,2025-07-21,87,33
DFW,2025-07-21,88,12
DFW,2025-07-21,89,11
DFW,2025-07-21,90,33
DFW,2025-07-21,91,23
DFW,2025-07-21,92,4
DFW,2025-07-21,93,4
DFW,2025-07-21,94,3
DFW,2025-07-21,95,13
DFW,2025-07-22,1,3
DFW,2025-07-22,2,1
DFW,2025-07-22,3,3
DFW,2025-07-22,5,1
DFW,2025-07-22,18,1
DFW,2025-07-22,19,2
DFW,2025-07-22,20,12
DFW,2025-07-22,21,5
DFW,2025-07-22,22,4
DFW,2025-07-22,23,5
DFW,2025-07-22,24,18
DFW,2025-07-22,25,15
DFW,2025-07-22,26,20
DFW,2025-07-22,27,20
DFW,2025-07-22,28,34
DFW,2025-07-22,29,34
DFW,2025-07-22,30,21
DFW,2025-07-22,31,23
DFW,2025-07-22,32,34
DFW,2025-07-22,33,34
DFW,2025-07-22,34,35
DFW,2025-07-22,35,34
DFW,2025-07-22,36,34
DFW,2025-07-22,37,29
DFW,2025-07-22,38,21
DFW,2025-07-22,39,17
DFW,2025-07-22,40,33
DFW,2025-07-22,41,30
DFW,2025-07-22,42,24
DFW,2025-07-22,43,22
DFW,2025-07-22,44,22
DFW,2025-07-22,45,34
DFW,2025-07-22,46,33
DFW,2025-07-22,47,22
DFW,2025-07-22,48,20
DFW,2025-07-22,49,32
DFW,2025-07-22,50,34
DFW,2025-07-22,51,19
DFW,2025-07-22,52,18
DFW,2025-07-22,53,29
DFW,2025-07-22,54,34
DFW,2025-07-22,55,25
DFW,2025-07-22,56,17
DFW,2025-07-22,57,30
DFW,2025-07-22,58,30
DFW,2025-07-22,59,24
DFW,2025-07-22,60,25
DFW,2025-07-22,61,27
DFW,2025-07-22,62,19
DFW,2025-07-22,63,34
DFW,2025-07-22,64,19
DFW,2025-07-22,65,23
DFW,2025-07-22,66,27
DFW,2025-07-22,67,29
DFW,2025-07-22,68,20
DFW,2025-07-22,69,22
DFW,2025-07-22,70,34
DFW,2025-07-22,71,34
DFW,2025-07-22,72,31
DFW,2025-07-22,73,22
DFW,2025-07-22,74,31
DFW,2025-07-22,75,34
DFW,2025-07-22,76,29
DFW,2025-07-22,77,29
DFW,2025-07-22,78,34
DFW,2025-07-22,79,34
DFW,2025-07-22,80,29
DFW,2025-07-22,81,17
DFW,2025-07-22,82,19
DFW,2025-07-22,83,34
DFW,2025-07-22,84,34
DFW,2025-07-22,85,30
DFW,2025-07-22,86,34
DFW,2025-07-22,87,33
DFW,2025-07-22,88,7
DFW,2025-07-22,89,8
DFW,2025-07-22,90,34
DFW,2025-07-22,91,19
DFW,2025-07-22,92,5
DFW,2025-07-22,93,4
DFW,2025-07-22,94,3
DFW,2025-07-22,95,12
DFW,2025-07-23,1,1
DFW,2025-07-23,2,1
DFW,2025-07-23,3,2
DFW,2025-07-23,18,1
DFW,2025-07-23,19,2
DFW,2025-07-23,20,11
DFW,2025-07-23,21,5
DFW,2025-07-23,22,4
DFW,2025-07-23,23,1
DFW,2025-07-23,24,18
DFW,2025-07-23,25,14
DFW,2025-07-23,26,20
DFW,2025-07-23,27,21
DFW,2025-07-23,28,33
DFW,2025-07-23,29,33
DFW,2025-07-23,30,21
DFW,2025-07-23,31,23
DFW,2025-07-23,32,33
DFW,2025-07-23,33,33
DFW,2025-07-23,34,34
DFW,2025-07-23,35,33
DFW,2025-07-23,36,33
DFW,2025-07-23,37,27
DFW,2025-07-23,38,24
DFW,2025-07-23,39,16
DFW,2025-07-23,40,29
DFW,2025-07-23,41,32
DFW,2025-07-23,42,21
DFW,2025-07-23,43,22
DFW,2025-07-23,44,23
DFW,2025-07-23,45,33
DFW,2025-07-23,46,31
DFW,2025-07-23,47,22
DFW,2025-07-23,48,20
DFW,2025-07-23,49,32
DFW,2025-07-23,50,33
DFW,2025-07-23,51,18
DFW,2025-07-23,52,18
DFW,2025-07-23,53,31
DFW,2025-07-23,54,33
DFW,2025-07-23,55,23
DFW,2025-07-23,56,15
DFW,2025-07-23,57,28
DFW,2025-07-23,58,28
DFW,2025-07-23,59,26
DFW,2025-07-23,60,24
DFW,2025-07-23,61,27
DFW,2025-07-23,62,21
DFW,2025-07-23,63,33
DFW,2025-07-23,64,20
DFW,2025-07-23,65,23
DFW,2025-07-23,66,26
DFW,2025-07-23,67,28
DFW,2025-07-23,68,20
DFW,2025-07-23,69,21
DFW,2025-07-23,70,33
DFW,2025-07-23,71,33
DFW,2025-07-23,72,32
DFW,2025-07-23,73,21
DFW,2025-07-23,74,30
DFW,2025-07-23,75,33
DFW,2025-07-23,76,30
DFW,2025-07-23,77,30
DFW,2025-07-23,78,33
DFW,2025-07-23,79,33
DFW,2025-07-23,80,30
DFW,2025-07-23,81,21
DFW,2025-07-23,82,22
DFW,2025-07-23,83,33
DFW,2025-07-23,84,33
DFW,2025-07-23,85,30
DFW,2025-07-23,86,33
DFW,2025-07-23,87,32
DFW,2025-07-23,88,9
DFW,2025-07-23,89,9
DFW,2025-07-23,90,33
DFW,2025-07-23,91,20
DFW,2025-07-23,92,6
DFW,2025-07-23,93,4
DFW,2025-07-23,94,3
DFW,2025-07-23,95,13
DFW,2025-07-24,1,1
DFW,2025-07-24,2,1
DFW,2025-07-24,3,2
DFW,2025-07-24,18,1
DFW,2025-07-24,19,2
DFW,2025-07-24,20,11
DFW,2025-07-24,21,6
DFW,2025-07-24,22,7
DFW,2025-07-24,23,2
DFW,2025-07-24,24,21
DFW,2025-07-24,25,14
DFW,2025-07-24,26,20
DFW,2025-07-24,27,21
DFW,2025-07-24,28,33
DFW,2025-07-24,29,33
DFW,2025-07-24,30,23
DFW,2025-07-24,31,24
DFW,2025-07-24,32,33
DFW,2025-07-24,33,33
DFW,2025-07-24,34,34
DFW,2025-07-24,35,33
DFW,2025-07-24,36,33
DFW,2025-07-24,37,30
DFW,2025-07-24,38,23
DFW,2025-07-24,39,16
DFW,2025-07-24,40,33
DFW,2025-07-24,41,31
DFW,2025-07-24,42,23
DFW,2025-07-24,43,23
DFW,2025-07-24,44,25
DFW,2025-07-24,45,33
DFW,2025-07-24,46,32
DFW,2025-07-24,47,22
DFW,2025-07-24,48,20
DFW,2025-07-24,49,33
DFW,2025-07-24,50,33
DFW,2025-07-24,51,20
DFW,2025-07-24,52,20
DFW,2025-07-24,53,30
DFW,2025-07-24,54,33
DFW,2025-07-24,55,26
DFW,2025-07-24,56,16
DFW,2025-07-24,57,31
DFW,2025-07-24,58,30
DFW,2025-07-24,59,26
DFW,2025-07-24,60,25
DFW,2025-07-24,61,26
DFW,2025-07-24,62,21
DFW,2025-07-24,63,33
DFW,2025-07-24,64,21
DFW,2025-07-24,65,22
DFW,2025-07-24,66,27
DFW,2025-07-24,67,32
DFW,2025-07-24,68,23
DFW,2025-07-24,69,26
DFW,2025-07-24,70,33
DFW,2025-07-24,71,33
DFW,2025-07-24,72,31
DFW,2025-07-24,73,26
DFW,2025-07-24,74,32
DFW,2025-07-24,75,33
DFW,2025-07-24,76,32
DFW,2025-07-24,77,32
DFW,2025-07-24,78,33
DFW,2025-07-24,79,33
DFW,2025-07-24,80,32
DFW,2025-07-24,81,25
DFW,2025-07-24,82,28
DFW,2025-07-24,83,33
DFW,2025-07-24,84,32
DFW,2025-07-24,85,31
DFW,2025-07-24,86,33
DFW,2025-07-24,87,33
DFW,2025-07-24,88,10
DFW,2025-07-24,89,9
DFW,2025-07-24,90,33
DFW,2025-07-24,91,24
DFW,2025-07-24,92,3
DFW,2025-07-24,93,4
DFW,2025-07-24,94,3
DFW,2025-07-24,95,14
DFW,2025-07-25,1,3
DFW,2025-07-25,2,1
DFW,2025-07-25,3,3
DFW,2025-07-25,5,1
DFW,2025-07-25,18,1
DFW,2025-07-25,19,2
DFW,2025-07-25,20,12
DFW,2025-07-25,21,7
DFW,2025-07-25,22,5
DFW,2025-07-25,23,6
DFW,2025-07-25,24,24
DFW,2025-07-25,25,15
DFW,2025-07-25,26,20
DFW,2025-07-25,27,21
DFW,2025-07-25,28,34
DFW,2025-07-25,29,34
DFW,2025-07-25,30,22
DFW,2025-07-25,31,24
DFW,2025-07-25,32,34
DFW,2025-07-25,33,34
DFW,2025-07-25,34,35
DFW,2025-07-25,35,34
DFW,2025-07-25,36,34
DFW,2025-07-25,37,31
DFW,2025-07-25,38,18
DFW,2025-07-25,39,16
DFW,2025-07-25,40,32
DFW,2025-07-25,41,32
DFW,2025-07-25,42,25
DFW,2025-07-25,43,23
DFW,2025-07-25,44,24
DFW,2025-07-25,45,34
DFW,2025-07-25,46,32
DFW,2025-07-25,47,23
DFW,2025-07-25,48,19
DFW,2025-07-25,49,34
DFW,2025-07-25,50,34
DFW,2025-07-25,51,19
DFW,2025-07-25,52,18
DFW,2025-07-25,53,31
DFW,2025-07-25,54,34
DFW,2025-07-25,55,26
DFW,2025-07-25,56,16
DFW,2025-07-25,57,32
DFW,2025-07-25,58,31
DFW,2025-07-25,59,26
DFW,2025-07-25,60,23
DFW,2025-07-25,61,27
DFW,2025-07-25,62,20
DFW,2025-07-25,63,34
DFW,2025-07-25,64,20
DFW,2025-07-25,65,22
DFW,2025-07-25,66,29
DFW,2025-07-25,67,30
DFW,2025-07-25,68,23
DFW,2025-07-25,69,23
DFW,2025-07-25,70,34
DFW,2025-07-25,71,34
DFW,2025-07-25,72,31
DFW,2025-07-25,73,24
DFW,2025-07-25,74,31
DFW,2025-07-25,75,34
DFW,2025-07-25,76,31
DFW,2025-07-25,77,32
DFW,2025-07-25,78,34
DFW,2025-07-25,79,34
DFW,2025-07-25,80,31
DFW,2025-07-25,81,23
DFW,2025-07-25,82,25
DFW,2025-07-25,83,34
DFW,2025-07-25,84,34
DFW,2025-07-25,85,27
DFW,2025-07-25,86,34
DFW,2025-07-25,87,34
DFW,2025-07-25,88,10
DFW,2025-07-25,89,9
DFW,2025-07-25,90,34
DFW,2025-07-25,91,21
DFW,2025-07-25,92,3
DFW,2025-07-25,93,4
DFW,2025-07-25,94,3
DFW,2025-07-25,95,11
DFW,2025-07-26,1,3
DFW,2025-07-26,2,1
DFW,2025-07-26,3,3
DFW,2025-07-26,18,1
DFW,2025-07-26,19,2
DFW,2025-07-26,20,13
DFW,2025-07-26,21,5
DFW,2025-07-26,22,4
DFW,2025-07-26,23,6
DFW,2025-07-26,24,20
DFW,2025-07-26,25,13
DFW,2025-07-26,26,22
DFW,2025-07-26,27,23
DFW,2025-07-26,28,31
DFW,2025-07-26,29,31
DFW,2025-07-26,30,24
DFW,2025-07-26,31,27
DFW,2025-07-26,32,31
DFW,2025-07-26,33,31
DFW,2025-07-26,34,32
DFW,2025-07-26,35,32
DFW,2025-07-26,36,31
DFW,2025-07-26,37,31
DFW,2025-07-26,38,19
DFW,2025-07-26,39,17
DFW,2025-07-26,40,31
DFW,2025-07-26,41,24
DFW,2025-07-26,42,22
DFW,2025-07-26,43,23
DFW,2025-07-26,44,24
DFW,2025-07-26,45,31
DFW,2025-07-26,46,31
DFW,2025-07-26,47,23
DFW,2025-07-26,48,22
DFW,2025-07-26,49,30
DFW,2025-07-26,50,31
DFW,2025-07-26,51,21
DFW,2025-07-26,52,21
DFW,2025-07-26,53,30
DFW,2025-07-26,54,29
DFW,2025-07-26,55,25
DFW,2025-07-26,56,9
DFW,2025-07-26,57,27
DFW,2025-07-26,58,25
DFW,2025-07-26,59,25
DFW,2025-07-26,60,23
DFW,2025-07-26,61,30
DFW,2025-07-26,62,20
DFW,2025-07-26,63,31
DFW,2025-07-26,64,20
DFW,2025-07-26,65,22
DFW,2025-07-26,66,28
DFW,2025-07-26,67,27
DFW,2025-07-26,68,23
DFW,2025-07-26,69,23
DFW,2025-07-26,70,31
DFW,2025-07-26,71,31
DFW,2025-07-26,72,31
DFW,2025-07-26,73,19
DFW,2025-07-26,74,31
DFW,2025-07-26,75,31
DFW,2025-07-26,76,29
DFW,2025-07-26,77,30
DFW,2025-07-26,78,31
DFW,2025-07-26,79,31
DFW,2025-07-26,80,29
DFW,2025-07-26,81,26
DFW,2025-07-26,82,27
DFW,2025-07-26,83,31
DFW,2025-07-26,84,30
DFW,2025-07-26,85,27
DFW,2025-07-26,86,31
DFW,2025-07-26,87,31
DFW,2025-07-26,88,15
DFW,2025-07-26,89,10
DFW,2025-07-26,90,31
DFW,2025-07-26,91,19
DFW,2025-07-26,92,8
DFW,2025-07-26,93,4
DFW,2025-07-26,94,4
DFW,2025-07-26,95,11
DFW,2025-07-27,0,1
DFW,2025-07-27,1,2
DFW,2025-07-27,2,1
DFW,2025-07-27,3,2
DFW,2025-07-27,18,1
DFW,2025-07-27,19,2
DFW,2025-07-27,20,10
DFW,2025-07-27,21,5
DFW,2025-07-27,22,6
DFW,2025-07-27,23,3
DFW,2025-07-27,24,21
DFW,2025-07-27,25,14
DFW,2025-07-27,26,21
DFW,2025-07-27,27,22
DFW,2025-07-27,28,32
DFW,2025-07-27,29,32
DFW,2025-07-27,30,23
DFW,2025-07-27,31,25
DFW,2025-07-27,32,32
DFW,2025-07-27,33,32
DFW,2025-07-27,34,33
DFW,2025-07-27,35,32
DFW,2025-07-27,36,32
DFW,2025-07-27,37,31
DFW,2025-07-27,38,23
DFW,2025-07-27,39,20
DFW,2025-07-27,40,30
DFW,2025-07-27,41,32
DFW,2025-07-27,42,23
DFW,2025-07-27,43,22
DFW,2025-07-27,44,27
DFW,2025-07-27,45,32
DFW,2025-07-27,46,32
DFW,2025-07-27,47,22
DFW,2025-07-27,48,21
DFW,2025-07-27,49,32
DFW,2025-07-27,50,32
DFW,2025-07-27,51,21
DFW,2025-07-27,52,21
DFW,2025-07-27,53,26
DFW,2025-07-27,54,32
DFW,2025-07-27,55,26
DFW,2025-07-27,56,18
DFW,2025-07-27,57,31
DFW,2025-07-27,58,29
DFW,2025-07-27,59,28
DFW,2025-07-27,60,26
DFW,2025-07-27,61,25
DFW,2025-07-27,62,20
DFW,2025-07-27,63,32
DFW,2025-07-27,64,20
DFW,2025-07-27,65,23
DFW,2025-07-27,66,28
DFW,2025-07-27,67,32
DFW,2025-07-27,68,23
DFW,2025-07-27,69,24
DFW,2025-07-27,70,32
DFW,2025-07-27,71,32
DFW,2025-07-27,72,32
DFW,2025-07-27,73,27
DFW,2025-07-27,74,32
DFW,2025-07-27,75,32
DFW,2025-07-27,76,29
DFW,2025-07-27,77,30
DFW,2025-07-27,78,32
DFW,2025-07-27,79,32
DFW,2025-07-27,80,29
DFW,2025-07-27,81,27
DFW,2025-07-27,82,27
DFW,2025-07-27,83,32
DFW,2025-07-27,84,32
DFW,2025-07-27,85,28
DFW,2025-07-27,86,32
DFW,2025-07-27,87,32
DFW,2025-07-27,88,12
DFW,2025-07-27,89,12
DFW,2025-07-27,90,32
DFW,2025-07-27,91,23
DFW,2025-07-27,92,4
DFW,2025-07-27,93,4
DFW,2025-07-27,94,3
DFW,2025-07-27,95,11
DFW,2025-07-28,1,3
DFW,2025-07-28,2,2
DFW,2025-07-28,3,3
DFW,2025-07-28,5,1
DFW,2025-07-28,18,1
DFW,2025-07-28,19,2
DFW,2025-07-28,20,12
DFW,2025-07-28,21,7
DFW,2025-07-28,22,4
DFW,2025-07-28,23,5
DFW,2025-07-28,24,22
DFW,2025-07-28,25,16
DFW,2025-07-28,26,20
DFW,2025-07-28,27,21
DFW,2025-07-28,28,33
DFW,2025-07-28,29,33
DFW,2025-07-28,30,22
DFW,2025-07-28,31,24
DFW,2025-07-28,32,33
DFW,2025-07-28,33,33
DFW,2025-07-28,34,34
DFW,2025-07-28,35,33
DFW,2025-07-28,36,33
DFW,2025-07-28,37,28
DFW,2025-07-28,38,23
DFW,2025-07-28,39,16
DFW,2025-07-28,40,32
DFW,2025-07-28,41,31
DFW,2025-07-28,42,24
DFW,2025-07-28,43,23
DFW,2025-07-28,44,23
DFW,2025-07-28,45,33
DFW,2025-07-28,46,32
DFW,2025-07-28,47,23
DFW,2025-07-28,48,19
DFW,2025-07-28,49,33
DFW,2025-07-28,50,33
DFW,2025-07-28,51,19
DFW,2025-07-28,52,18
DFW,2025-07-28,53,31
DFW,2025-07-28,54,33
DFW,2025-07-28,55,25
DFW,2025-07-28,56,18
DFW,2025-07-28,57,31
DFW,2025-07-28,58,29
DFW,2025-07-28,59,25
DFW,2025-07-28,60,23
DFW,2025-07-28,61,26
DFW,2025-07-28,62,22
DFW,2025-07-28,63,33
DFW,2025-07-28,64,21
DFW,2025-07-28,65,22
DFW,2025-07-28,66,28
DFW,2025-07-28,67,32
DFW,2025-07-28,68,22
DFW,2025-07-28,69,25
DFW,2025-07-28,70,33
DFW,2025-07-28,71,33
DFW,2025-07-28,72,31
DFW,2025-07-28,73,26
DFW,2025-07-28,74,33
DFW,2025-07-28,75,33
DFW,2025-07-28,76,31
DFW,2025-07-28,77,31
DFW,2025-07-28,78,33
DFW,2025-07-28,79,33
DFW,2025-07-28,80,31
DFW,2025-07-28,81,26
DFW,2025-07-28,82,27
DFW,2025-07-28,83,33
DFW,2025-07-28,84,33
DFW,2025-07-28,85,28
DFW,2025-07-28,86,33
DFW,2025-07-28,87,33
DFW,2025-07-28,88,11
DFW,2025-07-28,89,10
DFW,2025-07-28,90,33
DFW,2025-07-28,91,23
DFW,2025-07-28,92,4
DFW,2025-07-28,93,4
DFW,2025-07-28,94,3
DFW,2025-07-28,95,13
DFW,2025-07-29,1,3
DFW,2025-07-29,2,1
DFW,2025-07-29,3,3
DFW,2025-07-29,5,1
DFW,2025-07-29,18,1
DFW,2025-07-29,19,2
DFW,2025-07-29,20,12
DFW,2025-07-29,21,5
DFW,2025-07-29,22,4
DFW,2025-07-29,23,5
DFW,2025-07-29,24,18
DFW,2025-07-29,25,15
DFW,2025-07-29,26,20
DFW,2025-07-29,27,20
DFW,2025-07-29,28,34
DFW,2025-07-29,29,34
DFW,2025-07-29,30,21
DFW,2025-07-29,31,23
DFW,2025-07-29,32,34
DFW,2025-07-29,33,34
DFW,2025-07-29,34,35
DFW,2025-07-29,35,34
DFW,2025-07-29,36,34
DFW,2025-07-29,37,29
DFW,2025-07-29,38,21
DFW,2025-07-29,39,17
DFW,2025-07-29,40,33
DFW,2025-07-29,41,30
DFW,2025-07-29,42,25
DFW,2025-07-29,43,21
DFW,2025-07-29,44,22
DFW,2025-07-29,45,34
DFW,2025-07-29,46,33
DFW,2025-07-29,47,21
DFW,2025-07-29,48,19
DFW,2025-07-29,49,32
DFW,2025-07-29,50,34
DFW,2025-07-29,51,18
DFW,2025-07-29,52,17
DFW,2025-07-29,53,30
DFW,2025-07-29,54,34
DFW,2025-07-29,55,25
DFW,2025-07-29,56,17
DFW,2025-07-29,57,30
DFW,2025-07-29,58,30
DFW,2025-07-29,59,25
DFW,2025-07-29,60,25
DFW,2025-07-29,61,27
DFW,2025-07-29,62,19
DFW,2025-07-29,63,34
DFW,2025-07-29,64,19
DFW,2025-07-29,65,22
DFW,2025-07-29,66,28
DFW,2025-07-29,67,29
DFW,2025-07-29,68,21
DFW,2025-07-29,69,22
DFW,2025-07-29,70,34
DFW,2025-07-29,71,34
DFW,2025-07-29,72,30
DFW,2025-07-29,73,23
DFW,2025-07-29,74,31
DFW,2025-07-29,75,34
DFW,2025-07-29,76,29
DFW,2025-07-29,77,29
DFW,2025-07-29,78,34
DFW,2025-07-29,79,34
DFW,2025-07-29,80,29
DFW,2025-07-29,81,17
DFW,2025-07-29,82,19
DFW,2025-07-29,83,34
DFW,2025-07-29,84,34
DFW,2025-07-29,85,30
DFW,2025-07-29,86,34
DFW,2025-07-29,87,33
DFW,2025-07-29,88,7
DFW,2025-07-29,89,8
DFW,2025-07-29,90,34
DFW,2025-07-29,91,19
DFW,2025-07-29,92,5
DFW,2025-07-29,93,4
DFW,2025-07-29,94,3
DFW,2025-07-29,95,12
DFW,2025-07-30,1,1
DFW,2025-07-30,2,1
DFW,2025-07-30,3,2
DFW,2025-07-30,18,1
DFW,2025-07-30,19,2
DFW,2025-07-30,20,11
DFW,2025-07-30,21,5
DFW,2025-07-30,22,4
DFW,2025-07-30,23,2
DFW,2025-07-30,24,16
DFW,2025-07-30,25,14
DFW,2025-07-30,26,20
DFW,2025-07-30,27,21
DFW,2025-07-30,28,33
DFW,2025-07-30,29,33
DFW,2025-07-30,30,21
DFW,2025-07-30,31,23
DFW,2025-07-30,32,33
DFW,2025-07-30,33,33
DFW,2025-07-30,34,34
DFW,2025-07-30,35,33
DFW,2025-07-30,36,33
DFW,2025-07-30,37,28
DFW,2025-07-30,38,24
DFW,2025-07-30,39,16
DFW,2025-07-30,40,29
DFW,2025-07-30,41,32
DFW,2025-07-30,42,22
DFW,2025-07-30,43,22
DFW,2025-07-30,44,22
DFW,2025-07-30,45,33
DFW,2025-07-30,46,31
DFW,2025-07-30,47,23
DFW,2025-07-30,48,19
DFW,2025-07-30,49,31
DFW,2025-07-30,50,33
DFW,2025-07-30,51,18
DFW,2025-07-30,52,18
DFW,2025-07-30,53,31
DFW,2025-07-30,54,33
DFW,2025-07-30,55,23
DFW,2025-07-30,56,16
DFW,2025-07-30,57,28
DFW,2025-07-30,58,28
DFW,2025-07-30,59,25
DFW,2025-07-30,60,24
DFW,2025-07-30,61,27
DFW,2025-07-30,62,21
DFW,2025-07-30,63,33
DFW,2025-07-30,64,21
DFW,2025-07-30,65,22
DFW,2025-07-30,66,27
DFW,2025-07-30,67,29
DFW,2025-07-30,68,20
DFW,2025-07-30,69,20
DFW,2025-07-30,70,33
DFW,2025-07-30,71,33
DFW,2025-07-30,72,29
DFW,2025-07-30,73,20
DFW,2025-07-30,74,30
DFW,2025-07-30,75,33
DFW,2025-07-30,76,30
DFW,2025-07-30,77,30
DFW,2025-07-30,78,33
DFW,2025-07-30,79,33
DFW,2025-07-30,80,30
DFW,2025-07-30,81,21
DFW,2025-07-30,82,22
DFW,2025-07-30,83,33
DFW,2025-07-30,84,33
DFW,2025-07-30,85,30
DFW,2025-07-30,86,33
DFW,2025-07-30,87,32
DFW,2025-07-30,88,9
DFW,2025-07-30,89,9
DFW,2025-07-30,90,33
DFW,2025-07-30,91,20
DFW,2025-07-30,92,6
DFW,2025-07-30,93,4
DFW,2025-07-30,94,3
DFW,2025-07-30,95,13
DFW,2025-07-31,1,1
DFW,2025-07-31,2,1
DFW,2025-07-31,3,2
DFW,2025-07-31,18,1
DFW,2025-07-31,19,2
DFW,2025-07-31,20,11
DFW,2025-07-31,21,6
DFW,2025-07-31,22,6
DFW,2025-07-31,23,1
DFW,2025-07-31,24,21
DFW,2025-07-31,25,15
DFW,2025-07-31,26,20
DFW,2025-07-31,27,21
DFW,2025-07-31,28,33
DFW,2025-07-31,29,33
DFW,2025-07-31,30,22
DFW,2025-07-31,31,24
DFW,2025-07-31,32,33
DFW,2025-07-31,33,33
DFW,2025-07-31,34,34
DFW,2025-07-31,35,33
DFW,2025-07-31,36,33
DFW,2025-07-31,37,30
DFW,2025-07-31,38,22
DFW,2025-07-31,39,16
DFW,2025-07-31,40,33
DFW,2025-07-31,41,32
DFW,2025-07-31,42,24
DFW,2025-07-31,43,21
DFW,2025-07-31,44,25
DFW,2025-07-31,45,33
DFW,2025-07-31,46,31
DFW,2025-07-31,47,20
DFW,2025-07-31,48,20
DFW,2025-07-31,49,33
DFW,2025-07-31,50,33
DFW,2025-07-31,51,20
DFW,2025-07-31,52,19
DFW,2025-07-31,53,29
DFW,2025-07-31,54,33
DFW,2025-07-31,55,26
DFW,2025-07-31,56,15
DFW,2025-07-31,57,31
DFW,2025-07-31,58,29
DFW,2025-07-31,59,26
DFW,2025-07-31,60,24
DFW,2025-07-31,61,25
DFW,2025-07-31,62,20
DFW,2025-07-31,63,33
DFW,2025-07-31,64,19
DFW,2025-07-31,65,21
DFW,2025-07-31,66,27
DFW,2025-07-31,67,30
DFW,2025-07-31,68,21
DFW,2025-07-31,69,21
DFW,2025-07-31,70,33
DFW,2025-07-31,71,33
DFW,2025-07-31,72,32
DFW,2025-07-31,73,21
DFW,2025-07-31,74,31
DFW,2025-07-31,75,33
DFW,2025-07-31,76,30
DFW,2025-07-31,77,31
DFW,2025-07-31,78,33
DFW,2025-07-31,79,33
DFW,2025-07-31,80,31
DFW,2025-07-31,81,21
DFW,2025-07-31,82,25
DFW,2025-07-31,83,33
DFW,2025-07-31,84,33
DFW,2025-07-31,85,26
DFW,2025-07-31,86,33
DFW,2025-07-31,87,33
DFW,2025-07-31,88,8
DFW,2025-07-31,89,8
DFW,2025-07-31,90,33
DFW,2025-07-31,91,23
DFW,2025-07-31,92,4
DFW,2025-07-31,93,3
DFW,2025-07-31,94,3
DFW,2025-07-31,95,12
ORD,2025-07-01,3,1
ORD,2025-07-01,20,6
ORD,2025-07-01,21,2
ORD,2025-07-01,22,1
ORD,2025-07-01,23,2
ORD,2025-07-01,24,18
ORD,2025-07-01,25,8
ORD,2025-07-01,26,14
ORD,2025-07-01,27,14
ORD,2025-07-01,28,33
ORD,2025-07-01,29,32
ORD,2025-07-01,30,34
ORD,2025-07-01,31,32
ORD,2025-07-01,32,34
ORD,2025-07-01,33,32
ORD,2025-07-01,34,34
ORD,2025-07-01,35,34
ORD,2025-07-01,36,34
ORD,2025-07-01,37,35
ORD,2025-07-01,38,34
ORD,2025-07-01,39,34
ORD,2025-07-01,40,22
ORD,2025-07-01,41,21
ORD,2025-07-01,42,30
ORD,2025-07-01,43,34
ORD,2025-07-01,44,33
ORD,2025-07-01,45,21
ORD,2025-07-01,46,22
ORD,2025-07-01,47,34
ORD,2025-07-01,48,31
ORD,2025-07-01,49,27
ORD,2025-07-01,50,28
ORD,2025-07-01,51,34
ORD,2025-07-01,52,34
ORD,2025-07-01,53,32
ORD,2025-07-01,54,29
ORD,2025-07-01,55,30
ORD,2025-07-01,56,34
ORD,2025-07-01,57,34
ORD,2025-07-01,58,28
ORD,2025-07-01,59,34
ORD,2025-07-01,60,17
ORD,2025-07-01,61,16
ORD,2025-07-01,62,29
ORD,2025-07-01,63,31
ORD,2025-07-01,64,26
ORD,2025-07-01,65,24
ORD,2025-07-01,66,25
ORD,2025-07-01,67,34
ORD,2025-07-01,68,34
ORD,2025-07-01,69,25
ORD,2025-07-01,70,24
ORD,2025-07-01,71,34
ORD,2025-07-01,72,34
ORD,2025-07-01,73,34
ORD,2025-07-01,74,34
ORD,2025-07-01,75,34
ORD,2025-07-01,76,27
ORD,2025-07-01,77,26
ORD,2025-07-01,78,34
ORD,2025-07-01,79,33
ORD,2025-07-01,80,34
ORD,2025-07-01,81,32
ORD,2025-07-01,82,25
ORD,2025-07-01,83,17
ORD,2025-07-01,84,23
ORD,2025-07-01,85,22
ORD,2025-07-01,86,13
ORD,2025-07-01,87,4
ORD,2025-07-01,88,2
ORD,2025-07-01,89,7
ORD,2025-07-01,90,5
ORD,2025-07-01,91,3
ORD,2025-07-01,92,4
ORD,2025-07-01,93,1
ORD,2025-07-01,94,9
ORD,2025-07-01,95,6
ORD,2025-07-02,0,2
ORD,2025-07-02,1,1
ORD,2025-07-02,2,2
ORD,2025-07-02,3,2
ORD,2025-07-02,18,3
ORD,2025-07-02,19,2
ORD,2025-07-02,20,7
ORD,2025-07-02,21,3
ORD,2025-07-02,22,3
ORD,2025-07-02,23,7
ORD,2025-07-02,24,19
ORD,2025-07-02,25,12
ORD,2025-07-02,26,13
ORD,2025-07-02,27,12
ORD,2025-07-02,28,37
ORD,2025-07-02,29,34
ORD,2025-07-02,30,37
ORD,2025-07-02,31,26
ORD,2025-07-02,32,38
ORD,2025-07-02,33,29
ORD,2025-07-02,34,30
ORD,2025-07-02,35,38
ORD,2025-07-02,36,38
ORD,2025-07-02,37,37
ORD,2025-07-02,38,30
ORD,2025-07-02,39,38
ORD,2025-07-02,40,23
ORD,2025-07-02,41,17
ORD,2025-07-02,42,29
ORD,2025-07-02,43,38
ORD,2025-07-02,44,33
ORD,2025-07-02,45,19
ORD,2025-07-02,46,19
ORD,2025-07-02,47,38
ORD,2025-07-02,48,30
ORD,2025-07-02,49,26
ORD,2025-07-02,50,28
ORD,2025-07-02,51,38
ORD,2025-07-02,52,38
ORD,2025-07-02,53,32
ORD,2025-07-02,54,28
ORD,2025-07-02,55,31
ORD,2025-07-02,56,38
ORD,2025-07-02,57,34
ORD,2025-07-02,58,28
ORD,2025-07-02,59,38
ORD,2025-07-02,60,18
ORD,2025-07-02,61,14
ORD,2025-07-02,62,32
ORD,2025-07-02,63,32
ORD,2025-07-02,64,26
ORD,2025-07-02,65,24
ORD,2025-07-02,66,24
ORD,2025-07-02,67,38
ORD,2025-07-02,68,38
ORD,2025-07-02,69,25
ORD,2025-07-02,70,25
ORD,2025-07-02,71,38
ORD,2025-07-02,72,38
ORD,2025-07-02,73,39
ORD,2025-07-02,74,38
ORD,2025-07-02,75,38
ORD,2025-07-02,76,32
ORD,2025-07-02,77,29
ORD,2025-07-02,78,38
ORD,2025-07-02,79,37
ORD,2025-07-02,80,38
ORD,2025-07-02,81,38
ORD,2025-07-02,82,22
ORD,2025-07-02,83,19
ORD,2025-07-02,84,25
ORD,2025-07-02,85,25
ORD,2025-07-02,86,15
ORD,2025-07-02,87,6
ORD,2025-07-02,88,4
ORD,2025-07-02,89,6
ORD,2025-07-02,90,5
ORD,2025-07-02,91,4
ORD,2025-07-02,92,4
ORD,2025-07-02,93,2
ORD,2025-07-02,94,9
ORD,2025-07-02,95,6
ORD,2025-07-03,0,1
ORD,2025-07-03,1,2
ORD,2025-07-03,2,2
ORD,2025-07-03,3,3
ORD,2025-07-03,18,2
ORD,2025-07-03,19,3
ORD,2025-07-03,20,9
ORD,2025-07-03,21,4
ORD,2025-07-03,22,5
ORD,2025-07-03,23,11
ORD,2025-07-03,24,29
ORD,2025-07-03,25,14
ORD,2025-07-03,26,20
ORD,2025-07-03,27,22
ORD,2025-07-03,28,40
ORD,2025-07-03,29,40
ORD,2025-07-03,30,40
ORD,2025-07-03,31,37
ORD,2025-07-03,32,40
ORD,2025-07-03,33,29
ORD,2025-07-03,34,31
ORD,2025-07-03,35,40
ORD,2025-07-03,36,40
ORD,2025-07-03,37,39
ORD,2025-07-03,38,33
ORD,2025-07-03,39,40
ORD,2025-07-03,40,24
ORD,2025-07-03,41,18
ORD,2025-07-03,42,32
ORD,2025-07-03,43,40
ORD,2025-07-03,44,38
ORD,2025-07-03,45,18
ORD,2025-07-03,46,20
ORD,2025-07-03,47,40
ORD,2025-07-03,48,36
ORD,2025-07-03,49,25
ORD,2025-07-03,50,30
ORD,2025-07-03,51,40
ORD,2025-07-03,52,40
ORD,2025-07-03,53,38
ORD,2025-07-03,54,29
ORD,2025-07-03,55,34
ORD,2025-07-03,56,39
ORD,2025-07-03,57,33
ORD,2025-07-03,58,31
ORD,2025-07-03,59,40
ORD,2025-07-03,60,18
ORD,2025-07-03,61,15
ORD,2025-07-03,62,35
ORD,2025-07-03,63,37
ORD,2025-07-03,64,29
ORD,2025-07-03,65,24
ORD,2025-07-03,66,24
ORD,2025-07-03,67,40
ORD,2025-07-03,68,40
ORD,2025-07-03,69,25
ORD,2025-07-03,70,25
ORD,2025-07-03,71,40
ORD,2025-07-03,72,40
ORD,2025-07-03,73,41
ORD,2025-07-03,74,40
ORD,2025-07-03,75,40
ORD,2025-07-03,76,33
ORD,2025-07-03,77,25
ORD,2025-07-03,78,40
ORD,2025-07-03,79,40
ORD,2025-07-03,80,40
ORD,2025-07-03,81,40
ORD,2025-07-03,82,28
ORD,2025-07-03,83,19
ORD,2025-07-03,84,28
ORD,2025-07-03,85,37
ORD,2025-07-03,86,21
ORD,2025-07-03,87,8
ORD,2025-07-03,88,23
ORD,2025-07-03,89,14
ORD,2025-07-03,90,10
ORD,2025-07-03,91,4
ORD,2025-07-03,92,5
ORD,2025-07-03,93,2
ORD,2025-07-03,94,8
ORD,2025-07-03,95,7
ORD,2025-07-04,0,2
ORD,2025-07-04,1,1
ORD,2025-07-04,2,2
ORD,2025-07-04,3,3
ORD,2025-07-04,18,2
ORD,2025-07-04,19,3
ORD,2025-07-04,20,7
ORD,2025-07-04,21,5
ORD,2025-07-04,22,5
ORD,2025-07-04,23,6
ORD,2025-07-04,24,22
ORD,2025-07-04,25,12
ORD,2025-07-04,26,16
ORD,2025-07-04,27,17
ORD,2025-07-04,28,34
ORD,2025-07-04,29,34
ORD,2025-07-04,30,35
ORD,2025-07-04,31,34
ORD,2025-07-04,32,35
ORD,2025-07-04,33,34
ORD,2025-07-04,34,35
ORD,2025-07-04,35,35
ORD,2025-07-04,36,35
ORD,2025-07-04,37,35
ORD,2025-07-04,38,34
ORD,2025-07-04,39,34
ORD,2025-07-04,40,21
ORD,2025-07-04,41,20
ORD,2025-07-04,42,31
ORD,2025-07-04,43,34
ORD,2025-07-04,44,34
ORD,2025-07-04,45,21
ORD,2025-07-04,46,22
ORD,2025-07-04,47,34
ORD,2025-07-04,48,34
ORD,2025-07-04,49,28
ORD,2025-07-04,50,30
ORD,2025-07-04,51,34
ORD,2025-07-04,52,34
ORD,2025-07-04,53,33
ORD,2025-07-04,54,31
ORD,2025-07-04,55,34
ORD,2025-07-04,56,34
ORD,2025-07-04,57,34
ORD,2025-07-04,58,30
ORD,2025-07-04,59,34
ORD,2025-07-04,60,23
ORD,2025-07-04,61,16
ORD,2025-07-04,62,27
ORD,2025-07-04,63,34
ORD,2025-07-04,64,34
ORD,2025-07-04,65,18
ORD,2025-07-04,66,19
ORD,2025-07-04,67,34
ORD,2025-07-04,68,34
ORD,2025-07-04,69,21
ORD,2025-07-04,70,18
ORD,2025-07-04,71,15
ORD,2025-07-04,72,19
ORD,2025-07-04,73,16
ORD,2025-07-04,74,12
ORD,2025-07-04,75,8
ORD,2025-07-04,76,5
ORD,2025-07-04,77,5
ORD,2025-07-04,78,12
ORD,2025-07-04,79,6
ORD,2025-07-04,80,13
ORD,2025-07-04,81,15
ORD,2025-07-04,82,2
ORD,2025-07-04,83,2
ORD,2025-07-04,84,9
ORD,2025-07-04,85,5
ORD,2025-07-04,86,5
ORD,2025-07-04,87,3
ORD,2025-07-04,88,2
ORD,2025-07-04,89,5
ORD,2025-07-04,90,3
ORD,2025-07-04,91,2
ORD,2025-07-04,92,4
ORD,2025-07-04,93,1
ORD,2025-07-04,94,3
ORD,2025-07-04,95,3
ORD,2025-07-05,3,1
ORD,2025-07-05,18,1
ORD,2025-07-05,19,2
ORD,2025-07-05,20,4
ORD,2025-07-05,21,1
ORD,2025-07-05,22,4
ORD,2025-07-05,23,5
ORD,2025-07-05,24,16
ORD,2025-07-05,25,12
ORD,2025-07-05,26,14
ORD,2025-07-05,27,13
ORD,2025-07-05,28,33
ORD,2025-07-05,29,30
ORD,2025-07-05,30,34
ORD,2025-07-05,31,27
ORD,2025-07-05,32,34
ORD,2025-07-05,33,31
ORD,2025-07-05,34,32
ORD,2025-07-05,35,34
ORD,2025-07-05,36,34
ORD,2025-07-05,37,33
ORD,2025-07-05,38,32
ORD,2025-07-05,39,34
ORD,2025-07-05,40,24
ORD,2025-07-05,41,13
ORD,2025-07-05,42,34
ORD,2025-07-05,43,34
ORD,2025-07-05,44,28
ORD,2025-07-05,45,18
ORD,2025-07-05,46,19
ORD,2025-07-05,47,34
ORD,2025-07-05,48,31
ORD,2025-07-05,49,24
ORD,2025-07-05,50,27
ORD,2025-07-05,51,34
ORD,2025-07-05,52,34
ORD,2025-07-05,53,31
ORD,2025-07-05,54,24
ORD,2025-07-05,55,23
ORD,2025-07-05,56,34
ORD,2025-07-05,57,29
ORD,2025-07-05,58,22
ORD,2025-07-05,59,34
ORD,2025-07-05,60,21
ORD,2025-07-05,61,15
ORD,2025-07-05,62,23
ORD,2025-07-05,63,31
ORD,2025-07-05,64,34
ORD,2025-07-05,65,24
ORD,2025-07-05,66,24
ORD,2025-07-05,67,34
ORD,2025-07-05,68,34
ORD,2025-07-05,69,25
ORD,2025-07-05,70,25
ORD,2025-07-05,71,34
ORD,2025-07-05,72,34
ORD,2025-07-05,73,35
ORD,2025-07-05,74,34
ORD,2025-07-05,75,34
ORD,2025-07-05,76,27
ORD,2025-07-05,77,28
ORD,2025-07-05,78,33
ORD,2025-07-05,79,34
ORD,2025-07-05,80,34
ORD,2025-07-05,81,31
ORD,2025-07-05,82,13
ORD,2025-07-05,83,12
ORD,2025-07-05,84,18
ORD,2025-07-05,85,20
ORD,2025-07-05,86,13
ORD,2025-07-05,87,6
ORD,2025-07-05,88,5
ORD,2025-07-05,89,3
ORD,2025-07-05,90,3
ORD,2025-07-05,91,4
ORD,2025-07-05,92,5
ORD,2025-07-05,93,3
ORD,2025-07-05,94,6
ORD,2025-07-05,95,7
ORD,2025-07-06,0,1
ORD,2025-07-06,1,2
ORD,2025-07-06,2,1
ORD,2025-07-06,3,3
ORD,2025-07-06,18,2
ORD,2025-07-06,19,3
ORD,2025-07-06,20,6
ORD,2025-07-06,21,6
ORD,2025-07-06,22,6
ORD,2025-07-06,23,8
ORD,2025-07-06,24,29
ORD,2025-07-06,25,14
ORD,2025-07-06,26,24
ORD,2025-07-06,27,26
ORD,2025-07-06,28,38
ORD,2025-07-06,29,38
ORD,2025-07-06,30,39
ORD,2025-07-06,31,38
ORD,2025-07-06,32,38
ORD,2025-07-06,33,31
ORD,2025-07-06,34,32
ORD,2025-07-06,35,38
ORD,2025-07-06,36,36
ORD,2025-07-06,37,34
ORD,2025-07-06,38,35
ORD,2025-07-06,39,38
ORD,2025-07-06,40,27
ORD,2025-07-06,41,18
ORD,2025-07-06,42,33
ORD,2025-07-06,43,38
ORD,2025-07-06,44,30
ORD,2025-07-06,45,18
ORD,2025-07-06,46,25
ORD,2025-07-06,47,38
ORD,2025-07-06,48,32
ORD,2025-07-06,49,22
ORD,2025-07-06,50,33
ORD,2025-07-06,51,38
ORD,2025-07-06,52,38
ORD,2025-07-06,53,38
ORD,2025-07-06,54,34
ORD,2025-07-06,55,33
ORD,2025-07-06,56,38
ORD,2025-07-06,57,33
ORD,2025-07-06,58,33
ORD,2025-07-06,59,37
ORD,2025-07-06,60,19
ORD,2025-07-06,61,19
ORD,2025-07-06,62,31
ORD,2025-07-06,63,30
ORD,2025-07-06,64,28
ORD,2025-07-06,65,20
ORD,2025-07-06,66,21
ORD,2025-07-06,67,38
ORD,2025-07-06,68,38
ORD,2025-07-06,69,22
ORD,2025-07-06,70,20
ORD,2025-07-06,71,36
ORD,2025-07-06,72,37
ORD,2025-07-06,73,38
ORD,2025-07-06,74,38
ORD,2025-07-06,75,38
ORD,2025-07-06,76,32
ORD,2025-07-06,77,33
ORD,2025-07-06,78,38
ORD,2025-07-06,79,38
ORD,2025-07-06,80,38
ORD,2025-07-06,81,38
ORD,2025-07-06,82,21
ORD,2025-07-06,83,21
ORD,2025-07-06,84,25
ORD,2025-07-06,85,38
ORD,2025-07-06,86,17
ORD,2025-07-06,87,10
ORD,2025-07-06,88,19
ORD,2025-07-06,89,17
ORD,2025-07-06,90,8
ORD,2025-07-06,91,5
ORD,2025-07-06,92,6
ORD,2025-07-06,93,1
ORD,2025-07-06,94,8
ORD,2025-07-06,95,6
ORD,2025-07-07,0,2
ORD,2025-07-07,1,3
ORD,2025-07-07,2,1
ORD,2025-07-07,3,4
ORD,2025-07-07,18,2
ORD,2025-07-07,19,3
ORD,2025-07-07,20,6
ORD,2025-07-07,21,5
ORD,2025-07-07,22,7
ORD,2025-07-07,23,8
ORD,2025-07-07,24,31
ORD,2025-07-07,25,15
ORD,2025-07-07,26,22
ORD,2025-07-07,27,24
ORD,2025-07-07,28,40
ORD,2025-07-07,29,40
ORD,2025-07-07,30,38
ORD,2025-07-07,31,32
ORD,2025-07-07,32,40
ORD,2025-07-07,33,32
ORD,2025-07-07,34,32
ORD,2025-07-07,35,40
ORD,2025-07-07,36,39
ORD,2025-07-07,37,32
ORD,2025-07-07,38,34
ORD,2025-07-07,39,40
ORD,2025-07-07,40,26
ORD,2025-07-07,41,17
ORD,2025-07-07,42,34
ORD,2025-07-07,43,40
ORD,2025-07-07,44,33
ORD,2025-07-07,45,17
ORD,2025-07-07,46,20
ORD,2025-07-07,47,40
ORD,2025-07-07,48,30
ORD,2025-07-07,49,29
ORD,2025-07-07,50,31
ORD,2025-07-07,51,40
ORD,2025-07-07,52,40
ORD,2025-07-07,53,40
ORD,2025-07-07,54,31
ORD,2025-07-07,55,31
ORD,2025-07-07,56,40
ORD,2025-07-07,57,38
ORD,2025-07-07,58,31
ORD,2025-07-07,59,40
ORD,2025-07-07,60,18
ORD,2025-07-07,61,15
ORD,2025-07-07,62,30
ORD,2025-07-07,63,35
ORD,2025-07-07,64,32
ORD,2025-07-07,65,26
ORD,2025-07-07,66,26
ORD,2025-07-07,67,40
ORD,2025-07-07,68,40
ORD,2025-07-07,69,26
ORD,2025-07-07,70,28
ORD,2025-07-07,71,40
ORD,2025-07-07,72,40
ORD,2025-07-07,73,41
ORD,2025-07-07,74,40
ORD,2025-07-07,75,40
ORD,2025-07-07,76,33
ORD,2025-07-07,77,34
ORD,2025-07-07,78,40
ORD,2025-07-07,79,40
ORD,2025-07-07,80,40
ORD,2025-07-07,81,40
ORD,2025-07-07,82,23
ORD,2025-07-07,83,23
ORD,2025-07-07,84,27
ORD,2025-07-07,85,40
ORD,2025-07-07,86,21
ORD,2025-07-07,87,10
ORD,2025-07-07,88,20
ORD,2025-07-07,89,12
ORD,2025-07-07,90,9
ORD,2025-07-07,91,6
ORD,2025-07-07,92,5
ORD,2025-07-07,93,1
ORD,2025-07-07,94,9
ORD,2025-07-07,95,6
ORD,2025-07-08,0,2
ORD,2025-07-08,1,4
ORD,2025-07-08,2,1
ORD,2025-07-08,3,4
ORD,2025-07-08,18,2
ORD,2025-07-08,19,2
ORD,2025-07-08,20,6
ORD,2025-07-08,21,5
ORD,2025-07-08,22,6
ORD,2025-07-08,23,8
ORD,2025-07-08,24,27
ORD,2025-07-08,25,14
ORD,2025-07-08,26,20
ORD,2025-07-08,27,21
ORD,2025-07-08,28,37
ORD,2025-07-08,29,37
ORD,2025-07-08,30,36
ORD,2025-07-08,31,28
ORD,2025-07-08,32,37
ORD,2025-07-08,33,32
ORD,2025-07-08,34,33
ORD,2025-07-08,35,37
ORD,2025-07-08,36,34
ORD,2025-07-08,37,32
ORD,2025-07-08,38,36
ORD,2025-07-08,39,37
ORD,2025-07-08,40,27
ORD,2025-07-08,41,19
ORD,2025-07-08,42,32
ORD,2025-07-08,43,37
ORD,2025-07-08,44,31
ORD,2025-07-08,45,20
ORD,2025-07-08,46,20
ORD,2025-07-08,47,37
ORD,2025-07-08,48,31
ORD,2025-07-08,49,25
ORD,2025-07-08,50,30
ORD,2025-07-08,51,37
ORD,2025-07-08,52,37
ORD,2025-07-08,53,34
ORD,2025-07-08,54,30
ORD,2025-07-08,55,30
ORD,2025-07-08,56,37
ORD,2025-07-08,57,35
ORD,2025-07-08,58,30
ORD,2025-07-08,59,37
ORD,2025-07-08,60,17
ORD,2025-07-08,61,17
ORD,2025-07-08,62,26
ORD,2025-07-08,63,31
ORD,2025-07-08,64,30
ORD,2025-07-08,65,24
ORD,2025-07-08,66,24
ORD,2025-07-08,67,37
ORD,2025-07-08,68,37
ORD,2025-07-08,69,25
ORD,2025-07-08,70,26
ORD,2025-07-08,71,37
ORD,2025-07-08,72,37
ORD,2025-07-08,73,38
ORD,2025-07-08,74,37
ORD,2025-07-08,75,37
ORD,2025-07-08,76,28
ORD,2025-07-08,77,30
ORD,2025-07-08,78,37
ORD,2025-07-08,79,37
ORD,2025-07-08,80,35
ORD,2025-07-08,81,34
ORD,2025-07-08,82,17
ORD,2025-07-08,83,20
ORD,2025-07-08,84,27
ORD,2025-07-08,85,36
ORD,2025-07-08,86,20
ORD,2025-07-08,87,7
ORD,2025-07-08,88,17
ORD,2025-07-08,89,14
ORD,2025-07-08,90,9
ORD,2025-07-08,91,2
ORD,2025-07-08,92,5
ORD,2025-07-08,93,1
ORD,2025-07-08,94,8
ORD,2025-07-08,95,6
ORD,2025-07-09,0,2
ORD,2025-07-09,1,2
ORD,2025-07-09,2,1
ORD,2025-07-09,3,4
ORD,2025-07-09,18,2
ORD,2025-07-09,19,2
ORD,2025-07-09,20,6
ORD,2025-07-09,21,5
ORD,2025-07-09,22,5
ORD,2025-07-09,23,8
ORD,2025-07-09,24,26
ORD,2025-07-09,25,14
ORD,2025-07-09,26,19
ORD,2025-07-09,27,19
ORD,2025-07-09,28,39
ORD,2025-07-09,29,36
ORD,2025-07-09,30,35
ORD,2025-07-09,31,32
ORD,2025-07-09,32,40
ORD,2025-07-09,33,32
ORD,2025-07-09,34,32
ORD,2025-07-09,35,40
ORD,2025-07-09,36,37
ORD,2025-07-09,37,32
ORD,2025-07-09,38,32
ORD,2025-07-09,39,39
ORD,2025-07-09,40,28
ORD,2025-07-09,41,14
ORD,2025-07-09,42,33
ORD,2025-07-09,43,40
ORD,2025-07-09,44,30
ORD,2025-07-09,45,13
ORD,2025-07-09,46,23
ORD,2025-07-09,47,40
ORD,2025-07-09,48,28
ORD,2025-07-09,49,25
ORD,2025-07-09,50,30
ORD,2025-07-09,51,40
ORD,2025-07-09,52,40
ORD,2025-07-09,53,33
ORD,2025-07-09,54,29
ORD,2025-07-09,55,29
ORD,2025-07-09,56,40
ORD,2025-07-09,57,35
ORD,2025-07-09,58,29
ORD,2025-07-09,59,38
ORD,2025-07-09,60,16
ORD,2025-07-09,61,19
ORD,2025-07-09,62,29
ORD,2025-07-09,63,32
ORD,2025-07-09,64,33
ORD,2025-07-09,65,25
ORD,2025-07-09,66,26
ORD,2025-07-09,67,40
ORD,2025-07-09,68,40
ORD,2025-07-09,69,26
ORD,2025-07-09,70,27
ORD,2025-07-09,71,40
ORD,2025-07-09,72,40
ORD,2025-07-09,73,41
ORD,2025-07-09,74,40
ORD,2025-07-09,75,40
ORD,2025-07-09,76,24
ORD,2025-07-09,77,25
ORD,2025-07-09,78,40
ORD,2025-07-09,79,40
ORD,2025-07-09,80,36
ORD,2025-07-09,81,37
ORD,2025-07-09,82,18
ORD,2025-07-09,83,20
ORD,2025-07-09,84,26
ORD,2025-07-09,85,35
ORD,2025-07-09,86,21
ORD,2025-07-09,87,8
ORD,2025-07-09,88,18
ORD,2025-07-09,89,11
ORD,2025-07-09,90,10
ORD,2025-07-09,91,4
ORD,2025-07-09,92,6
ORD,2025-07-09,94,8
ORD,2025-07-09,95,4
ORD,2025-07-10,0,2
ORD,2025-07-10,1,2
ORD,2025-07-10,2,1
ORD,2025-07-10,3,4
ORD,2025-07-10,10,1
ORD,2025-07-10,18,2
ORD,2025-07-10,19,3
ORD,2025-07-10,20,6
ORD,2025-07-10,21,7
ORD,2025-07-10,22,5
ORD,2025-07-10,23,8
ORD,2025-07-10,24,29
ORD,2025-07-10,25,15
ORD,2025-07-10,26,26
ORD,2025-07-10,27,28
ORD,2025-07-10,28,36
ORD,2025-07-10,29,36
ORD,2025-07-10,30,36
ORD,2025-07-10,31,36
ORD,2025-07-10,32,36
ORD,2025-07-10,33,35
ORD,2025-07-10,34,36
ORD,2025-07-10,35,36
ORD,2025-07-10,36,36
ORD,2025-07-10,37,36
ORD,2025-07-10,38,35
ORD,2025-07-10,39,36
ORD,2025-07-10,40,29
ORD,2025-07-10,41,23
ORD,2025-07-10,42,33
ORD,2025-07-10,43,36
ORD,2025-07-10,44,31
ORD,2025-07-10,45,23
ORD,2025-07-10,46,23
ORD,2025-07-10,47,36
ORD,2025-07-10,48,30
ORD,2025-07-10,49,30
ORD,2025-07-10,50,34
ORD,2025-07-10,51,36
ORD,2025-07-10,52,36
ORD,2025-07-10,53,36
ORD,2025-07-10,54,34
ORD,2025-07-10,55,33
ORD,2025-07-10,56,36
ORD,2025-07-10,57,36
ORD,2025-07-10,58,34
ORD,2025-07-10,59,36
ORD,2025-07-10,60,20
ORD,2025-07-10,61,21
ORD,2025-07-10,62,31
ORD,2025-07-10,63,36
ORD,2025-07-10,64,32
ORD,2025-07-10,65,25
ORD,2025-07-10,66,26
ORD,2025-07-10,67,36
ORD,2025-07-10,68,36
ORD,2025-07-10,69,27
ORD,2025-07-10,70,27
ORD,2025-07-10,71,36
ORD,2025-07-10,72,36
ORD,2025-07-10,73,37
ORD,2025-07-10,74,36
ORD,2025-07-10,75,36
ORD,2025-07-10,76,9
ORD,2025-07-10,77,15
ORD,2025-07-10,78,20
ORD,2025-07-10,79,19
ORD,2025-07-10,80,20
ORD,2025-07-10,81,21
ORD,2025-07-10,82,4
ORD,2025-07-10,83,5
ORD,2025-07-10,84,7
ORD,2025-07-10,85,16
ORD,2025-07-10,86,12
ORD,2025-07-10,88,4
ORD,2025-07-10,89,4
ORD,2025-07-10,90,6
ORD,2025-07-10,91,1
ORD,2025-07-10,92,4
ORD,2025-07-10,94,8
ORD,2025-07-10,95,3
ORD,2025-07-11,0,1
ORD,2025-07-11,1,2
ORD,2025-07-11,2,1
ORD,2025-07-11,3,2
ORD,2025-07-11,18,2
ORD,2025-07-11,19,2
ORD,2025-07-11,20,2
ORD,2025-07-11,21,5
ORD,2025-07-11,22,4
ORD,2025-07-11,23,4
ORD,2025-07-11,24,24
ORD,2025-07-11,25,12
ORD,2025-07-11,26,16
ORD,2025-07-11,27,15
ORD,2025-07-11,28,37
ORD,2025-07-11,29,30
ORD,2025-07-11,30,33
ORD,2025-07-11,31,25
ORD,2025-07-11,32,34
ORD,2025-07-11,33,24
ORD,2025-07-11,34,25
ORD,2025-07-11,35,38
ORD,2025-07-11,36,36
ORD,2025-07-11,37,26
ORD,2025-07-11,38,30
ORD,2025-07-11,39,33
ORD,2025-07-11,40,26
ORD,2025-07-11,41,13
ORD,2025-07-11,42,29
ORD,2025-07-11,43,38
ORD,2025-07-11,44,25
ORD,2025-07-11,45,16
ORD,2025-07-11,46,18
ORD,2025-07-11,47,34
ORD,2025-07-11,48,29
ORD,2025-07-11,49,23
ORD,2025-07-11,50,27
ORD,2025-07-11,51,38
ORD,2025-07-11,52,38
ORD,2025-07-11,53,38
ORD,2025-07-11,54,28
ORD,2025-07-11,55,28
ORD,2025-07-11,56,38
ORD,2025-07-11,57,35
ORD,2025-07-11,58,29
ORD,2025-07-11,59,37
ORD,2025-07-11,60,19
ORD,2025-07-11,61,13
ORD,2025-07-11,62,31
ORD,2025-07-11,63,36
ORD,2025-07-11,64,33
ORD,2025-07-11,65,22
ORD,2025-07-11,66,23
ORD,2025-07-11,67,38
ORD,2025-07-11,68,38
ORD,2025-07-11,69,24
ORD,2025-07-11,70,24
ORD,2025-07-11,71,38
ORD,2025-07-11,72,38
ORD,2025-07-11,73,39
ORD,2025-07-11,74,38
ORD,2025-07-11,75,38
ORD,2025-07-11,76,27
ORD,2025-07-11,77,27
ORD,2025-07-11,78,38
ORD,2025-07-11,79,36
ORD,2025-07-11,80,27
ORD,2025-07-11,81,34
ORD,2025-07-11,82,19
ORD,2025-07-11,83,14
ORD,2025-07-11,84,23
ORD,2025-07-11,85,32
ORD,2025-07-11,86,21
ORD,2025-07-11,87,7
ORD,2025-07-11,88,13
ORD,2025-07-11,89,10
ORD,2025-07-11,90,6
ORD,2025-07-11,91,5
ORD,2025-07-11,92,4
ORD,2025-07-11,94,8
ORD,2025-07-11,95,2
ORD,2025-07-12,0,2
ORD,2025-07-12,1,3
ORD,2025-07-12,2,1
ORD,2025-07-12,3,2
ORD,2025-07-12,18,2
ORD,2025-07-12,19,3
ORD,2025-07-12,20,4
ORD,2025-07-12,21,7
ORD,2025-07-12,22,5
ORD,2025-07-12,23,7
ORD,2025-07-12,24,24
ORD,2025-07-12,25,17
ORD,2025-07-12,26,23
ORD,2025-07-12,27,24
ORD,2025-07-12,28,34
ORD,2025-07-12,29,33
ORD,2025-07-12,30,35
ORD,2025-07-12,31,28
ORD,2025-07-12,32,35
ORD,2025-07-12,33,30
ORD,2025-07-12,34,30
ORD,2025-07-12,35,35
ORD,2025-07-12,36,35
ORD,2025-07-12,37,31
ORD,2025-07-12,38,30
ORD,2025-07-12,39,34
ORD,2025-07-12,40,22
ORD,2025-07-12,41,16
ORD,2025-07-12,42,35
ORD,2025-07-12,43,35
ORD,2025-07-12,44,27
ORD,2025-07-12,45,19
ORD,2025-07-12,46,19
ORD,2025-07-12,47,35
ORD,2025-07-12,48,29
ORD,2025-07-12,49,21
ORD,2025-07-12,50,26
ORD,2025-07-12,51,35
ORD,2025-07-12,52,34
ORD,2025-07-12,53,32
ORD,2025-07-12,54,26
ORD,2025-07-12,55,26
ORD,2025-07-12,56,35
ORD,2025-07-12,57,28
ORD,2025-07-12,58,26
ORD,2025-07-12,59,35
ORD,2025-07-12,60,18
ORD,2025-07-12,61,16
ORD,2025-07-12,62,27
ORD,2025-07-12,63,33
ORD,2025-07-12,64,35
ORD,2025-07-12,65,24
ORD,2025-07-12,66,25
ORD,2025-07-12,67,35
ORD,2025-07-12,68,35
ORD,2025-07-12,69,25
ORD,2025-07-12,70,26
ORD,2025-07-12,71,35
ORD,2025-07-12,72,35
ORD,2025-07-12,73,36
ORD,2025-07-12,74,35
ORD,2025-07-12,75,35
ORD,2025-07-12,76,27
ORD,2025-07-12,77,29
ORD,2025-07-12,78,35
ORD,2025-07-12,79,35
ORD,2025-07-12,80,35
ORD,2025-07-12,81,35
ORD,2025-07-12,82,16
ORD,2025-07-12,83,15
ORD,2025-07-12,84,28
ORD,2025-07-12,85,33
ORD,2025-07-12,86,19
ORD,2025-07-12,87,8
ORD,2025-07-12,88,16
ORD,2025-07-12,89,10
ORD,2025-07-12,90,7
ORD,2025-07-12,91,3
ORD,2025-07-12,92,4
ORD,2025-07-12,93,2
ORD,2025-07-12,94,8
ORD,2025-07-12,95,5
ORD,2025-07-13,0,2
ORD,2025-07-13,1,2
ORD,2025-07-13,2,1
ORD,2025-07-13,3,1
ORD,2025-07-13,18,2
ORD,2025-07-13,19,3
ORD,2025-07-13,20,6
ORD,2025-07-13,21,6
ORD,2025-07-13,22,6
ORD,2025-07-13,23,8
ORD,2025-07-13,24,27
ORD,2025-07-13,25,16
ORD,2025-07-13,26,21
ORD,2025-07-13,27,23
ORD,2025-07-13,28,39
ORD,2025-07-13,29,39
ORD,2025-07-13,30,38
ORD,2025-07-13,31,37
ORD,2025-07-13,32,39
ORD,2025-07-13,33,28
ORD,2025-07-13,34,28
ORD,2025-07-13,35,39
ORD,2025-07-13,36,34
ORD,2025-07-13,37,34
ORD,2025-07-13,38,34
ORD,2025-07-13,39,39
ORD,2025-07-13,40,29
ORD,2025-07-13,41,14
ORD,2025-07-13,42,32
ORD,2025-07-13,43,39
ORD,2025-07-13,44,29
ORD,2025-07-13,45,17
ORD,2025-07-13,46,22
ORD,2025-07-13,47,34
ORD,2025-07-13,48,30
ORD,2025-07-13,49,19
ORD,2025-07-13,50,30
ORD,2025-07-13,51,39
ORD,2025-07-13,52,39
ORD,2025-07-13,53,39
ORD,2025-07-13,54,29
ORD,2025-07-13,55,29
ORD,2025-07-13,56,39
ORD,2025-07-13,57,33
ORD,2025-07-13,58,31
ORD,2025-07-13,59,37
ORD,2025-07-13,60,20
ORD,2025-07-13,61,18
ORD,2025-07-13,62,32
ORD,2025-07-13,63,32
ORD,2025-07-13,64,31
ORD,2025-07-13,65,24
ORD,2025-07-13,66,24
ORD,2025-07-13,67,39
ORD,2025-07-13,68,39
ORD,2025-07-13,69,24
ORD,2025-07-13,70,23
ORD,2025-07-13,71,39
ORD,2025-07-13,72,39
ORD,2025-07-13,73,40
ORD,2025-07-13,74,39
ORD,2025-07-13,75,39
ORD,2025-07-13,76,30
ORD,2025-07-13,77,32
ORD,2025-07-13,78,39
ORD,2025-07-13,79,39
ORD,2025-07-13,80,39
ORD,2025-07-13,81,39
ORD,2025-07-13,82,20
ORD,2025-07-13,83,19
ORD,2025-07-13,84,27
ORD,2025-07-13,85,33
ORD,2025-07-13,86,25
ORD,2025-07-13,87,9
ORD,2025-07-13,88,20
ORD,2025-07-13,89,11
ORD,2025-07-13,90,8
ORD,2025-07-13,91,5
ORD,2025-07-13,92,5
ORD,2025-07-13,93,1
ORD,2025-07-13,94,9
ORD,2025-07-13,95,6
ORD,2025-07-14,0,2
ORD,2025-07-14,1,3
ORD,2025-07-14,2,1
ORD,2025-07-14,3,3
ORD,2025-07-14,18,2
ORD,2025-07-14,19,3
ORD,2025-07-14,20,6
ORD,2025-07-14,21,7
ORD,2025-07-14,22,5
ORD,2025-07-14,23,7
ORD,2025-07-14,24,31
ORD,2025-07-14,25,14
ORD,2025-07-14,26,22
ORD,2025-07-14,27,24
ORD,2025-07-14,28,38
ORD,2025-07-14,29,38
ORD,2025-07-14,30,38
ORD,2025-07-14,31,34
ORD,2025-07-14,32,38
ORD,2025-07-14,33,33
ORD,2025-07-14,34,33
ORD,2025-07-14,35,38
ORD,2025-07-14,36,38
ORD,2025-07-14,37,33
ORD,2025-07-14,38,34
ORD,2025-07-14,39,38
ORD,2025-07-14,40,27
ORD,2025-07-14,41,20
ORD,2025-07-14,42,33
ORD,2025-07-14,43,38
ORD,2025-07-14,44,29
ORD,2025-07-14,45,20
ORD,2025-07-14,46,20
ORD,2025-07-14,47,38
ORD,2025-07-14,48,29
ORD,2025-07-14,49,28
ORD,2025-07-14,50,29
ORD,2025-07-14,51,38
ORD,2025-07-14,52,38
ORD,2025-07-14,53,37
ORD,2025-07-14,54,29
ORD,2025-07-14,55,30
ORD,2025-07-14,56,38
ORD,2025-07-14,57,36
ORD,2025-07-14,58,29
ORD,2025-07-14,59,38
ORD,2025-07-14,60,18
ORD,2025-07-14,61,18
ORD,2025-07-14,62,30
ORD,2025-07-14,63,34
ORD,2025-07-14,64,30
ORD,2025-07-14,65,25
ORD,2025-07-14,66,26
ORD,2025-07-14,67,38
ORD,2025-07-14,68,38
ORD,2025-07-14,69,25
ORD,2025-07-14,70,27
ORD,2025-07-14,71,38
ORD,2025-07-14,72,38
ORD,2025-07-14,73,39
ORD,2025-07-14,74,38
ORD,2025-07-14,75,38
ORD,2025-07-14,76,28
ORD,2025-07-14,77,28
ORD,2025-07-14,78,37
ORD,2025-07-14,79,38
ORD,2025-07-14,80,36
ORD,2025-07-14,81,38
ORD,2025-07-14,82,20
ORD,2025-07-14,83,19
ORD,2025-07-14,84,26
ORD,2025-07-14,85,34
ORD,2025-07-14,86,20
ORD,2025-07-14,87,7
ORD,2025-07-14,88,20
ORD,2025-07-14,89,11
ORD,2025-07-14,90,8
ORD,2025-07-14,91,6
ORD,2025-07-14,92,5
ORD,2025-07-14,94,9
ORD,2025-07-14,95,5
ORD,2025-07-15,0,2
ORD,2025-07-15,1,3
ORD,2025-07-15,2,1
ORD,2025-07-15,3,4
ORD,2025-07-15,18,2
ORD,2025-07-15,19,2
ORD,2025-07-15,20,5
ORD,2025-07-15,21,7
ORD,2025-07-15,22,5
ORD,2025-07-15,23,7
ORD,2025-07-15,24,26
ORD,2025-07-15,25,14
ORD,2025-07-15,26,19
ORD,2025-07-15,27,19
ORD,2025-07-15,28,38
ORD,2025-07-15,29,36
ORD,2025-07-15,30,34
ORD,2025-07-15,31,28
ORD,2025-07-15,32,38
ORD,2025-07-15,33,31
ORD,2025-07-15,34,31
ORD,2025-07-15,35,38
ORD,2025-07-15,36,34
ORD,2025-07-15,37,31
ORD,2025-07-15,38,34
ORD,2025-07-15,39,38
ORD,2025-07-15,40,27
ORD,2025-07-15,41,15
ORD,2025-07-15,42,31
ORD,2025-07-15,43,38
ORD,2025-07-15,44,29
ORD,2025-07-15,45,16
ORD,2025-07-15,46,22
ORD,2025-07-15,47,38
ORD,2025-07-15,48,31
ORD,2025-07-15,49,23
ORD,2025-07-15,50,29
ORD,2025-07-15,51,38
ORD,2025-07-15,52,38
ORD,2025-07-15,53,34
ORD,2025-07-15,54,29
ORD,2025-07-15,55,30
ORD,2025-07-15,56,38
ORD,2025-07-15,57,34
ORD,2025-07-15,58,31
ORD,2025-07-15,59,38
ORD,2025-07-15,60,17
ORD,2025-07-15,61,17
ORD,2025-07-15,62,28
ORD,2025-07-15,63,31
ORD,2025-07-15,64,32
ORD,2025-07-15,65,25
ORD,2025-07-15,66,26
ORD,2025-07-15,67,38
ORD,2025-07-15,68,38
ORD,2025-07-15,69,26
ORD,2025-07-15,70,27
ORD,2025-07-15,71,38
ORD,2025-07-15,72,38
ORD,2025-07-15,73,39
ORD,2025-07-15,74,38
ORD,2025-07-15,75,38
ORD,2025-07-15,76,27
ORD,2025-07-15,77,28
ORD,2025-07-15,78,38
ORD,2025-07-15,79,38
ORD,2025-07-15,80,35
ORD,2025-07-15,81,34
ORD,2025-07-15,82,18
ORD,2025-07-15,83,21
ORD,2025-07-15,84,27
ORD,2025-07-15,85,35
ORD,2025-07-15,86,20
ORD,2025-07-15,87,6
ORD,2025-07-15,88,19
ORD,2025-07-15,89,12
ORD,2025-07-15,90,9
ORD,2025-07-15,91,4
ORD,2025-07-15,92,7
ORD,2025-07-15,93,1
ORD,2025-07-15,94,9
ORD,2025-07-15,95,5
ORD,2025-07-16,0,2
ORD,2025-07-16,1,2
ORD,2025-07-16,2,1
ORD,2025-07-16,3,4
ORD,2025-07-16,18,2
ORD,2025-07-16,19,2
ORD,2025-07-16,20,6
ORD,2025-07-16,21,6
ORD,2025-07-16,22,3
ORD,2025-07-16,23,8
ORD,2025-07-16,24,26
ORD,2025-07-16,25,14
ORD,2025-07-16,26,21
ORD,2025-07-16,27,23
ORD,2025-07-16,28,35
ORD,2025-07-16,29,35
ORD,2025-07-16,30,35
ORD,2025-07-16,31,35
ORD,2025-07-16,32,35
ORD,2025-07-16,33,35
ORD,2025-07-16,34,35
ORD,2025-07-16,35,35
ORD,2025-07-16,36,35
ORD,2025-07-16,37,35
ORD,2025-07-16,38,34
ORD,2025-07-16,39,35
ORD,2025-07-16,40,28
ORD,2025-07-16,41,20
ORD,2025-07-16,42,32
ORD,2025-07-16,43,35
ORD,2025-07-16,44,30
ORD,2025-07-16,45,22
ORD,2025-07-16,46,23
ORD,2025-07-16,47,35
ORD,2025-07-16,48,29
ORD,2025-07-16,49,29
ORD,2025-07-16,50,31
ORD,2025-07-16,51,35
ORD,2025-07-16,52,35
ORD,2025-07-16,53,35
ORD,2025-07-16,54,31
ORD,2025-07-16,55,31
ORD,2025-07-16,56,35
ORD,2025-07-16,57,34
ORD,2025-07-16,58,31
ORD,2025-07-16,59,35
ORD,2025-07-16,60,16
ORD,2025-07-16,61,18
ORD,2025-07-16,62,27
ORD,2025-07-16,63,32
ORD,2025-07-16,64,29
ORD,2025-07-16,65,24
ORD,2025-07-16,66,24
ORD,2025-07-16,67,35
ORD,2025-07-16,68,35
ORD,2025-07-16,69,24
ORD,2025-07-16,70,23
ORD,2025-07-16,71,35
ORD,2025-07-16,72,35
ORD,2025-07-16,73,36
ORD,2025-07-16,74,35
ORD,2025-07-16,75,35
ORD,2025-07-16,76,19
ORD,2025-07-16,77,17
ORD,2025-07-16,78,33
ORD,2025-07-16,79,34
ORD,2025-07-16,80,32
ORD,2025-07-16,81,29
ORD,2025-07-16,82,14
ORD,2025-07-16,83,16
ORD,2025-07-16,84,19
ORD,2025-07-16,85,25
ORD,2025-07-16,86,18
ORD,2025-07-16,87,8
ORD,2025-07-16,88,12
ORD,2025-07-16,89,8
ORD,2025-07-16,90,9
ORD,2025-07-16,91,3
ORD,2025-07-16,92,5
ORD,2025-07-16,93,2
ORD,2025-07-16,94,7
ORD,2025-07-16,95,5
ORD,2025-07-17,0,2
ORD,2025-07-17,1,2
ORD,2025-07-17,2,1
ORD,2025-07-17,3,4
ORD,2025-07-17,18,3
ORD,2025-07-17,19,2
ORD,2025-07-17,20,6
ORD,2025-07-17,21,5
ORD,2025-07-17,22,5
ORD,2025-07-17,23,8
ORD,2025-07-17,24,28
ORD,2025-07-17,25,15
ORD,2025-07-17,26,21
ORD,2025-07-17,27,21
ORD,2025-07-17,28,41
ORD,2025-07-17,29,40
ORD,2025-07-17,30,37
ORD,2025-07-17,31,33
ORD,2025-07-17,32,41
ORD,2025-07-17,33,28
ORD,2025-07-17,34,29
ORD,2025-07-17,35,41
ORD,2025-07-17,36,38
ORD,2025-07-17,37,31
ORD,2025-07-17,38,33
ORD,2025-07-17,39,41
ORD,2025-07-17,40,27
ORD,2025-07-17,41,12
ORD,2025-07-17,42,33
ORD,2025-07-17,43,40
ORD,2025-07-17,44,31
ORD,2025-07-17,45,17
ORD,2025-07-17,46,23
ORD,2025-07-17,47,40
ORD,2025-07-17,48,30
ORD,2025-07-17,49,25
ORD,2025-07-17,50,30
ORD,2025-07-17,51,41
ORD,2025-07-17,52,41
ORD,2025-07-17,53,41
ORD,2025-07-17,54,29
ORD,2025-07-17,55,29
ORD,2025-07-17,56,41
ORD,2025-07-17,57,37
ORD,2025-07-17,58,29
ORD,2025-07-17,59,39
ORD,2025-07-17,60,19
ORD,2025-07-17,61,17
ORD,2025-07-17,62,32
ORD,2025-07-17,63,37
ORD,2025-07-17,64,33
ORD,2025-07-17,65,26
ORD,2025-07-17,66,26
ORD,2025-07-17,67,41
ORD,2025-07-17,68,41
ORD,2025-07-17,69,26
ORD,2025-07-17,70,28
ORD,2025-07-17,71,41
ORD,2025-07-17,72,41
ORD,2025-07-17,73,42
ORD,2025-07-17,74,41
ORD,2025-07-17,75,41
ORD,2025-07-17,76,30
ORD,2025-07-17,77,31
ORD,2025-07-17,78,41
ORD,2025-07-17,79,41
ORD,2025-07-17,80,37
ORD,2025-07-17,81,41
ORD,2025-07-17,82,21
ORD,2025-07-17,83,22
ORD,2025-07-17,84,27
ORD,2025-07-17,85,38
ORD,2025-07-17,86,24
ORD,2025-07-17,87,8
ORD,2025-07-17,88,20
ORD,2025-07-17,89,13
ORD,2025-07-17,90,9
ORD,2025-07-17,91,5
ORD,2025-07-17,92,5
ORD,2025-07-17,93,1
ORD,2025-07-17,94,10
ORD,2025-07-17,95,6
ORD,2025-07-18,0,2
ORD,2025-07-18,1,4
ORD,2025-07-18,2,1
ORD,2025-07-18,3,4
ORD,2025-07-18,18,2
ORD,2025-07-18,19,3
ORD,2025-07-18,20,6
ORD,2025-07-18,21,7
ORD,2025-07-18,22,6
ORD,2025-07-18,23,8
ORD,2025-07-18,24,31
ORD,2025-07-18,25,15
ORD,2025-07-18,26,22
ORD,2025-07-18,27,24
ORD,2025-07-18,28,41
ORD,2025-07-18,29,41
ORD,2025-07-18,30,36
ORD,2025-07-18,31,34
ORD,2025-07-18,32,41
ORD,2025-07-18,33,32
ORD,2025-07-18,34,32
ORD,2025-07-18,35,41
ORD,2025-07-18,36,40
ORD,2025-07-18,37,31
ORD,2025-07-18,38,34
ORD,2025-07-18,39,41
ORD,2025-07-18,40,28
ORD,2025-07-18,41,15
ORD,2025-07-18,42,33
ORD,2025-07-18,43,41
ORD,2025-07-18,44,29
ORD,2025-07-18,45,17
ORD,2025-07-18,46,24
ORD,2025-07-18,47,40
ORD,2025-07-18,48,30
ORD,2025-07-18,49,24
ORD,2025-07-18,50,30
ORD,2025-07-18,51,41
ORD,2025-07-18,52,41
ORD,2025-07-18,53,41
ORD,2025-07-18,54,30
ORD,2025-07-18,55,30
ORD,2025-07-18,56,41
ORD,2025-07-18,57,38
ORD,2025-07-18,58,29
ORD,2025-07-18,59,40
ORD,2025-07-18,60,19
ORD,2025-07-18,61,16
ORD,2025-07-18,62,32
ORD,2025-07-18,63,37
ORD,2025-07-18,64,33
ORD,2025-07-18,65,26
ORD,2025-07-18,66,26
ORD,2025-07-18,67,41
ORD,2025-07-18,68,41
ORD,2025-07-18,69,27
ORD,2025-07-18,70,28
ORD,2025-07-18,71,41
ORD,2025-07-18,72,41
ORD,2025-07-18,73,42
ORD,2025-07-18,74,41
ORD,2025-07-18,75,41
ORD,2025-07-18,76,33
ORD,2025-07-18,77,34
ORD,2025-07-18,78,41
ORD,2025-07-18,79,41
ORD,2025-07-18,80,38
ORD,2025-07-18,81,41
ORD,2025-07-18,82,23
ORD,2025-07-18,83,23
ORD,2025-07-18,84,30
ORD,2025-07-18,85,36
ORD,2025-07-18,86,23
ORD,2025-07-18,87,9
ORD,2025-07-18,88,20
ORD,2025-07-18,89,13
ORD,2025-07-18,90,9
ORD,2025-07-18,91,6
ORD,2025-07-18,92,5
ORD,2025-07-18,94,10
ORD,2025-07-18,95,6
ORD,2025-07-19,0,2
ORD,2025-07-19,1,4
ORD,2025-07-19,2,1
ORD,2025-07-19,3,3
ORD,2025-07-19,18,2
ORD,2025-07-19,19,3
ORD,2025-07-19,20,6
ORD,2025-07-19,21,7
ORD,2025-07-19,22,5
ORD,2025-07-19,23,8
ORD,2025-07-19,24,25
ORD,2025-07-19,25,17
ORD,2025-07-19,26,25
ORD,2025-07-19,27,24
ORD,2025-07-19,28,36
ORD,2025-07-19,29,36
ORD,2025-07-19,30,36
ORD,2025-07-19,31,28
ORD,2025-07-19,32,37
ORD,2025-07-19,33,31
ORD,2025-07-19,34,31
ORD,2025-07-19,35,37
ORD,2025-07-19,36,37
ORD,2025-07-19,37,31
ORD,2025-07-19,38,33
ORD,2025-07-19,39,37
ORD,2025-07-19,40,24
ORD,2025-07-19,41,14
ORD,2025-07-19,42,35
ORD,2025-07-19,43,37
ORD,2025-07-19,44,28
ORD,2025-07-19,45,18
ORD,2025-07-19,46,18
ORD,2025-07-19,47,37
ORD,2025-07-19,48,29
ORD,2025-07-19,49,20
ORD,2025-07-19,50,24
ORD,2025-07-19,51,37
ORD,2025-07-19,52,34
ORD,2025-07-19,53,33
ORD,2025-07-19,54,24
ORD,2025-07-19,55,24
ORD,2025-07-19,56,37
ORD,2025-07-19,57,30
ORD,2025-07-19,58,24
ORD,2025-07-19,59,36
ORD,2025-07-19,60,17
ORD,2025-07-19,61,15
ORD,2025-07-19,62,27
ORD,2025-07-19,63,33
ORD,2025-07-19,64,36
ORD,2025-07-19,65,23
ORD,2025-07-19,66,25
ORD,2025-07-19,67,37
ORD,2025-07-19,68,37
ORD,2025-07-19,69,24
ORD,2025-07-19,70,24
ORD,2025-07-19,71,37
ORD,2025-07-19,72,37
ORD,2025-07-19,73,38
ORD,2025-07-19,74,37
ORD,2025-07-19,75,37
ORD,2025-07-19,76,28
ORD,2025-07-19,77,31
ORD,2025-07-19,78,37
ORD,2025-07-19,79,37
ORD,2025-07-19,80,35
ORD,2025-07-19,81,37
ORD,2025-07-19,82,19
ORD,2025-07-19,83,16
ORD,2025-07-19,84,31
ORD,2025-07-19,85,34
ORD,2025-07-19,86,20
ORD,2025-07-19,87,8
ORD,2025-07-19,88,17
ORD,2025-07-19,89,10
ORD,2025-07-19,90,7
ORD,2025-07-19,91,5
ORD,2025-07-19,92,4
ORD,2025-07-19,93,2
ORD,2025-07-19,94,8
ORD,2025-07-19,95,6
ORD,2025-07-20,0,2
ORD,2025-07-20,1,2
ORD,2025-07-20,2,1
ORD,2025-07-20,3,3
ORD,2025-07-20,18,2
ORD,2025-07-20,19,3
ORD,2025-07-20,20,6
ORD,2025-07-20,21,7
ORD,2025-07-20,22,5
ORD,2025-07-20,23,8
ORD,2025-07-20,24,28
ORD,2025-07-20,25,15
ORD,2025-07-20,26,23
ORD,2025-07-20,27,22
ORD,2025-07-20,28,40
ORD,2025-07-20,29,40
ORD,2025-07-20,30,38
ORD,2025-07-20,31,37
ORD,2025-07-20,32,40
ORD,2025-07-20,33,31
ORD,2025-07-20,34,31
ORD,2025-07-20,35,40
ORD,2025-07-20,36,36
ORD,2025-07-20,37,34
ORD,2025-07-20,38,34
ORD,2025-07-20,39,39
ORD,2025-07-20,40,29
ORD,2025-07-20,41,15
ORD,2025-07-20,42,32
ORD,2025-07-20,43,40
ORD,2025-07-20,44,30
ORD,2025-07-20,45,17
ORD,2025-07-20,46,23
ORD,2025-07-20,47,39
ORD,2025-07-20,48,31
ORD,2025-07-20,49,19
ORD,2025-07-20,50,30
ORD,2025-07-20,51,40
ORD,2025-07-20,52,40
ORD,2025-07-20,53,40
ORD,2025-07-20,54,30
ORD,2025-07-20,55,30
ORD,2025-07-20,56,40
ORD,2025-07-20,57,34
ORD,2025-07-20,58,31
ORD,2025-07-20,59,37
ORD,2025-07-20,60,21
ORD,2025-07-20,61,19
ORD,2025-07-20,62,32
ORD,2025-07-20,63,32
ORD,2025-07-20,64,33
ORD,2025-07-20,65,24
ORD,2025-07-20,66,24
ORD,2025-07-20,67,40
ORD,2025-07-20,68,40
ORD,2025-07-20,69,24
ORD,2025-07-20,70,26
ORD,2025-07-20,71,40
ORD,2025-07-20,72,40
ORD,2025-07-20,73,41
ORD,2025-07-20,74,40
ORD,2025-07-20,75,40
ORD,2025-07-20,76,34
ORD,2025-07-20,77,36
ORD,2025-07-20,78,40
ORD,2025-07-20,79,40
ORD,2025-07-20,80,40
ORD,2025-07-20,81,40
ORD,2025-07-20,82,21
ORD,2025-07-20,83,21
ORD,2025-07-20,84,28
ORD,2025-07-20,85,40
ORD,2025-07-20,86,25
ORD,2025-07-20,87,10
ORD,2025-07-20,88,20
ORD,2025-07-20,89,13
ORD,2025-07-20,90,9
ORD,2025-07-20,91,5
ORD,2025-07-20,92,5
ORD,2025-07-20,93,1
ORD,2025-07-20,94,10
ORD,2025-07-20,95,6
ORD,2025-07-21,0,2
ORD,2025-07-21,1,3
ORD,2025-07-21,2,1
ORD,2025-07-21,3,4
ORD,2025-07-21,18,2
ORD,2025-07-21,19,3
ORD,2025-07-21,20,6
ORD,2025-07-21,21,7
ORD,2025-07-21,22,6
ORD,2025-07-21,23,8
ORD,2025-07-21,24,31
ORD,2025-07-21,25,15
ORD,2025-07-21,26,22
ORD,2025-07-21,27,23
ORD,2025-07-21,28,41
ORD,2025-07-21,29,41
ORD,2025-07-21,30,39
ORD,2025-07-21,31,32
ORD,2025-07-21,32,41
ORD,2025-07-21,33,32
ORD,2025-07-21,34,32
ORD,2025-07-21,35,41
ORD,2025-07-21,36,39
ORD,2025-07-21,37,32
ORD,2025-07-21,38,34
ORD,2025-07-21,39,40
ORD,2025-07-21,40,28
ORD,2025-07-21,41,15
ORD,2025-07-21,42,33
ORD,2025-07-21,43,41
ORD,2025-07-21,44,30
ORD,2025-07-21,45,17
ORD,2025-07-21,46,23
ORD,2025-07-21,47,41
ORD,2025-07-21,48,30
ORD,2025-07-21,49,26
ORD,2025-07-21,50,30
ORD,2025-07-21,51,41
ORD,2025-07-21,52,41
ORD,2025-07-21,53,40
ORD,2025-07-21,54,30
ORD,2025-07-21,55,30
ORD,2025-07-21,56,41
ORD,2025-07-21,57,37
ORD,2025-07-21,58,29
ORD,2025-07-21,59,40
ORD,2025-07-21,60,19
ORD,2025-07-21,61,16
ORD,2025-07-21,62,32
ORD,2025-07-21,63,36
ORD,2025-07-21,64,33
ORD,2025-07-21,65,26
ORD,2025-07-21,66,27
ORD,2025-07-21,67,41
ORD,2025-07-21,68,41
ORD,2025-07-21,69,28
ORD,2025-07-21,70,29
ORD,2025-07-21,71,41
ORD,2025-07-21,72,41
ORD,2025-07-21,73,42
ORD,2025-07-21,74,41
ORD,2025-07-21,75,41
ORD,2025-07-21,76,30
ORD,2025-07-21,77,31
ORD,2025-07-21,78,41
ORD,2025-07-21,79,41
ORD,2025-07-21,80,40
ORD,2025-07-21,81,41
ORD,2025-07-21,82,23
ORD,2025-07-21,83,22
ORD,2025-07-21,84,29
ORD,2025-07-21,85,38
ORD,2025-07-21,86,21
ORD,2025-07-21,87,8
ORD,2025-07-21,88,20
ORD,2025-07-21,89,12
ORD,2025-07-21,90,9
ORD,2025-07-21,91,7
ORD,2025-07-21,92,5
ORD,2025-07-21,93,1
ORD,2025-07-21,94,10
ORD,2025-07-21,95,6
ORD,2025-07-22,0,2
ORD,2025-07-22,1,4
ORD,2025-07-22,2,1
ORD,2025-07-22,3,4
ORD,2025-07-22,18,2
ORD,2025-07-22,19,2
ORD,2025-07-22,20,6
ORD,2025-07-22,21,7
ORD,2025-07-22,22,5
ORD,2025-07-22,23,8
ORD,2025-07-22,24,27
ORD,2025-07-22,25,13
ORD,2025-07-22,26,19
ORD,2025-07-22,27,20
ORD,2025-07-22,28,39
ORD,2025-07-22,29,37
ORD,2025-07-22,30,35
ORD,2025-07-22,31,27
ORD,2025-07-22,32,39
ORD,2025-07-22,33,32
ORD,2025-07-22,34,32
ORD,2025-07-22,35,39
ORD,2025-07-22,36,35
ORD,2025-07-22,37,31
ORD,2025-07-22,38,35
ORD,2025-07-22,39,39
ORD,2025-07-22,40,28
ORD,2025-07-22,41,15
ORD,2025-07-22,42,31
ORD,2025-07-22,43,39
ORD,2025-07-22,44,30
ORD,2025-07-22,45,15
ORD,2025-07-22,46,22
ORD,2025-07-22,47,39
ORD,2025-07-22,48,31
ORD,2025-07-22,49,23
ORD,2025-07-22,50,29
ORD,2025-07-22,51,39
ORD,2025-07-22,52,39
ORD,2025-07-22,53,34
ORD,2025-07-22,54,29
ORD,2025-07-22,55,29
ORD,2025-07-22,56,39
ORD,2025-07-22,57,36
ORD,2025-07-22,58,32
ORD,2025-07-22,59,37
ORD,2025-07-22,60,17
ORD,2025-07-22,61,17
ORD,2025-07-22,62,28
ORD,2025-07-22,63,31
ORD,2025-07-22,64,33
ORD,2025-07-22,65,25
ORD,2025-07-22,66,25
ORD,2025-07-22,67,39
ORD,2025-07-22,68,39
ORD,2025-07-22,69,25
ORD,2025-07-22,70,25
ORD,2025-07-22,71,39
ORD,2025-07-22,72,39
ORD,2025-07-22,73,40
ORD,2025-07-22,74,39
ORD,2025-07-22,75,39
ORD,2025-07-22,76,26
ORD,2025-07-22,77,27
ORD,2025-07-22,78,39
ORD,2025-07-22,79,39
ORD,2025-07-22,80,34
ORD,2025-07-22,81,35
ORD,2025-07-22,82,18
ORD,2025-07-22,83,21
ORD,2025-07-22,84,27
ORD,2025-07-22,85,35
ORD,2025-07-22,86,19
ORD,2025-07-22,87,6
ORD,2025-07-22,88,19
ORD,2025-07-22,89,12
ORD,2025-07-22,90,9
ORD,2025-07-22,91,5
ORD,2025-07-22,92,8
ORD,2025-07-22,93,1
ORD,2025-07-22,94,8
ORD,2025-07-22,95,5
ORD,2025-07-23,0,2
ORD,2025-07-23,1,2
ORD,2025-07-23,2,1
ORD,2025-07-23,3,4
ORD,2025-07-23,18,2
ORD,2025-07-23,19,2
ORD,2025-07-23,20,6
ORD,2025-07-23,21,5
ORD,2025-07-23,22,5
ORD,2025-07-23,23,8
ORD,2025-07-23,24,26
ORD,2025-07-23,25,14
ORD,2025-07-23,26,19
ORD,2025-07-23,27,19
ORD,2025-07-23,28,40
ORD,2025-07-23,29,36
ORD,2025-07-23,30,36
ORD,2025-07-23,31,33
ORD,2025-07-23,32,40
ORD,2025-07-23,33,32
ORD,2025-07-23,34,33
ORD,2025-07-23,35,40
ORD,2025-07-23,36,38
ORD,2025-07-23,37,32
ORD,2025-07-23,38,32
ORD,2025-07-23,39,39
ORD,2025-07-23,40,28
ORD,2025-07-23,41,15
ORD,2025-07-23,42,33
ORD,2025-07-23,43,39
ORD,2025-07-23,44,30
ORD,2025-07-23,45,13
ORD,2025-07-23,46,23
ORD,2025-07-23,47,40
ORD,2025-07-23,48,29
ORD,2025-07-23,49,24
ORD,2025-07-23,50,29
ORD,2025-07-23,51,40
ORD,2025-07-23,52,40
ORD,2025-07-23,53,35
ORD,2025-07-23,54,30
ORD,2025-07-23,55,30
ORD,2025-07-23,56,40
ORD,2025-07-23,57,35
ORD,2025-07-23,58,29
ORD,2025-07-23,59,38
ORD,2025-07-23,60,18
ORD,2025-07-23,61,18
ORD,2025-07-23,62,29
ORD,2025-07-23,63,32
ORD,2025-07-23,64,33
ORD,2025-07-23,65,25
ORD,2025-07-23,66,26
ORD,2025-07-23,67,40
ORD,2025-07-23,68,40
ORD,2025-07-23,69,26
ORD,2025-07-23,70,26
ORD,2025-07-23,71,40
ORD,2025-07-23,72,40
ORD,2025-07-23,73,41
ORD,2025-07-23,74,40
ORD,2025-07-23,75,40
ORD,2025-07-23,76,26
ORD,2025-07-23,77,28
ORD,2025-07-23,78,40
ORD,2025-07-23,79,40
ORD,2025-07-23,80,35
ORD,2025-07-23,81,40
ORD,2025-07-23,82,18
ORD,2025-07-23,83,21
ORD,2025-07-23,84,26
ORD,2025-07-23,85,35
ORD,2025-07-23,86,21
ORD,2025-07-23,87,8
ORD,2025-07-23,88,19
ORD,2025-07-23,89,11
ORD,2025-07-23,90,11
ORD,2025-07-23,91,5
ORD,2025-07-23,92,6
ORD,2025-07-23,93,1
ORD,2025-07-23,94,8
ORD,2025-07-23,95,5
ORD,2025-07-24,0,2
ORD,2025-07-24,1,2
ORD,2025-07-24,2,1
ORD,2025-07-24,3,4
ORD,2025-07-24,7,1
ORD,2025-07-24,18,2
ORD,2025-07-24,19,3
ORD,2025-07-24,20,7
ORD,2025-07-24,21,6
ORD,2025-07-24,22,5
ORD,2025-07-24,23,8
ORD,2025-07-24,24,30
ORD,2025-07-24,25,15
ORD,2025-07-24,26,23
ORD,2025-07-24,27,25
ORD,2025-07-24,28,40
ORD,2025-07-24,29,40
ORD,2025-07-24,30,37
ORD,2025-07-24,31,34
ORD,2025-07-24,32,40
ORD,2025-07-24,33,33
ORD,2025-07-24,34,33
ORD,2025-07-24,35,40
ORD,2025-07-24,36,39
ORD,2025-07-24,37,33
ORD,2025-07-24,38,34
ORD,2025-07-24,39,40
ORD,2025-07-24,40,29
ORD,2025-07-24,41,17
ORD,2025-07-24,42,33
ORD,2025-07-24,43,40
ORD,2025-07-24,44,31
ORD,2025-07-24,45,17
ORD,2025-07-24,46,23
ORD,2025-07-24,47,40
ORD,2025-07-24,48,30
ORD,2025-07-24,49,26
ORD,2025-07-24,50,30
ORD,2025-07-24,51,40
ORD,2025-07-24,52,40
ORD,2025-07-24,53,40
ORD,2025-07-24,54,31
ORD,2025-07-24,55,30
ORD,2025-07-24,56,40
ORD,2025-07-24,57,37
ORD,2025-07-24,58,30
ORD,2025-07-24,59,40
ORD,2025-07-24,60,18
ORD,2025-07-24,61,18
ORD,2025-07-24,62,32
ORD,2025-07-24,63,36
ORD,2025-07-24,64,32
ORD,2025-07-24,65,23
ORD,2025-07-24,66,23
ORD,2025-07-24,67,40
ORD,2025-07-24,68,40
ORD,2025-07-24,69,23
ORD,2025-07-24,70,22
ORD,2025-07-24,71,40
ORD,2025-07-24,72,40
ORD,2025-07-24,73,41
ORD,2025-07-24,74,40
ORD,2025-07-24,75,40
ORD,2025-07-24,76,28
ORD,2025-07-24,77,26
ORD,2025-07-24,78,37
ORD,2025-07-24,79,38
ORD,2025-07-24,80,34
ORD,2025-07-24,81,40
ORD,2025-07-24,82,21
ORD,2025-07-24,83,21
ORD,2025-07-24,84,25
ORD,2025-07-24,85,35
ORD,2025-07-24,86,21
ORD,2025-07-24,87,8
ORD,2025-07-24,88,20
ORD,2025-07-24,89,12
ORD,2025-07-24,90,9
ORD,2025-07-24,91,6
ORD,2025-07-24,92,5
ORD,2025-07-24,93,1
ORD,2025-07-24,94,10
ORD,2025-07-24,95,6
ORD,2025-07-25,0,2
ORD,2025-07-25,1,4
ORD,2025-07-25,2,1
ORD,2025-07-25,3,4
ORD,2025-07-25,18,2
ORD,2025-07-25,19,3
ORD,2025-07-25,20,6
ORD,2025-07-25,21,8
ORD,2025-07-25,22,6
ORD,2025-07-25,23,8
ORD,2025-07-25,24,31
ORD,2025-07-25,25,15
ORD,2025-07-25,26,23
ORD,2025-07-25,27,25
ORD,2025-07-25,28,39
ORD,2025-07-25,29,39
ORD,2025-07-25,30,37
ORD,2025-07-25,31,34
ORD,2025-07-25,32,39
ORD,2025-07-25,33,33
ORD,2025-07-25,34,33
ORD,2025-07-25,35,39
ORD,2025-07-25,36,39
ORD,2025-07-25,37,34
ORD,2025-07-25,38,34
ORD,2025-07-25,39,39
ORD,2025-07-25,40,28
ORD,2025-07-25,41,19
ORD,2025-07-25,42,33
ORD,2025-07-25,43,39
ORD,2025-07-25,44,29
ORD,2025-07-25,45,19
ORD,2025-07-25,46,23
ORD,2025-07-25,47,39
ORD,2025-07-25,48,30
ORD,2025-07-25,49,26
ORD,2025-07-25,50,31
ORD,2025-07-25,51,39
ORD,2025-07-25,52,39
ORD,2025-07-25,53,39
ORD,2025-07-25,54,31
ORD,2025-07-25,55,30
ORD,2025-07-25,56,39
ORD,2025-07-25,57,38
ORD,2025-07-25,58,30
ORD,2025-07-25,59,38
ORD,2025-07-25,60,19
ORD,2025-07-25,61,15
ORD,2025-07-25,62,32
ORD,2025-07-25,63,37
ORD,2025-07-25,64,32
ORD,2025-07-25,65,26
ORD,2025-07-25,66,28
ORD,2025-07-25,67,39
ORD,2025-07-25,68,39
ORD,2025-07-25,69,26
ORD,2025-07-25,70,28
ORD,2025-07-25,71,39
ORD,2025-07-25,72,39
ORD,2025-07-25,73,40
ORD,2025-07-25,74,39
ORD,2025-07-25,75,39
ORD,2025-07-25,76,34
ORD,2025-07-25,77,36
ORD,2025-07-25,78,39
ORD,2025-07-25,79,39
ORD,2025-07-25,80,36
ORD,2025-07-25,81,39
ORD,2025-07-25,82,23
ORD,2025-07-25,83,23
ORD,2025-07-25,84,29
ORD,2025-07-25,85,34
ORD,2025-07-25,86,21
ORD,2025-07-25,87,9
ORD,2025-07-25,88,18
ORD,2025-07-25,89,12
ORD,2025-07-25,90,9
ORD,2025-07-25,91,7
ORD,2025-07-25,92,5
ORD,2025-07-25,93,1
ORD,2025-07-25,94,10
ORD,2025-07-25,95,6
ORD,2025-07-26,0,2
ORD,2025-07-26,1,4
ORD,2025-07-26,2,1
ORD,2025-07-26,3,3
ORD,2025-07-26,18,2
ORD,2025-07-26,19,3
ORD,2025-07-26,20,6
ORD,2025-07-26,21,7
ORD,2025-07-26,22,6
ORD,2025-07-26,23,8
ORD,2025-07-26,24,25
ORD,2025-07-26,25,16
ORD,2025-07-26,26,23
ORD,2025-07-26,27,23
ORD,2025-07-26,28,36
ORD,2025-07-26,29,36
ORD,2025-07-26,30,36
ORD,2025-07-26,31,27
ORD,2025-07-26,32,37
ORD,2025-07-26,33,30
ORD,2025-07-26,34,31
ORD,2025-07-26,35,37
ORD,2025-07-26,36,36
ORD,2025-07-26,37,31
ORD,2025-07-26,38,32
ORD,2025-07-26,39,37
ORD,2025-07-26,40,24
ORD,2025-07-26,41,13
ORD,2025-07-26,42,37
ORD,2025-07-26,43,37
ORD,2025-07-26,44,28
ORD,2025-07-26,45,18
ORD,2025-07-26,46,19
ORD,2025-07-26,47,37
ORD,2025-07-26,48,29
ORD,2025-07-26,49,21
ORD,2025-07-26,50,27
ORD,2025-07-26,51,37
ORD,2025-07-26,52,35
ORD,2025-07-26,53,33
ORD,2025-07-26,54,26
ORD,2025-07-26,55,26
ORD,2025-07-26,56,37
ORD,2025-07-26,57,31
ORD,2025-07-26,58,25
ORD,2025-07-26,59,36
ORD,2025-07-26,60,18
ORD,2025-07-26,61,15
ORD,2025-07-26,62,27
ORD,2025-07-26,63,33
ORD,2025-07-26,64,36
ORD,2025-07-26,65,23
ORD,2025-07-26,66,25
ORD,2025-07-26,67,37
ORD,2025-07-26,68,37
ORD,2025-07-26,69,24
ORD,2025-07-26,70,25
ORD,2025-07-26,71,37
ORD,2025-07-26,72,37
ORD,2025-07-26,73,38
ORD,2025-07-26,74,37
ORD,2025-07-26,75,37
ORD,2025-07-26,76,28
ORD,2025-07-26,77,32
ORD,2025-07-26,78,37
ORD,2025-07-26,79,37
ORD,2025-07-26,80,33
ORD,2025-07-26,81,37
ORD,2025-07-26,82,19
ORD,2025-07-26,83,19
ORD,2025-07-26,84,31
ORD,2025-07-26,85,34
ORD,2025-07-26,86,19
ORD,2025-07-26,87,8
ORD,2025-07-26,88,18
ORD,2025-07-26,89,10
ORD,2025-07-26,90,7
ORD,2025-07-26,91,6
ORD,2025-07-26,92,4
ORD,2025-07-26,93,3
ORD,2025-07-26,94,8
ORD,2025-07-26,95,6
ORD,2025-07-27,0,2
ORD,2025-07-27,1,2
ORD,2025-07-27,2,1
ORD,2025-07-27,3,3
ORD,2025-07-27,18,3
ORD,2025-07-27,19,3
ORD,2025-07-27,20,6
ORD,2025-07-27,21,6
ORD,2025-07-27,22,6
ORD,2025-07-27,23,8
ORD,2025-07-27,24,27
ORD,2025-07-27,25,16
ORD,2025-07-27,26,24
ORD,2025-07-27,27,25
ORD,2025-07-27,28,38
ORD,2025-07-27,29,38
ORD,2025-07-27,30,38
ORD,2025-07-27,31,36
ORD,2025-07-27,32,38
ORD,2025-07-27,33,33
ORD,2025-07-27,34,33
ORD,2025-07-27,35,38
ORD,2025-07-27,36,35
ORD,2025-07-27,37,34
ORD,2025-07-27,38,34
ORD,2025-07-27,39,38
ORD,2025-07-27,40,29
ORD,2025-07-27,41,18
ORD,2025-07-27,42,32
ORD,2025-07-27,43,38
ORD,2025-07-27,44,30
ORD,2025-07-27,45,17
ORD,2025-07-27,46,23
ORD,2025-07-27,47,38
ORD,2025-07-27,48,30
ORD,2025-07-27,49,21
ORD,2025-07-27,50,31
ORD,2025-07-27,51,38
ORD,2025-07-27,52,38
ORD,2025-07-27,53,38
ORD,2025-07-27,54,31
ORD,2025-07-27,55,32
ORD,2025-07-27,56,38
ORD,2025-07-27,57,34
ORD,2025-07-27,58,31
ORD,2025-07-27,59,37
ORD,2025-07-27,60,20
ORD,2025-07-27,61,18
ORD,2025-07-27,62,32
ORD,2025-07-27,63,31
ORD,2025-07-27,64,32
ORD,2025-07-27,65,24
ORD,2025-07-27,66,25
ORD,2025-07-27,67,38
ORD,2025-07-27,68,38
ORD,2025-07-27,69,25
ORD,2025-07-27,70,25
ORD,2025-07-27,71,38
ORD,2025-07-27,72,38
ORD,2025-07-27,73,39
ORD,2025-07-27,74,38
ORD,2025-07-27,75,38
ORD,2025-07-27,76,34
ORD,2025-07-27,77,36
ORD,2025-07-27,78,38
ORD,2025-07-27,79,38
ORD,2025-07-27,80,38
ORD,2025-07-27,81,38
ORD,2025-07-27,82,20
ORD,2025-07-27,83,20
ORD,2025-07-27,84,28
ORD,2025-07-27,85,36
ORD,2025-07-27,86,22
ORD,2025-07-27,87,9
ORD,2025-07-27,88,17
ORD,2025-07-27,89,12
ORD,2025-07-27,90,9
ORD,2025-07-27,91,6
ORD,2025-07-27,92,5
ORD,2025-07-27,94,10
ORD,2025-07-27,95,6
ORD,2025-07-28,0,2
ORD,2025-07-28,1,3
ORD,2025-07-28,2,1
ORD,2025-07-28,3,3
ORD,2025-07-28,18,2
ORD,2025-07-28,19,3
ORD,2025-07-28,20,6
ORD,2025-07-28,21,8
ORD,2025-07-28,22,5
ORD,2025-07-28,23,8
ORD,2025-07-28,24,30
ORD,2025-07-28,25,13
ORD,2025-07-28,26,21
ORD,2025-07-28,27,21
ORD,2025-07-28,28,41
ORD,2025-07-28,29,41
ORD,2025-07-28,30,39
ORD,2025-07-28,31,32
ORD,2025-07-28,32,41
ORD,2025-07-28,33,30
ORD,2025-07-28,34,31
ORD,2025-07-28,35,41
ORD,2025-07-28,36,38
ORD,2025-07-28,37,32
ORD,2025-07-28,38,34
ORD,2025-07-28,39,41
ORD,2025-07-28,40,25
ORD,2025-07-28,41,12
ORD,2025-07-28,42,33
ORD,2025-07-28,43,41
ORD,2025-07-28,44,30
ORD,2025-07-28,45,17
ORD,2025-07-28,46,22
ORD,2025-07-28,47,40
ORD,2025-07-28,48,30
ORD,2025-07-28,49,25
ORD,2025-07-28,50,29
ORD,2025-07-28,51,41
ORD,2025-07-28,52,41
ORD,2025-07-28,53,37
ORD,2025-07-28,54,30
ORD,2025-07-28,55,30
ORD,2025-07-28,56,41
ORD,2025-07-28,57,38
ORD,2025-07-28,58,30
ORD,2025-07-28,59,39
ORD,2025-07-28,60,19
ORD,2025-07-28,61,16
ORD,2025-07-28,62,32
ORD,2025-07-28,63,36
ORD,2025-07-28,64,34
ORD,2025-07-28,65,26
ORD,2025-07-28,66,27
ORD,2025-07-28,67,41
ORD,2025-07-28,68,41
ORD,2025-07-28,69,28
ORD,2025-07-28,70,28
ORD,2025-07-28,71,41
ORD,2025-07-28,72,41
ORD,2025-07-28,73,42
ORD,2025-07-28,74,41
ORD,2025-07-28,75,41
ORD,2025-07-28,76,28
ORD,2025-07-28,77,30
ORD,2025-07-28,78,41
ORD,2025-07-28,79,41
ORD,2025-07-28,80,39
ORD,2025-07-28,81,41
ORD,2025-07-28,82,22
ORD,2025-07-28,83,21
ORD,2025-07-28,84,29
ORD,2025-07-28,85,39
ORD,2025-07-28,86,20
ORD,2025-07-28,87,7
ORD,2025-07-28,88,19
ORD,2025-07-28,89,12
ORD,2025-07-28,90,9
ORD,2025-07-28,91,7
ORD,2025-07-28,92,5
ORD,2025-07-28,93,1
ORD,2025-07-28,94,10
ORD,2025-07-28,95,6
ORD,2025-07-29,0,2
ORD,2025-07-29,1,4
ORD,2025-07-29,2,1
ORD,2025-07-29,3,4
ORD,2025-07-29,18,2
ORD,2025-07-29,19,2
ORD,2025-07-29,20,6
ORD,2025-07-29,21,6
ORD,2025-07-29,22,6
ORD,2025-07-29,23,8
ORD,2025-07-29,24,27
ORD,2025-07-29,25,14
ORD,2025-07-29,26,19
ORD,2025-07-29,27,20
ORD,2025-07-29,28,39
ORD,2025-07-29,29,36
ORD,2025-07-29,30,35
ORD,2025-07-29,31,27
ORD,2025-07-29,32,39
ORD,2025-07-29,33,31
ORD,2025-07-29,34,31
ORD,2025-07-29,35,39
ORD,2025-07-29,36,36
ORD,2025-07-29,37,31
ORD,2025-07-29,38,35
ORD,2025-07-29,39,39
ORD,2025-07-29,40,28
ORD,2025-07-29,41,16
ORD,2025-07-29,42,31
ORD,2025-07-29,43,38
ORD,2025-07-29,44,30
ORD,2025-07-29,45,15
ORD,2025-07-29,46,22
ORD,2025-07-29,47,38
ORD,2025-07-29,48,31
ORD,2025-07-29,49,21
ORD,2025-07-29,50,29
ORD,2025-07-29,51,39
ORD,2025-07-29,52,39
ORD,2025-07-29,53,34
ORD,2025-07-29,54,29
ORD,2025-07-29,55,29
ORD,2025-07-29,56,39
ORD,2025-07-29,57,36
ORD,2025-07-29,58,30
ORD,2025-07-29,59,38
ORD,2025-07-29,60,17
ORD,2025-07-29,61,16
ORD,2025-07-29,62,28
ORD,2025-07-29,63,31
ORD,2025-07-29,64,33
ORD,2025-07-29,65,25
ORD,2025-07-29,66,25
ORD,2025-07-29,67,39
ORD,2025-07-29,68,39
ORD,2025-07-29,69,25
ORD,2025-07-29,70,25
ORD,2025-07-29,71,39
ORD,2025-07-29,72,39
ORD,2025-07-29,73,40
ORD,2025-07-29,74,39
ORD,2025-07-29,75,39
ORD,2025-07-29,76,26
ORD,2025-07-29,77,27
ORD,2025-07-29,78,39
ORD,2025-07-29,79,39
ORD,2025-07-29,80,34
ORD,2025-07-29,81,35
ORD,2025-07-29,82,18
ORD,2025-07-29,83,21
ORD,2025-07-29,84,27
ORD,2025-07-29,85,35
ORD,2025-07-29,86,19
ORD,2025-07-29,87,6
ORD,2025-07-29,88,19
ORD,2025-07-29,89,12
ORD,2025-07-29,90,9
ORD,2025-07-29,91,5
ORD,2025-07-29,92,7
ORD,2025-07-29,93,1
ORD,2025-07-29,94,9
ORD,2025-07-29,95,5
ORD,2025-07-30,0,2
ORD,2025-07-30,1,2
ORD,2025-07-30,2,1
ORD,2025-07-30,3,4
ORD,2025-07-30,18,2
ORD,2025-07-30,19,2
ORD,2025-07-30,20,6
ORD,2025-07-30,21,6
ORD,2025-07-30,22,4
ORD,2025-07-30,23,8
ORD,2025-07-30,24,26
ORD,2025-07-30,25,14
ORD,2025-07-30,26,19
ORD,2025-07-30,27,20
ORD,2025-07-30,28,39
ORD,2025-07-30,29,36
ORD,2025-07-30,30,36
ORD,2025-07-30,31,34
ORD,2025-07-30,32,39
ORD,2025-07-30,33,33
ORD,2025-07-30,34,33
ORD,2025-07-30,35,39
ORD,2025-07-30,36,38
ORD,2025-07-30,37,33
ORD,2025-07-30,38,32
ORD,2025-07-30,39,39
ORD,2025-07-30,40,28
ORD,2025-07-30,41,14
ORD,2025-07-30,42,34
ORD,2025-07-30,43,39
ORD,2025-07-30,44,30
ORD,2025-07-30,45,15
ORD,2025-07-30,46,23
ORD,2025-07-30,47,39
ORD,2025-07-30,48,28
ORD,2025-07-30,49,24
ORD,2025-07-30,50,30
ORD,2025-07-30,51,39
ORD,2025-07-30,52,39
ORD,2025-07-30,53,34
ORD,2025-07-30,54,30
ORD,2025-07-30,55,30
ORD,2025-07-30,56,39
ORD,2025-07-30,57,34
ORD,2025-07-30,58,29
ORD,2025-07-30,59,37
ORD,2025-07-30,60,16
ORD,2025-07-30,61,18
ORD,2025-07-30,62,27
ORD,2025-07-30,63,31
ORD,2025-07-30,64,32
ORD,2025-07-30,65,25
ORD,2025-07-30,66,26
ORD,2025-07-30,67,39
ORD,2025-07-30,68,39
ORD,2025-07-30,69,26
ORD,2025-07-30,70,28
ORD,2025-07-30,71,39
ORD,2025-07-30,72,39
ORD,2025-07-30,73,40
ORD,2025-07-30,74,39
ORD,2025-07-30,75,39
ORD,2025-07-30,76,27
ORD,2025-07-30,77,29
ORD,2025-07-30,78,39
ORD,2025-07-30,79,39
ORD,2025-07-30,80,35
ORD,2025-07-30,81,39
ORD,2025-07-30,82,19
ORD,2025-07-30,83,21
ORD,2025-07-30,84,25
ORD,2025-07-30,85,36
ORD,2025-07-30,86,19
ORD,2025-07-30,87,8
ORD,2025-07-30,88,19
ORD,2025-07-30,89,11
ORD,2025-07-30,90,11
ORD,2025-07-30,91,5
ORD,2025-07-30,92,6
ORD,2025-07-30,93,1
ORD,2025-07-30,94,8
ORD,2025-07-30,95,5
ORD,2025-07-31,0,2
ORD,2025-07-31,1,2
ORD,2025-07-31,2,1
ORD,2025-07-31,3,3
ORD,2025-07-31,4,1
ORD,2025-07-31,18,2
ORD,2025-07-31,19,3
ORD,2025-07-31,20,6
ORD,2025-07-31,21,5
ORD,2025-07-31,22,6
ORD,2025-07-31,23,8
ORD,2025-07-31,24,30
ORD,2025-07-31,25,15
ORD,2025-07-31,26,24
ORD,2025-07-31,27,26
ORD,2025-07-31,28,39
ORD,2025-07-31,29,39
ORD,2025-07-31,30,37
ORD,2025-07-31,31,34
ORD,2025-07-31,32,39
ORD,2025-07-31,33,33
ORD,2025-07-31,34,34
ORD,2025-07-31,35,39
ORD,2025-07-31,36,39
ORD,2025-07-31,37,33
ORD,2025-07-31,38,34
ORD,2025-07-31,39,39
ORD,2025-07-31,40,29
ORD,2025-07-31,41,18
ORD,2025-07-31,42,29
ORD,2025-07-31,43,39
ORD,2025-07-31,44,30
ORD,2025-07-31,45,19
ORD,2025-07-31,46,21
ORD,2025-07-31,47,39
ORD,2025-07-31,48,29
ORD,2025-07-31,49,27
ORD,2025-07-31,50,30
ORD,2025-07-31,51,39
ORD,2025-07-31,52,39
ORD,2025-07-31,53,39
ORD,2025-07-31,54,29
ORD,2025-07-31,55,29
ORD,2025-07-31,56,39
ORD,2025-07-31,57,35
ORD,2025-07-31,58,28
ORD,2025-07-31,59,39
ORD,2025-07-31,60,18
ORD,2025-07-31,61,18
ORD,2025-07-31,62,30
ORD,2025-07-31,63,35
ORD,2025-07-31,64,31
ORD,2025-07-31,65,26
ORD,2025-07-31,66,26
ORD,2025-07-31,67,39
ORD,2025-07-31,68,39
ORD,2025-07-31,69,26
ORD,2025-07-31,70,27
ORD,2025-07-31,71,39
ORD,2025-07-31,72,39
ORD,2025-07-31,73,40
ORD,2025-07-31,74,39
ORD,2025-07-31,75,39
ORD,2025-07-31,76,31
ORD,2025-07-31,77,32
ORD,2025-07-31,78,39
ORD,2025-07-31,79,39
ORD,2025-07-31,80,37
ORD,2025-07-31,81,39
ORD,2025-07-31,82,20
ORD,2025-07-31,83,19
ORD,2025-07-31,84,26
ORD,2025-07-31,85,36
ORD,2025-07-31,86,21
ORD,2025-07-31,87,8
ORD,2025-07-31,88,17
ORD,2025-07-31,89,12
ORD,2025-07-31,90,9
ORD,2025-07-31,91,5
ORD,2025-07-31,92,5
ORD,2025-07-31,93,1
ORD,2025-07-31,94,9
ORD,2025-07-31,95,6
